topology,qi,match,tokens,diameter,avg_degree,structural_entropy,spectral_gap,task_centrality,n_agents
ba_3_m1_s1,0,0,4391,1.6,1.0,2.2464393446710154,0.5917517095361371,0.0,4
ba_3_m1_s1,1,1,1417,1.6,1.0,2.2464393446710154,0.5917517095361371,0.0,4
ba_3_m1_s1,2,0,26116,1.6,1.0,2.2464393446710154,0.5917517095361371,0.0,4
ba_3_m1_s1,3,0,58324,1.6,1.0,2.2464393446710154,0.5917517095361371,0.0,4
ba_3_m1_s1,4,0,65627,1.6,1.0,2.2464393446710154,0.5917517095361371,0.0,4
ba_3_m1_s1,5,1,80940,1.6,1.0,2.2464393446710154,0.5917517095361371,0.0,4
ba_3_m1_s1,6,0,197246,1.6,1.0,2.2464393446710154,0.5917517095361371,0.0,4
ba_3_m1_s1,7,0,71890,1.6,1.0,2.2464393446710154,0.5917517095361371,0.0,4
ba_3_m1_s1,8,0,50114,1.6,1.0,2.2464393446710154,0.5917517095361371,0.0,4
ba_3_m1_s1,9,0,31476,1.6,1.0,2.2464393446710154,0.5917517095361371,0.0,4
ba_3_m1_s1,10,0,17687,1.6,1.0,2.2464393446710154,0.5917517095361371,0.0,4
ba_3_m1_s1,11,1,25230,1.6,1.0,2.2464393446710154,0.5917517095361371,0.0,4
ba_3_m1_s1,12,0,4531,1.6,1.0,2.2464393446710154,0.5917517095361371,0.0,4
ba_3_m1_s1,13,1,23804,1.6,1.0,2.2464393446710154,0.5917517095361371,0.0,4
ba_3_m1_s1,14,0,37382,1.6,1.0,2.2464393446710154,0.5917517095361371,0.0,4
ba_3_m1_s1,15,0,1346,1.6,1.0,2.2464393446710154,0.5917517095361371,0.0,4
ba_3_m1_s1,16,0,6935,1.6,1.0,2.2464393446710154,0.5917517095361371,0.0,4
ba_3_m1_s1,17,0,11423,1.6,1.0,2.2464393446710154,0.5917517095361371,0.0,4
ba_3_m1_s1,18,0,9485,1.6,1.0,2.2464393446710154,0.5917517095361371,0.0,4
ba_3_m1_s1,19,0,70202,1.6,1.0,2.2464393446710154,0.5917517095361371,0.0,4
ba_3_m1_s1,20,0,4891,1.6,1.0,2.2464393446710154,0.5917517095361371,0.0,4
ba_3_m1_s1,21,0,6038,1.6,1.0,2.2464393446710154,0.5917517095361371,0.0,4
ba_3_m1_s1,22,0,55970,1.6,1.0,2.2464393446710154,0.5917517095361371,0.0,4
ba_3_m1_s1,23,1,3445,1.6,1.0,2.2464393446710154,0.5917517095361371,0.0,4
ba_3_m1_s1,24,0,114099,1.6,1.0,2.2464393446710154,0.5917517095361371,0.0,4
ba_3_m1_s1,25,0,11942,1.6,1.0,2.2464393446710154,0.5917517095361371,0.0,4
ba_3_m1_s1,26,1,30949,1.6,1.0,2.2464393446710154,0.5917517095361371,0.0,4
ba_3_m1_s1,27,0,14690,1.6,1.0,2.2464393446710154,0.5917517095361371,0.0,4
ba_3_m1_s1,28,1,22557,1.6,1.0,2.2464393446710154,0.5917517095361371,0.0,4
ba_3_m1_s1,29,0,5232,1.6,1.0,2.2464393446710154,0.5917517095361371,0.0,4
ba_3_m1_s1,30,0,12700,1.6,1.0,2.2464393446710154,0.5917517095361371,0.0,4
ba_3_m1_s1,31,0,18617,1.6,1.0,2.2464393446710154,0.5917517095361371,0.0,4
ba_3_m1_s1,32,0,7565,1.6,1.0,2.2464393446710154,0.5917517095361371,0.0,4
ba_3_m1_s1,33,0,35401,1.6,1.0,2.2464393446710154,0.5917517095361371,0.0,4
ba_3_m1_s1,34,0,1486,1.6,1.0,2.2464393446710154,0.5917517095361371,0.0,4
ba_3_m1_s1,35,0,3436,1.6,1.0,2.2464393446710154,0.5917517095361371,0.0,4
ba_3_m1_s1,36,0,12715,1.6,1.0,2.2464393446710154,0.5917517095361371,0.0,4
ba_3_m1_s1,37,0,5706,1.6,1.0,2.2464393446710154,0.5917517095361371,0.0,4
ba_3_m1_s1,38,0,31665,1.6,1.0,2.2464393446710154,0.5917517095361371,0.0,4
ba_3_m1_s1,39,0,5411,1.6,1.0,2.2464393446710154,0.5917517095361371,0.0,4
ba_3_m1_s1,40,0,107865,1.6,1.0,2.2464393446710154,0.5917517095361371,0.0,4
ba_3_m1_s1,41,0,7682,1.6,1.0,2.2464393446710154,0.5917517095361371,0.0,4
ba_3_m1_s1,42,1,17897,1.6,1.0,2.2464393446710154,0.5917517095361371,0.0,4
ba_3_m1_s1,43,0,5735,1.6,1.0,2.2464393446710154,0.5917517095361371,0.0,4
ba_3_m1_s1,44,0,207893,1.6,1.0,2.2464393446710154,0.5917517095361371,0.0,4
ba_3_m1_s1,45,0,55778,1.6,1.0,2.2464393446710154,0.5917517095361371,0.0,4
ba_3_m1_s1,46,0,12399,1.6,1.0,2.2464393446710154,0.5917517095361371,0.0,4
ba_3_m1_s1,47,0,13013,1.6,1.0,2.2464393446710154,0.5917517095361371,0.0,4
ba_3_m1_s1,48,0,4439,1.6,1.0,2.2464393446710154,0.5917517095361371,0.0,4
ba_3_m1_s1,49,1,7583,1.6,1.0,2.2464393446710154,0.5917517095361371,0.0,4
ba_3_m1_s1,50,0,40226,1.6,1.0,2.2464393446710154,0.5917517095361371,0.0,4
ba_3_m1_s1,51,0,37923,1.6,1.0,2.2464393446710154,0.5917517095361371,0.0,4
ba_3_m1_s1,52,1,83913,1.6,1.0,2.2464393446710154,0.5917517095361371,0.0,4
ba_3_m1_s1,53,0,1458,1.6,1.0,2.2464393446710154,0.5917517095361371,0.0,4
ba_3_m1_s1,54,0,3591,1.6,1.0,2.2464393446710154,0.5917517095361371,0.0,4
ba_3_m1_s1,55,0,2681,1.6,1.0,2.2464393446710154,0.5917517095361371,0.0,4
ba_3_m1_s1,56,0,13218,1.6,1.0,2.2464393446710154,0.5917517095361371,0.0,4
ba_3_m1_s1,57,0,14341,1.6,1.0,2.2464393446710154,0.5917517095361371,0.0,4
ba_3_m1_s1,58,0,40240,1.6,1.0,2.2464393446710154,0.5917517095361371,0.0,4
ba_3_m1_s1,59,1,7015,1.6,1.0,2.2464393446710154,0.5917517095361371,0.0,4
ba_3_m1_s1,60,1,19253,1.6,1.0,2.2464393446710154,0.5917517095361371,0.0,4
ba_3_m1_s1,61,0,21978,1.6,1.0,2.2464393446710154,0.5917517095361371,0.0,4
ba_3_m1_s1,62,0,10664,1.6,1.0,2.2464393446710154,0.5917517095361371,0.0,4
ba_3_m1_s1,63,0,16067,1.6,1.0,2.2464393446710154,0.5917517095361371,0.0,4
ba_3_m1_s1,64,0,7918,1.6,1.0,2.2464393446710154,0.5917517095361371,0.0,4
ba_3_m1_s1,65,0,1547,1.6,1.0,2.2464393446710154,0.5917517095361371,0.0,4
ba_3_m1_s1,66,0,11003,1.6,1.0,2.2464393446710154,0.5917517095361371,0.0,4
ba_3_m1_s1,67,0,9824,1.6,1.0,2.2464393446710154,0.5917517095361371,0.0,4
ba_3_m1_s1,68,0,6474,1.6,1.0,2.2464393446710154,0.5917517095361371,0.0,4
ba_3_m1_s1,69,0,2762,1.6,1.0,2.2464393446710154,0.5917517095361371,0.0,4
ba_3_m1_s1,70,0,3287,1.6,1.0,2.2464393446710154,0.5917517095361371,0.0,4
ba_3_m1_s1,71,1,29593,1.6,1.0,2.2464393446710154,0.5917517095361371,0.0,4
ba_3_m1_s1,72,0,2807,1.6,1.0,2.2464393446710154,0.5917517095361371,0.0,4
ba_3_m1_s1,73,0,5102,1.6,1.0,2.2464393446710154,0.5917517095361371,0.0,4
ba_3_m1_s1,74,0,4726,1.6,1.0,2.2464393446710154,0.5917517095361371,0.0,4
ba_3_m1_s1,75,1,3935,1.6,1.0,2.2464393446710154,0.5917517095361371,0.0,4
ba_3_m1_s1,76,0,61256,1.6,1.0,2.2464393446710154,0.5917517095361371,0.0,4
ba_3_m1_s1,77,0,8087,1.6,1.0,2.2464393446710154,0.5917517095361371,0.0,4
ba_3_m1_s1,78,0,38875,1.6,1.0,2.2464393446710154,0.5917517095361371,0.0,4
ba_3_m1_s1,79,0,46988,1.6,1.0,2.2464393446710154,0.5917517095361371,0.0,4
ba_3_m1_s1,80,0,6910,1.6,1.0,2.2464393446710154,0.5917517095361371,0.0,4
ba_3_m1_s1,81,1,3957,1.6,1.0,2.2464393446710154,0.5917517095361371,0.0,4
ba_3_m1_s1,82,1,122137,1.6,1.0,2.2464393446710154,0.5917517095361371,0.0,4
ba_3_m1_s1,83,0,4373,1.6,1.0,2.2464393446710154,0.5917517095361371,0.0,4
ba_3_m1_s1,84,0,33169,1.6,1.0,2.2464393446710154,0.5917517095361371,0.0,4
ba_3_m1_s1,85,0,7420,1.6,1.0,2.2464393446710154,0.5917517095361371,0.0,4
ba_3_m1_s1,86,0,29410,1.6,1.0,2.2464393446710154,0.5917517095361371,0.0,4
ba_3_m1_s1,87,0,7476,1.6,1.0,2.2464393446710154,0.5917517095361371,0.0,4
ba_3_m1_s1,88,0,6695,1.6,1.0,2.2464393446710154,0.5917517095361371,0.0,4
ba_3_m1_s1,89,1,33976,1.6,1.0,2.2464393446710154,0.5917517095361371,0.0,4
ba_3_m1_s1,90,0,3637,1.6,1.0,2.2464393446710154,0.5917517095361371,0.0,4
ba_3_m1_s1,91,0,21056,1.6,1.0,2.2464393446710154,0.5917517095361371,0.0,4
ba_3_m1_s1,92,0,46695,1.6,1.0,2.2464393446710154,0.5917517095361371,0.0,4
ba_3_m1_s1,93,1,44027,1.6,1.0,2.2464393446710154,0.5917517095361371,0.0,4
ba_3_m1_s1,94,0,9827,1.6,1.0,2.2464393446710154,0.5917517095361371,0.0,4
ba_3_m1_s1,95,0,3345,1.6,1.0,2.2464393446710154,0.5917517095361371,0.0,4
ba_3_m1_s1,96,0,11396,1.6,1.0,2.2464393446710154,0.5917517095361371,0.0,4
ba_3_m1_s1,97,0,2427,1.6,1.0,2.2464393446710154,0.5917517095361371,0.0,4
ba_3_m1_s1,98,0,6137,1.6,1.0,2.2464393446710154,0.5917517095361371,0.0,4
ba_3_m1_s1,99,0,186893,1.6,1.0,2.2464393446710154,0.5917517095361371,0.0,4
ba_3_m1_s5,0,0,25299,1.6666666666666667,0.75,1.9182958340544893,0.5000000000000002,0.0,3
ba_3_m1_s5,1,1,2475,1.6666666666666667,0.75,1.9182958340544893,0.5000000000000002,0.0,3
ba_3_m1_s5,2,0,8366,1.6666666666666667,0.75,1.9182958340544893,0.5000000000000002,0.0,3
ba_3_m1_s5,3,0,59415,1.6666666666666667,0.75,1.9182958340544893,0.5000000000000002,0.0,3
ba_3_m1_s5,4,0,1282,1.6666666666666667,0.75,1.9182958340544893,0.5000000000000002,0.0,3
ba_3_m1_s5,5,0,9368,1.6666666666666667,0.75,1.9182958340544893,0.5000000000000002,0.0,3
ba_3_m1_s5,6,0,23027,1.6666666666666667,0.75,1.9182958340544893,0.5000000000000002,0.0,3
ba_3_m1_s5,7,0,80518,1.6666666666666667,0.75,1.9182958340544893,0.5000000000000002,0.0,3
ba_3_m1_s5,8,0,74845,1.6666666666666667,0.75,1.9182958340544893,0.5000000000000002,0.0,3
ba_3_m1_s5,9,0,25362,1.6666666666666667,0.75,1.9182958340544893,0.5000000000000002,0.0,3
ba_3_m1_s5,10,0,8121,1.6666666666666667,0.75,1.9182958340544893,0.5000000000000002,0.0,3
ba_3_m1_s5,11,1,18751,1.6666666666666667,0.75,1.9182958340544893,0.5000000000000002,0.0,3
ba_3_m1_s5,12,0,1983,1.6666666666666667,0.75,1.9182958340544893,0.5000000000000002,0.0,3
ba_3_m1_s5,13,0,15132,1.6666666666666667,0.75,1.9182958340544893,0.5000000000000002,0.0,3
ba_3_m1_s5,14,1,48043,1.6666666666666667,0.75,1.9182958340544893,0.5000000000000002,0.0,3
ba_3_m1_s5,15,0,1637,1.6666666666666667,0.75,1.9182958340544893,0.5000000000000002,0.0,3
ba_3_m1_s5,16,0,10785,1.6666666666666667,0.75,1.9182958340544893,0.5000000000000002,0.0,3
ba_3_m1_s5,17,0,86856,1.6666666666666667,0.75,1.9182958340544893,0.5000000000000002,0.0,3
ba_3_m1_s5,18,0,11279,1.6666666666666667,0.75,1.9182958340544893,0.5000000000000002,0.0,3
ba_3_m1_s5,19,0,110427,1.6666666666666667,0.75,1.9182958340544893,0.5000000000000002,0.0,3
ba_3_m1_s5,20,0,925,1.6666666666666667,0.75,1.9182958340544893,0.5000000000000002,0.0,3
ba_3_m1_s5,21,0,1583,1.6666666666666667,0.75,1.9182958340544893,0.5000000000000002,0.0,3
ba_3_m1_s5,22,0,90381,1.6666666666666667,0.75,1.9182958340544893,0.5000000000000002,0.0,3
ba_3_m1_s5,23,0,4691,1.6666666666666667,0.75,1.9182958340544893,0.5000000000000002,0.0,3
ba_3_m1_s5,24,1,30056,1.6666666666666667,0.75,1.9182958340544893,0.5000000000000002,0.0,3
ba_3_m1_s5,25,0,14269,1.6666666666666667,0.75,1.9182958340544893,0.5000000000000002,0.0,3
ba_3_m1_s5,26,1,67703,1.6666666666666667,0.75,1.9182958340544893,0.5000000000000002,0.0,3
ba_3_m1_s5,27,0,11259,1.6666666666666667,0.75,1.9182958340544893,0.5000000000000002,0.0,3
ba_3_m1_s5,28,1,53501,1.6666666666666667,0.75,1.9182958340544893,0.5000000000000002,0.0,3
ba_3_m1_s5,29,0,9200,1.6666666666666667,0.75,1.9182958340544893,0.5000000000000002,0.0,3
ba_3_m1_s5,30,0,7491,1.6666666666666667,0.75,1.9182958340544893,0.5000000000000002,0.0,3
ba_3_m1_s5,31,0,38378,1.6666666666666667,0.75,1.9182958340544893,0.5000000000000002,0.0,3
ba_3_m1_s5,32,0,8030,1.6666666666666667,0.75,1.9182958340544893,0.5000000000000002,0.0,3
ba_3_m1_s5,33,1,47197,1.6666666666666667,0.75,1.9182958340544893,0.5000000000000002,0.0,3
ba_3_m1_s5,34,0,48352,1.6666666666666667,0.75,1.9182958340544893,0.5000000000000002,0.0,3
ba_3_m1_s5,35,0,4023,1.6666666666666667,0.75,1.9182958340544893,0.5000000000000002,0.0,3
ba_3_m1_s5,36,0,813,1.6666666666666667,0.75,1.9182958340544893,0.5000000000000002,0.0,3
ba_3_m1_s5,37,0,31089,1.6666666666666667,0.75,1.9182958340544893,0.5000000000000002,0.0,3
ba_3_m1_s5,38,0,37725,1.6666666666666667,0.75,1.9182958340544893,0.5000000000000002,0.0,3
ba_3_m1_s5,39,0,5346,1.6666666666666667,0.75,1.9182958340544893,0.5000000000000002,0.0,3
ba_3_m1_s5,40,0,31718,1.6666666666666667,0.75,1.9182958340544893,0.5000000000000002,0.0,3
ba_3_m1_s5,41,0,6377,1.6666666666666667,0.75,1.9182958340544893,0.5000000000000002,0.0,3
ba_3_m1_s5,42,1,18992,1.6666666666666667,0.75,1.9182958340544893,0.5000000000000002,0.0,3
ba_3_m1_s5,43,0,12148,1.6666666666666667,0.75,1.9182958340544893,0.5000000000000002,0.0,3
ba_3_m1_s5,44,0,41331,1.6666666666666667,0.75,1.9182958340544893,0.5000000000000002,0.0,3
ba_3_m1_s5,45,0,88935,1.6666666666666667,0.75,1.9182958340544893,0.5000000000000002,0.0,3
ba_3_m1_s5,46,0,7899,1.6666666666666667,0.75,1.9182958340544893,0.5000000000000002,0.0,3
ba_3_m1_s5,47,0,5674,1.6666666666666667,0.75,1.9182958340544893,0.5000000000000002,0.0,3
ba_3_m1_s5,48,0,2028,1.6666666666666667,0.75,1.9182958340544893,0.5000000000000002,0.0,3
ba_3_m1_s5,49,1,15585,1.6666666666666667,0.75,1.9182958340544893,0.5000000000000002,0.0,3
ba_3_m1_s5,50,0,94512,1.6666666666666667,0.75,1.9182958340544893,0.5000000000000002,0.0,3
ba_3_m1_s5,51,0,45762,1.6666666666666667,0.75,1.9182958340544893,0.5000000000000002,0.0,3
ba_3_m1_s5,52,0,156685,1.6666666666666667,0.75,1.9182958340544893,0.5000000000000002,0.0,3
ba_3_m1_s5,53,0,1482,1.6666666666666667,0.75,1.9182958340544893,0.5000000000000002,0.0,3
ba_3_m1_s5,54,0,20501,1.6666666666666667,0.75,1.9182958340544893,0.5000000000000002,0.0,3
ba_3_m1_s5,55,0,2743,1.6666666666666667,0.75,1.9182958340544893,0.5000000000000002,0.0,3
ba_3_m1_s5,56,0,2359,1.6666666666666667,0.75,1.9182958340544893,0.5000000000000002,0.0,3
ba_3_m1_s5,57,0,7705,1.6666666666666667,0.75,1.9182958340544893,0.5000000000000002,0.0,3
ba_3_m1_s5,58,0,20730,1.6666666666666667,0.75,1.9182958340544893,0.5000000000000002,0.0,3
ba_3_m1_s5,59,0,5392,1.6666666666666667,0.75,1.9182958340544893,0.5000000000000002,0.0,3
ba_3_m1_s5,60,1,3508,1.6666666666666667,0.75,1.9182958340544893,0.5000000000000002,0.0,3
ba_3_m1_s5,61,0,8972,1.6666666666666667,0.75,1.9182958340544893,0.5000000000000002,0.0,3
ba_3_m1_s5,62,0,2700,1.6666666666666667,0.75,1.9182958340544893,0.5000000000000002,0.0,3
ba_3_m1_s5,63,0,89362,1.6666666666666667,0.75,1.9182958340544893,0.5000000000000002,0.0,3
ba_3_m1_s5,64,0,5603,1.6666666666666667,0.75,1.9182958340544893,0.5000000000000002,0.0,3
ba_3_m1_s5,65,0,2271,1.6666666666666667,0.75,1.9182958340544893,0.5000000000000002,0.0,3
ba_3_m1_s5,66,0,18468,1.6666666666666667,0.75,1.9182958340544893,0.5000000000000002,0.0,3
ba_3_m1_s5,67,0,20216,1.6666666666666667,0.75,1.9182958340544893,0.5000000000000002,0.0,3
ba_3_m1_s5,68,1,3532,1.6666666666666667,0.75,1.9182958340544893,0.5000000000000002,0.0,3
ba_3_m1_s5,69,0,3946,1.6666666666666667,0.75,1.9182958340544893,0.5000000000000002,0.0,3
ba_3_m1_s5,70,0,5793,1.6666666666666667,0.75,1.9182958340544893,0.5000000000000002,0.0,3
ba_3_m1_s5,71,0,21570,1.6666666666666667,0.75,1.9182958340544893,0.5000000000000002,0.0,3
ba_3_m1_s5,72,0,15360,1.6666666666666667,0.75,1.9182958340544893,0.5000000000000002,0.0,3
ba_3_m1_s5,73,0,2293,1.6666666666666667,0.75,1.9182958340544893,0.5000000000000002,0.0,3
ba_3_m1_s5,74,0,6341,1.6666666666666667,0.75,1.9182958340544893,0.5000000000000002,0.0,3
ba_3_m1_s5,75,0,8012,1.6666666666666667,0.75,1.9182958340544893,0.5000000000000002,0.0,3
ba_3_m1_s5,76,0,22843,1.6666666666666667,0.75,1.9182958340544893,0.5000000000000002,0.0,3
ba_3_m1_s5,77,0,40056,1.6666666666666667,0.75,1.9182958340544893,0.5000000000000002,0.0,3
ba_3_m1_s5,78,1,19724,1.6666666666666667,0.75,1.9182958340544893,0.5000000000000002,0.0,3
ba_3_m1_s5,79,1,62823,1.6666666666666667,0.75,1.9182958340544893,0.5000000000000002,0.0,3
ba_3_m1_s5,80,0,10495,1.6666666666666667,0.75,1.9182958340544893,0.5000000000000002,0.0,3
ba_3_m1_s5,81,0,1756,1.6666666666666667,0.75,1.9182958340544893,0.5000000000000002,0.0,3
ba_3_m1_s5,82,1,54148,1.6666666666666667,0.75,1.9182958340544893,0.5000000000000002,0.0,3
ba_3_m1_s5,83,0,2338,1.6666666666666667,0.75,1.9182958340544893,0.5000000000000002,0.0,3
ba_3_m1_s5,84,0,27803,1.6666666666666667,0.75,1.9182958340544893,0.5000000000000002,0.0,3
ba_3_m1_s5,85,0,4455,1.6666666666666667,0.75,1.9182958340544893,0.5000000000000002,0.0,3
ba_3_m1_s5,86,1,9620,1.6666666666666667,0.75,1.9182958340544893,0.5000000000000002,0.0,3
ba_3_m1_s5,87,0,6765,1.6666666666666667,0.75,1.9182958340544893,0.5000000000000002,0.0,3
ba_3_m1_s5,88,0,10282,1.6666666666666667,0.75,1.9182958340544893,0.5000000000000002,0.0,3
ba_3_m1_s5,89,0,170980,1.6666666666666667,0.75,1.9182958340544893,0.5000000000000002,0.0,3
ba_3_m1_s5,90,0,69541,1.6666666666666667,0.75,1.9182958340544893,0.5000000000000002,0.0,3
ba_3_m1_s5,91,0,16844,1.6666666666666667,0.75,1.9182958340544893,0.5000000000000002,0.0,3
ba_3_m1_s5,92,0,44726,1.6666666666666667,0.75,1.9182958340544893,0.5000000000000002,0.0,3
ba_3_m1_s5,93,1,30642,1.6666666666666667,0.75,1.9182958340544893,0.5000000000000002,0.0,3
ba_3_m1_s5,94,0,10434,1.6666666666666667,0.75,1.9182958340544893,0.5000000000000002,0.0,3
ba_3_m1_s5,95,0,4805,1.6666666666666667,0.75,1.9182958340544893,0.5000000000000002,0.0,3
ba_3_m1_s5,96,0,7777,1.6666666666666667,0.75,1.9182958340544893,0.5000000000000002,0.0,3
ba_3_m1_s5,97,0,2785,1.6666666666666667,0.75,1.9182958340544893,0.5000000000000002,0.0,3
ba_3_m1_s5,98,0,2588,1.6666666666666667,0.75,1.9182958340544893,0.5000000000000002,0.0,3
ba_3_m1_s5,99,0,161085,1.6666666666666667,0.75,1.9182958340544893,0.5000000000000002,0.0,3
ba_4_m2_s1,0,0,15238,1.6,1.1666666666666667,2.467720100474499,0.597917115534802,0.0,5
ba_4_m2_s1,1,1,9007,1.6,1.1666666666666667,2.467720100474499,0.597917115534802,0.0,5
ba_4_m2_s1,2,0,12844,1.6,1.1666666666666667,2.467720100474499,0.597917115534802,0.0,5
ba_4_m2_s1,3,0,97050,1.6,1.1666666666666667,2.467720100474499,0.597917115534802,0.0,5
ba_4_m2_s1,4,1,24258,1.6,1.1666666666666667,2.467720100474499,0.597917115534802,0.0,5
ba_4_m2_s1,5,1,126100,1.6,1.1666666666666667,2.467720100474499,0.597917115534802,0.0,5
ba_4_m2_s1,6,0,35465,1.6,1.1666666666666667,2.467720100474499,0.597917115534802,0.0,5
ba_4_m2_s1,7,0,194823,1.6,1.1666666666666667,2.467720100474499,0.597917115534802,0.0,5
ba_4_m2_s1,8,0,130760,1.6,1.1666666666666667,2.467720100474499,0.597917115534802,0.0,5
ba_4_m2_s1,9,0,9351,1.6,1.1666666666666667,2.467720100474499,0.597917115534802,0.0,5
ba_4_m2_s1,10,0,13752,1.6,1.1666666666666667,2.467720100474499,0.597917115534802,0.0,5
ba_4_m2_s1,11,1,10963,1.6,1.1666666666666667,2.467720100474499,0.597917115534802,0.0,5
ba_4_m2_s1,12,1,10748,1.6,1.1666666666666667,2.467720100474499,0.597917115534802,0.0,5
ba_4_m2_s1,13,1,28577,1.6,1.1666666666666667,2.467720100474499,0.597917115534802,0.0,5
ba_4_m2_s1,14,0,15267,1.6,1.1666666666666667,2.467720100474499,0.597917115534802,0.0,5
ba_4_m2_s1,15,0,6671,1.6,1.1666666666666667,2.467720100474499,0.597917115534802,0.0,5
ba_4_m2_s1,16,0,34168,1.6,1.1666666666666667,2.467720100474499,0.597917115534802,0.0,5
ba_4_m2_s1,17,0,3618,1.6,1.1666666666666667,2.467720100474499,0.597917115534802,0.0,5
ba_4_m2_s1,18,0,2687,1.6,1.1666666666666667,2.467720100474499,0.597917115534802,0.0,5
ba_4_m2_s1,19,0,57455,1.6,1.1666666666666667,2.467720100474499,0.597917115534802,0.0,5
ba_4_m2_s1,20,0,2884,1.6,1.1666666666666667,2.467720100474499,0.597917115534802,0.0,5
ba_4_m2_s1,21,0,2067,1.6,1.1666666666666667,2.467720100474499,0.597917115534802,0.0,5
ba_4_m2_s1,22,1,63734,1.6,1.1666666666666667,2.467720100474499,0.597917115534802,0.0,5
ba_4_m2_s1,23,0,1630,1.6,1.1666666666666667,2.467720100474499,0.597917115534802,0.0,5
ba_4_m2_s1,24,0,162848,1.6,1.1666666666666667,2.467720100474499,0.597917115534802,0.0,5
ba_4_m2_s1,25,0,2022,1.6,1.1666666666666667,2.467720100474499,0.597917115534802,0.0,5
ba_4_m2_s1,26,1,118962,1.6,1.1666666666666667,2.467720100474499,0.597917115534802,0.0,5
ba_4_m2_s1,27,0,36534,1.6,1.1666666666666667,2.467720100474499,0.597917115534802,0.0,5
ba_4_m2_s1,28,0,33134,1.6,1.1666666666666667,2.467720100474499,0.597917115534802,0.0,5
ba_4_m2_s1,29,0,15646,1.6,1.1666666666666667,2.467720100474499,0.597917115534802,0.0,5
ba_4_m2_s1,30,0,9584,1.6,1.1666666666666667,2.467720100474499,0.597917115534802,0.0,5
ba_4_m2_s1,31,0,34162,1.6,1.1666666666666667,2.467720100474499,0.597917115534802,0.0,5
ba_4_m2_s1,32,0,20831,1.6,1.1666666666666667,2.467720100474499,0.597917115534802,0.0,5
ba_4_m2_s1,33,0,1876,1.6,1.1666666666666667,2.467720100474499,0.597917115534802,0.0,5
ba_4_m2_s1,34,0,21621,1.6,1.1666666666666667,2.467720100474499,0.597917115534802,0.0,5
ba_4_m2_s1,35,0,5744,1.6,1.1666666666666667,2.467720100474499,0.597917115534802,0.0,5
ba_4_m2_s1,36,0,7168,1.6,1.1666666666666667,2.467720100474499,0.597917115534802,0.0,5
ba_4_m2_s1,37,0,6956,1.6,1.1666666666666667,2.467720100474499,0.597917115534802,0.0,5
ba_4_m2_s1,38,0,48599,1.6,1.1666666666666667,2.467720100474499,0.597917115534802,0.0,5
ba_4_m2_s1,39,0,7003,1.6,1.1666666666666667,2.467720100474499,0.597917115534802,0.0,5
ba_4_m2_s1,40,0,35286,1.6,1.1666666666666667,2.467720100474499,0.597917115534802,0.0,5
ba_4_m2_s1,41,0,5196,1.6,1.1666666666666667,2.467720100474499,0.597917115534802,0.0,5
ba_4_m2_s1,42,1,48549,1.6,1.1666666666666667,2.467720100474499,0.597917115534802,0.0,5
ba_4_m2_s1,43,0,12385,1.6,1.1666666666666667,2.467720100474499,0.597917115534802,0.0,5
ba_4_m2_s1,44,0,125502,1.6,1.1666666666666667,2.467720100474499,0.597917115534802,0.0,5
ba_4_m2_s1,45,0,157220,1.6,1.1666666666666667,2.467720100474499,0.597917115534802,0.0,5
ba_4_m2_s1,46,0,9649,1.6,1.1666666666666667,2.467720100474499,0.597917115534802,0.0,5
ba_4_m2_s1,47,0,3306,1.6,1.1666666666666667,2.467720100474499,0.597917115534802,0.0,5
ba_4_m2_s1,48,0,2788,1.6,1.1666666666666667,2.467720100474499,0.597917115534802,0.0,5
ba_4_m2_s1,49,1,5573,1.6,1.1666666666666667,2.467720100474499,0.597917115534802,0.0,5
ba_4_m2_s1,50,0,121068,1.6,1.1666666666666667,2.467720100474499,0.597917115534802,0.0,5
ba_4_m2_s1,51,0,44679,1.6,1.1666666666666667,2.467720100474499,0.597917115534802,0.0,5
ba_4_m2_s1,52,0,112333,1.6,1.1666666666666667,2.467720100474499,0.597917115534802,0.0,5
ba_4_m2_s1,53,0,15585,1.6,1.1666666666666667,2.467720100474499,0.597917115534802,0.0,5
ba_4_m2_s1,54,0,42644,1.6,1.1666666666666667,2.467720100474499,0.597917115534802,0.0,5
ba_4_m2_s1,55,0,6210,1.6,1.1666666666666667,2.467720100474499,0.597917115534802,0.0,5
ba_4_m2_s1,56,0,31028,1.6,1.1666666666666667,2.467720100474499,0.597917115534802,0.0,5
ba_4_m2_s1,57,1,2613,1.6,1.1666666666666667,2.467720100474499,0.597917115534802,0.0,5
ba_4_m2_s1,58,1,57163,1.6,1.1666666666666667,2.467720100474499,0.597917115534802,0.0,5
ba_4_m2_s1,59,0,2225,1.6,1.1666666666666667,2.467720100474499,0.597917115534802,0.0,5
ba_4_m2_s1,60,1,32816,1.6,1.1666666666666667,2.467720100474499,0.597917115534802,0.0,5
ba_4_m2_s1,61,0,72400,1.6,1.1666666666666667,2.467720100474499,0.597917115534802,0.0,5
ba_4_m2_s1,62,0,4023,1.6,1.1666666666666667,2.467720100474499,0.597917115534802,0.0,5
ba_4_m2_s1,63,0,13907,1.6,1.1666666666666667,2.467720100474499,0.597917115534802,0.0,5
ba_4_m2_s1,64,0,12424,1.6,1.1666666666666667,2.467720100474499,0.597917115534802,0.0,5
ba_4_m2_s1,65,0,20083,1.6,1.1666666666666667,2.467720100474499,0.597917115534802,0.0,5
ba_4_m2_s1,66,0,12078,1.6,1.1666666666666667,2.467720100474499,0.597917115534802,0.0,5
ba_4_m2_s1,67,0,25706,1.6,1.1666666666666667,2.467720100474499,0.597917115534802,0.0,5
ba_4_m2_s1,68,0,5375,1.6,1.1666666666666667,2.467720100474499,0.597917115534802,0.0,5
ba_4_m2_s1,69,0,9191,1.6,1.1666666666666667,2.467720100474499,0.597917115534802,0.0,5
ba_4_m2_s1,70,0,3169,1.6,1.1666666666666667,2.467720100474499,0.597917115534802,0.0,5
ba_4_m2_s1,71,0,23948,1.6,1.1666666666666667,2.467720100474499,0.597917115534802,0.0,5
ba_4_m2_s1,72,0,23101,1.6,1.1666666666666667,2.467720100474499,0.597917115534802,0.0,5
ba_4_m2_s1,73,0,7030,1.6,1.1666666666666667,2.467720100474499,0.597917115534802,0.0,5
ba_4_m2_s1,74,0,3960,1.6,1.1666666666666667,2.467720100474499,0.597917115534802,0.0,5
ba_4_m2_s1,75,1,11603,1.6,1.1666666666666667,2.467720100474499,0.597917115534802,0.0,5
ba_4_m2_s1,76,0,101704,1.6,1.1666666666666667,2.467720100474499,0.597917115534802,0.0,5
ba_4_m2_s1,77,0,56423,1.6,1.1666666666666667,2.467720100474499,0.597917115534802,0.0,5
ba_4_m2_s1,78,1,19618,1.6,1.1666666666666667,2.467720100474499,0.597917115534802,0.0,5
ba_4_m2_s1,79,1,104618,1.6,1.1666666666666667,2.467720100474499,0.597917115534802,0.0,5
ba_4_m2_s1,80,0,109008,1.6,1.1666666666666667,2.467720100474499,0.597917115534802,0.0,5
ba_4_m2_s1,81,0,5262,1.6,1.1666666666666667,2.467720100474499,0.597917115534802,0.0,5
ba_4_m2_s1,82,0,11127,1.6,1.1666666666666667,2.467720100474499,0.597917115534802,0.0,5
ba_4_m2_s1,83,0,2086,1.6,1.1666666666666667,2.467720100474499,0.597917115534802,0.0,5
ba_4_m2_s1,84,0,39467,1.6,1.1666666666666667,2.467720100474499,0.597917115534802,0.0,5
ba_4_m2_s1,85,0,10809,1.6,1.1666666666666667,2.467720100474499,0.597917115534802,0.0,5
ba_4_m2_s1,86,0,3283,1.6,1.1666666666666667,2.467720100474499,0.597917115534802,0.0,5
ba_4_m2_s1,87,0,14763,1.6,1.1666666666666667,2.467720100474499,0.597917115534802,0.0,5
ba_4_m2_s1,88,0,9687,1.6,1.1666666666666667,2.467720100474499,0.597917115534802,0.0,5
ba_4_m2_s1,89,0,36967,1.6,1.1666666666666667,2.467720100474499,0.597917115534802,0.0,5
ba_4_m2_s1,90,0,99318,1.6,1.1666666666666667,2.467720100474499,0.597917115534802,0.0,5
ba_4_m2_s1,91,0,17512,1.6,1.1666666666666667,2.467720100474499,0.597917115534802,0.0,5
ba_4_m2_s1,92,0,98074,1.6,1.1666666666666667,2.467720100474499,0.597917115534802,0.0,5
ba_4_m2_s1,93,1,62593,1.6,1.1666666666666667,2.467720100474499,0.597917115534802,0.0,5
ba_4_m2_s1,94,0,6506,1.6,1.1666666666666667,2.467720100474499,0.597917115534802,0.0,5
ba_4_m2_s1,95,0,3270,1.6,1.1666666666666667,2.467720100474499,0.597917115534802,0.0,5
ba_4_m2_s1,96,0,1681,1.6,1.1666666666666667,2.467720100474499,0.597917115534802,0.0,5
ba_4_m2_s1,97,0,5296,1.6,1.1666666666666667,2.467720100474499,0.597917115534802,0.0,5
ba_4_m2_s1,98,0,6570,1.6,1.1666666666666667,2.467720100474499,0.597917115534802,0.0,5
ba_4_m2_s1,99,1,140623,1.6,1.1666666666666667,2.467720100474499,0.597917115534802,0.0,5
ba_5_m1_s1,0,0,56662,1.619047619047619,1.2857142857142858,2.636056086195823,0.6837722339831618,0.0,6
ba_5_m1_s1,1,1,4982,1.619047619047619,1.2857142857142858,2.636056086195823,0.6837722339831618,0.0,6
ba_5_m1_s1,2,0,15652,1.619047619047619,1.2857142857142858,2.636056086195823,0.6837722339831618,0.0,6
ba_5_m1_s1,3,0,140053,1.619047619047619,1.2857142857142858,2.636056086195823,0.6837722339831618,0.0,6
ba_5_m1_s1,4,0,59437,1.619047619047619,1.2857142857142858,2.636056086195823,0.6837722339831618,0.0,6
ba_5_m1_s1,5,0,35461,1.619047619047619,1.2857142857142858,2.636056086195823,0.6837722339831618,0.0,6
ba_5_m1_s1,6,0,110761,1.619047619047619,1.2857142857142858,2.636056086195823,0.6837722339831618,0.0,6
ba_5_m1_s1,7,0,63871,1.619047619047619,1.2857142857142858,2.636056086195823,0.6837722339831618,0.0,6
ba_5_m1_s1,8,0,73101,1.619047619047619,1.2857142857142858,2.636056086195823,0.6837722339831618,0.0,6
ba_5_m1_s1,9,0,50524,1.619047619047619,1.2857142857142858,2.636056086195823,0.6837722339831618,0.0,6
ba_5_m1_s1,10,0,26104,1.619047619047619,1.2857142857142858,2.636056086195823,0.6837722339831618,0.0,6
ba_5_m1_s1,11,1,50156,1.619047619047619,1.2857142857142858,2.636056086195823,0.6837722339831618,0.0,6
ba_5_m1_s1,12,0,5073,1.619047619047619,1.2857142857142858,2.636056086195823,0.6837722339831618,0.0,6
ba_5_m1_s1,13,0,69157,1.619047619047619,1.2857142857142858,2.636056086195823,0.6837722339831618,0.0,6
ba_5_m1_s1,14,0,17344,1.619047619047619,1.2857142857142858,2.636056086195823,0.6837722339831618,0.0,6
ba_5_m1_s1,15,0,2350,1.619047619047619,1.2857142857142858,2.636056086195823,0.6837722339831618,0.0,6
ba_5_m1_s1,16,0,42758,1.619047619047619,1.2857142857142858,2.636056086195823,0.6837722339831618,0.0,6
ba_5_m1_s1,17,0,31429,1.619047619047619,1.2857142857142858,2.636056086195823,0.6837722339831618,0.0,6
ba_5_m1_s1,18,0,3438,1.619047619047619,1.2857142857142858,2.636056086195823,0.6837722339831618,0.0,6
ba_5_m1_s1,19,0,97894,1.619047619047619,1.2857142857142858,2.636056086195823,0.6837722339831618,0.0,6
ba_5_m1_s1,20,0,4638,1.619047619047619,1.2857142857142858,2.636056086195823,0.6837722339831618,0.0,6
ba_5_m1_s1,21,0,5049,1.619047619047619,1.2857142857142858,2.636056086195823,0.6837722339831618,0.0,6
ba_5_m1_s1,22,0,33825,1.619047619047619,1.2857142857142858,2.636056086195823,0.6837722339831618,0.0,6
ba_5_m1_s1,23,1,3106,1.619047619047619,1.2857142857142858,2.636056086195823,0.6837722339831618,0.0,6
ba_5_m1_s1,24,0,215621,1.619047619047619,1.2857142857142858,2.636056086195823,0.6837722339831618,0.0,6
ba_5_m1_s1,25,0,39128,1.619047619047619,1.2857142857142858,2.636056086195823,0.6837722339831618,0.0,6
ba_5_m1_s1,26,1,105187,1.619047619047619,1.2857142857142858,2.636056086195823,0.6837722339831618,0.0,6
ba_5_m1_s1,27,0,12855,1.619047619047619,1.2857142857142858,2.636056086195823,0.6837722339831618,0.0,6
ba_5_m1_s1,28,0,113717,1.619047619047619,1.2857142857142858,2.636056086195823,0.6837722339831618,0.0,6
ba_5_m1_s1,29,0,37035,1.619047619047619,1.2857142857142858,2.636056086195823,0.6837722339831618,0.0,6
ba_5_m1_s1,30,0,5814,1.619047619047619,1.2857142857142858,2.636056086195823,0.6837722339831618,0.0,6
ba_5_m1_s1,31,0,26685,1.619047619047619,1.2857142857142858,2.636056086195823,0.6837722339831618,0.0,6
ba_5_m1_s1,32,1,31788,1.619047619047619,1.2857142857142858,2.636056086195823,0.6837722339831618,0.0,6
ba_5_m1_s1,33,0,41459,1.619047619047619,1.2857142857142858,2.636056086195823,0.6837722339831618,0.0,6
ba_5_m1_s1,34,0,66742,1.619047619047619,1.2857142857142858,2.636056086195823,0.6837722339831618,0.0,6
ba_5_m1_s1,35,0,6527,1.619047619047619,1.2857142857142858,2.636056086195823,0.6837722339831618,0.0,6
ba_5_m1_s1,36,0,6231,1.619047619047619,1.2857142857142858,2.636056086195823,0.6837722339831618,0.0,6
ba_5_m1_s1,37,0,5969,1.619047619047619,1.2857142857142858,2.636056086195823,0.6837722339831618,0.0,6
ba_5_m1_s1,38,0,45820,1.619047619047619,1.2857142857142858,2.636056086195823,0.6837722339831618,0.0,6
ba_5_m1_s1,39,0,21859,1.619047619047619,1.2857142857142858,2.636056086195823,0.6837722339831618,0.0,6
ba_5_m1_s1,40,0,143551,1.619047619047619,1.2857142857142858,2.636056086195823,0.6837722339831618,0.0,6
ba_5_m1_s1,41,0,12081,1.619047619047619,1.2857142857142858,2.636056086195823,0.6837722339831618,0.0,6
ba_5_m1_s1,42,0,20140,1.619047619047619,1.2857142857142858,2.636056086195823,0.6837722339831618,0.0,6
ba_5_m1_s1,43,0,17869,1.619047619047619,1.2857142857142858,2.636056086195823,0.6837722339831618,0.0,6
ba_5_m1_s1,44,0,347899,1.619047619047619,1.2857142857142858,2.636056086195823,0.6837722339831618,0.0,6
ba_5_m1_s1,45,0,145871,1.619047619047619,1.2857142857142858,2.636056086195823,0.6837722339831618,0.0,6
ba_5_m1_s1,46,0,11809,1.619047619047619,1.2857142857142858,2.636056086195823,0.6837722339831618,0.0,6
ba_5_m1_s1,47,0,81424,1.619047619047619,1.2857142857142858,2.636056086195823,0.6837722339831618,0.0,6
ba_5_m1_s1,48,0,5021,1.619047619047619,1.2857142857142858,2.636056086195823,0.6837722339831618,0.0,6
ba_5_m1_s1,49,1,12181,1.619047619047619,1.2857142857142858,2.636056086195823,0.6837722339831618,0.0,6
ba_5_m1_s1,50,0,74601,1.619047619047619,1.2857142857142858,2.636056086195823,0.6837722339831618,0.0,6
ba_5_m1_s1,51,1,62135,1.619047619047619,1.2857142857142858,2.636056086195823,0.6837722339831618,0.0,6
ba_5_m1_s1,52,0,184254,1.619047619047619,1.2857142857142858,2.636056086195823,0.6837722339831618,0.0,6
ba_5_m1_s1,53,0,9059,1.619047619047619,1.2857142857142858,2.636056086195823,0.6837722339831618,0.0,6
ba_5_m1_s1,54,0,57903,1.619047619047619,1.2857142857142858,2.636056086195823,0.6837722339831618,0.0,6
ba_5_m1_s1,55,0,4641,1.619047619047619,1.2857142857142858,2.636056086195823,0.6837722339831618,0.0,6
ba_5_m1_s1,56,0,28756,1.619047619047619,1.2857142857142858,2.636056086195823,0.6837722339831618,0.0,6
ba_5_m1_s1,57,0,15438,1.619047619047619,1.2857142857142858,2.636056086195823,0.6837722339831618,0.0,6
ba_5_m1_s1,58,1,51018,1.619047619047619,1.2857142857142858,2.636056086195823,0.6837722339831618,0.0,6
ba_5_m1_s1,59,1,10564,1.619047619047619,1.2857142857142858,2.636056086195823,0.6837722339831618,0.0,6
ba_5_m1_s1,60,0,21465,1.619047619047619,1.2857142857142858,2.636056086195823,0.6837722339831618,0.0,6
ba_5_m1_s1,61,0,40337,1.619047619047619,1.2857142857142858,2.636056086195823,0.6837722339831618,0.0,6
ba_5_m1_s1,62,0,23569,1.619047619047619,1.2857142857142858,2.636056086195823,0.6837722339831618,0.0,6
ba_5_m1_s1,63,0,95477,1.619047619047619,1.2857142857142858,2.636056086195823,0.6837722339831618,0.0,6
ba_5_m1_s1,64,0,10419,1.619047619047619,1.2857142857142858,2.636056086195823,0.6837722339831618,0.0,6
ba_5_m1_s1,65,0,34297,1.619047619047619,1.2857142857142858,2.636056086195823,0.6837722339831618,0.0,6
ba_5_m1_s1,66,0,6709,1.619047619047619,1.2857142857142858,2.636056086195823,0.6837722339831618,0.0,6
ba_5_m1_s1,67,0,25601,1.619047619047619,1.2857142857142858,2.636056086195823,0.6837722339831618,0.0,6
ba_5_m1_s1,68,0,4833,1.619047619047619,1.2857142857142858,2.636056086195823,0.6837722339831618,0.0,6
ba_5_m1_s1,69,0,14822,1.619047619047619,1.2857142857142858,2.636056086195823,0.6837722339831618,0.0,6
ba_5_m1_s1,70,0,4583,1.619047619047619,1.2857142857142858,2.636056086195823,0.6837722339831618,0.0,6
ba_5_m1_s1,71,0,43578,1.619047619047619,1.2857142857142858,2.636056086195823,0.6837722339831618,0.0,6
ba_5_m1_s1,72,0,32293,1.619047619047619,1.2857142857142858,2.636056086195823,0.6837722339831618,0.0,6
ba_5_m1_s1,73,0,2597,1.619047619047619,1.2857142857142858,2.636056086195823,0.6837722339831618,0.0,6
ba_5_m1_s1,74,0,9555,1.619047619047619,1.2857142857142858,2.636056086195823,0.6837722339831618,0.0,6
ba_5_m1_s1,75,1,10240,1.619047619047619,1.2857142857142858,2.636056086195823,0.6837722339831618,0.0,6
ba_5_m1_s1,76,0,56549,1.619047619047619,1.2857142857142858,2.636056086195823,0.6837722339831618,0.0,6
ba_5_m1_s1,77,0,13564,1.619047619047619,1.2857142857142858,2.636056086195823,0.6837722339831618,0.0,6
ba_5_m1_s1,78,1,40803,1.619047619047619,1.2857142857142858,2.636056086195823,0.6837722339831618,0.0,6
ba_5_m1_s1,79,1,201155,1.619047619047619,1.2857142857142858,2.636056086195823,0.6837722339831618,0.0,6
ba_5_m1_s1,80,0,120633,1.619047619047619,1.2857142857142858,2.636056086195823,0.6837722339831618,0.0,6
ba_5_m1_s1,81,1,4959,1.619047619047619,1.2857142857142858,2.636056086195823,0.6837722339831618,0.0,6
ba_5_m1_s1,82,1,146903,1.619047619047619,1.2857142857142858,2.636056086195823,0.6837722339831618,0.0,6
ba_5_m1_s1,83,0,2816,1.619047619047619,1.2857142857142858,2.636056086195823,0.6837722339831618,0.0,6
ba_5_m1_s1,84,0,70865,1.619047619047619,1.2857142857142858,2.636056086195823,0.6837722339831618,0.0,6
ba_5_m1_s1,85,0,12937,1.619047619047619,1.2857142857142858,2.636056086195823,0.6837722339831618,0.0,6
ba_5_m1_s1,86,0,16220,1.619047619047619,1.2857142857142858,2.636056086195823,0.6837722339831618,0.0,6
ba_5_m1_s1,87,0,18987,1.619047619047619,1.2857142857142858,2.636056086195823,0.6837722339831618,0.0,6
ba_5_m1_s1,88,0,17835,1.619047619047619,1.2857142857142858,2.636056086195823,0.6837722339831618,0.0,6
ba_5_m1_s1,89,1,91294,1.619047619047619,1.2857142857142858,2.636056086195823,0.6837722339831618,0.0,6
ba_5_m1_s1,90,0,174992,1.619047619047619,1.2857142857142858,2.636056086195823,0.6837722339831618,0.0,6
ba_5_m1_s1,91,0,33899,1.619047619047619,1.2857142857142858,2.636056086195823,0.6837722339831618,0.0,6
ba_5_m1_s1,92,0,154813,1.619047619047619,1.2857142857142858,2.636056086195823,0.6837722339831618,0.0,6
ba_5_m1_s1,93,1,35066,1.619047619047619,1.2857142857142858,2.636056086195823,0.6837722339831618,0.0,6
ba_5_m1_s1,94,0,9169,1.619047619047619,1.2857142857142858,2.636056086195823,0.6837722339831618,0.0,6
ba_5_m1_s1,95,0,12085,1.619047619047619,1.2857142857142858,2.636056086195823,0.6837722339831618,0.0,6
ba_5_m1_s1,96,0,2910,1.619047619047619,1.2857142857142858,2.636056086195823,0.6837722339831618,0.0,6
ba_5_m1_s1,97,0,4593,1.619047619047619,1.2857142857142858,2.636056086195823,0.6837722339831618,0.0,6
ba_5_m1_s1,98,0,9801,1.619047619047619,1.2857142857142858,2.636056086195823,0.6837722339831618,0.0,6
ba_5_m1_s1,99,1,74443,1.619047619047619,1.2857142857142858,2.636056086195823,0.6837722339831618,0.0,6
ba_5_m1_s3,0,0,13109,1.7142857142857142,1.1428571428571428,2.702819531114783,0.5314197245697521,0.0,6
ba_5_m1_s3,1,1,3966,1.7142857142857142,1.1428571428571428,2.702819531114783,0.5314197245697521,0.0,6
ba_5_m1_s3,2,0,32902,1.7142857142857142,1.1428571428571428,2.702819531114783,0.5314197245697521,0.0,6
ba_5_m1_s3,3,0,71594,1.7142857142857142,1.1428571428571428,2.702819531114783,0.5314197245697521,0.0,6
ba_5_m1_s3,4,0,49948,1.7142857142857142,1.1428571428571428,2.702819531114783,0.5314197245697521,0.0,6
ba_5_m1_s3,5,1,68197,1.7142857142857142,1.1428571428571428,2.702819531114783,0.5314197245697521,0.0,6
ba_5_m1_s3,6,0,76100,1.7142857142857142,1.1428571428571428,2.702819531114783,0.5314197245697521,0.0,6
ba_5_m1_s3,7,0,48464,1.7142857142857142,1.1428571428571428,2.702819531114783,0.5314197245697521,0.0,6
ba_5_m1_s3,8,0,129270,1.7142857142857142,1.1428571428571428,2.702819531114783,0.5314197245697521,0.0,6
ba_5_m1_s3,9,0,47539,1.7142857142857142,1.1428571428571428,2.702819531114783,0.5314197245697521,0.0,6
ba_5_m1_s3,10,0,60896,1.7142857142857142,1.1428571428571428,2.702819531114783,0.5314197245697521,0.0,6
ba_5_m1_s3,11,1,13529,1.7142857142857142,1.1428571428571428,2.702819531114783,0.5314197245697521,0.0,6
ba_5_m1_s3,12,0,7790,1.7142857142857142,1.1428571428571428,2.702819531114783,0.5314197245697521,0.0,6
ba_5_m1_s3,13,1,38161,1.7142857142857142,1.1428571428571428,2.702819531114783,0.5314197245697521,0.0,6
ba_5_m1_s3,14,1,26546,1.7142857142857142,1.1428571428571428,2.702819531114783,0.5314197245697521,0.0,6
ba_5_m1_s3,15,0,4503,1.7142857142857142,1.1428571428571428,2.702819531114783,0.5314197245697521,0.0,6
ba_5_m1_s3,16,1,60988,1.7142857142857142,1.1428571428571428,2.702819531114783,0.5314197245697521,0.0,6
ba_5_m1_s3,17,0,44401,1.7142857142857142,1.1428571428571428,2.702819531114783,0.5314197245697521,0.0,6
ba_5_m1_s3,18,0,35331,1.7142857142857142,1.1428571428571428,2.702819531114783,0.5314197245697521,0.0,6
ba_5_m1_s3,19,0,140975,1.7142857142857142,1.1428571428571428,2.702819531114783,0.5314197245697521,0.0,6
ba_5_m1_s3,20,0,3043,1.7142857142857142,1.1428571428571428,2.702819531114783,0.5314197245697521,0.0,6
ba_5_m1_s3,21,0,7418,1.7142857142857142,1.1428571428571428,2.702819531114783,0.5314197245697521,0.0,6
ba_5_m1_s3,22,0,90106,1.7142857142857142,1.1428571428571428,2.702819531114783,0.5314197245697521,0.0,6
ba_5_m1_s3,23,1,7383,1.7142857142857142,1.1428571428571428,2.702819531114783,0.5314197245697521,0.0,6
ba_5_m1_s3,24,0,102791,1.7142857142857142,1.1428571428571428,2.702819531114783,0.5314197245697521,0.0,6
ba_5_m1_s3,25,0,20999,1.7142857142857142,1.1428571428571428,2.702819531114783,0.5314197245697521,0.0,6
ba_5_m1_s3,26,1,25197,1.7142857142857142,1.1428571428571428,2.702819531114783,0.5314197245697521,0.0,6
ba_5_m1_s3,27,0,58074,1.7142857142857142,1.1428571428571428,2.702819531114783,0.5314197245697521,0.0,6
ba_5_m1_s3,28,1,33645,1.7142857142857142,1.1428571428571428,2.702819531114783,0.5314197245697521,0.0,6
ba_5_m1_s3,29,0,12363,1.7142857142857142,1.1428571428571428,2.702819531114783,0.5314197245697521,0.0,6
ba_5_m1_s3,30,0,16817,1.7142857142857142,1.1428571428571428,2.702819531114783,0.5314197245697521,0.0,6
ba_5_m1_s3,31,0,35437,1.7142857142857142,1.1428571428571428,2.702819531114783,0.5314197245697521,0.0,6
ba_5_m1_s3,32,0,14336,1.7142857142857142,1.1428571428571428,2.702819531114783,0.5314197245697521,0.0,6
ba_5_m1_s3,33,1,46593,1.7142857142857142,1.1428571428571428,2.702819531114783,0.5314197245697521,0.0,6
ba_5_m1_s3,34,0,64102,1.7142857142857142,1.1428571428571428,2.702819531114783,0.5314197245697521,0.0,6
ba_5_m1_s3,35,0,9500,1.7142857142857142,1.1428571428571428,2.702819531114783,0.5314197245697521,0.0,6
ba_5_m1_s3,36,0,10387,1.7142857142857142,1.1428571428571428,2.702819531114783,0.5314197245697521,0.0,6
ba_5_m1_s3,37,1,10767,1.7142857142857142,1.1428571428571428,2.702819531114783,0.5314197245697521,0.0,6
ba_5_m1_s3,38,0,48253,1.7142857142857142,1.1428571428571428,2.702819531114783,0.5314197245697521,0.0,6
ba_5_m1_s3,39,0,12166,1.7142857142857142,1.1428571428571428,2.702819531114783,0.5314197245697521,0.0,6
ba_5_m1_s3,40,0,51846,1.7142857142857142,1.1428571428571428,2.702819531114783,0.5314197245697521,0.0,6
ba_5_m1_s3,41,0,8509,1.7142857142857142,1.1428571428571428,2.702819531114783,0.5314197245697521,0.0,6
ba_5_m1_s3,42,1,28221,1.7142857142857142,1.1428571428571428,2.702819531114783,0.5314197245697521,0.0,6
ba_5_m1_s3,43,1,26735,1.7142857142857142,1.1428571428571428,2.702819531114783,0.5314197245697521,0.0,6
ba_5_m1_s3,44,0,255048,1.7142857142857142,1.1428571428571428,2.702819531114783,0.5314197245697521,0.0,6
ba_5_m1_s3,45,0,69635,1.7142857142857142,1.1428571428571428,2.702819531114783,0.5314197245697521,0.0,6
ba_5_m1_s3,46,0,7307,1.7142857142857142,1.1428571428571428,2.702819531114783,0.5314197245697521,0.0,6
ba_5_m1_s3,47,0,42343,1.7142857142857142,1.1428571428571428,2.702819531114783,0.5314197245697521,0.0,6
ba_5_m1_s3,48,0,4048,1.7142857142857142,1.1428571428571428,2.702819531114783,0.5314197245697521,0.0,6
ba_5_m1_s3,49,1,10992,1.7142857142857142,1.1428571428571428,2.702819531114783,0.5314197245697521,0.0,6
ba_5_m1_s3,50,0,116566,1.7142857142857142,1.1428571428571428,2.702819531114783,0.5314197245697521,0.0,6
ba_5_m1_s3,51,1,110937,1.7142857142857142,1.1428571428571428,2.702819531114783,0.5314197245697521,0.0,6
ba_5_m1_s3,52,0,184160,1.7142857142857142,1.1428571428571428,2.702819531114783,0.5314197245697521,0.0,6
ba_5_m1_s3,53,0,15509,1.7142857142857142,1.1428571428571428,2.702819531114783,0.5314197245697521,0.0,6
ba_5_m1_s3,54,0,113192,1.7142857142857142,1.1428571428571428,2.702819531114783,0.5314197245697521,0.0,6
ba_5_m1_s3,55,0,5505,1.7142857142857142,1.1428571428571428,2.702819531114783,0.5314197245697521,0.0,6
ba_5_m1_s3,56,0,24522,1.7142857142857142,1.1428571428571428,2.702819531114783,0.5314197245697521,0.0,6
ba_5_m1_s3,57,0,7312,1.7142857142857142,1.1428571428571428,2.702819531114783,0.5314197245697521,0.0,6
ba_5_m1_s3,58,1,60383,1.7142857142857142,1.1428571428571428,2.702819531114783,0.5314197245697521,0.0,6
ba_5_m1_s3,59,1,8617,1.7142857142857142,1.1428571428571428,2.702819531114783,0.5314197245697521,0.0,6
ba_5_m1_s3,60,1,38503,1.7142857142857142,1.1428571428571428,2.702819531114783,0.5314197245697521,0.0,6
ba_5_m1_s3,61,0,66511,1.7142857142857142,1.1428571428571428,2.702819531114783,0.5314197245697521,0.0,6
ba_5_m1_s3,62,0,35077,1.7142857142857142,1.1428571428571428,2.702819531114783,0.5314197245697521,0.0,6
ba_5_m1_s3,63,0,45343,1.7142857142857142,1.1428571428571428,2.702819531114783,0.5314197245697521,0.0,6
ba_5_m1_s3,64,0,7712,1.7142857142857142,1.1428571428571428,2.702819531114783,0.5314197245697521,0.0,6
ba_5_m1_s3,65,0,7608,1.7142857142857142,1.1428571428571428,2.702819531114783,0.5314197245697521,0.0,6
ba_5_m1_s3,66,0,31459,1.7142857142857142,1.1428571428571428,2.702819531114783,0.5314197245697521,0.0,6
ba_5_m1_s3,67,0,12594,1.7142857142857142,1.1428571428571428,2.702819531114783,0.5314197245697521,0.0,6
ba_5_m1_s3,68,0,5741,1.7142857142857142,1.1428571428571428,2.702819531114783,0.5314197245697521,0.0,6
ba_5_m1_s3,69,0,11765,1.7142857142857142,1.1428571428571428,2.702819531114783,0.5314197245697521,0.0,6
ba_5_m1_s3,70,0,4072,1.7142857142857142,1.1428571428571428,2.702819531114783,0.5314197245697521,0.0,6
ba_5_m1_s3,71,0,71216,1.7142857142857142,1.1428571428571428,2.702819531114783,0.5314197245697521,0.0,6
ba_5_m1_s3,72,0,5654,1.7142857142857142,1.1428571428571428,2.702819531114783,0.5314197245697521,0.0,6
ba_5_m1_s3,73,0,9127,1.7142857142857142,1.1428571428571428,2.702819531114783,0.5314197245697521,0.0,6
ba_5_m1_s3,74,0,3110,1.7142857142857142,1.1428571428571428,2.702819531114783,0.5314197245697521,0.0,6
ba_5_m1_s3,75,1,15208,1.7142857142857142,1.1428571428571428,2.702819531114783,0.5314197245697521,0.0,6
ba_5_m1_s3,76,0,88387,1.7142857142857142,1.1428571428571428,2.702819531114783,0.5314197245697521,0.0,6
ba_5_m1_s3,77,0,51279,1.7142857142857142,1.1428571428571428,2.702819531114783,0.5314197245697521,0.0,6
ba_5_m1_s3,78,1,38419,1.7142857142857142,1.1428571428571428,2.702819531114783,0.5314197245697521,0.0,6
ba_5_m1_s3,79,1,193281,1.7142857142857142,1.1428571428571428,2.702819531114783,0.5314197245697521,0.0,6
ba_5_m1_s3,80,0,143363,1.7142857142857142,1.1428571428571428,2.702819531114783,0.5314197245697521,0.0,6
ba_5_m1_s3,81,1,4256,1.7142857142857142,1.1428571428571428,2.702819531114783,0.5314197245697521,0.0,6
ba_5_m1_s3,82,1,151678,1.7142857142857142,1.1428571428571428,2.702819531114783,0.5314197245697521,0.0,6
ba_5_m1_s3,83,0,6677,1.7142857142857142,1.1428571428571428,2.702819531114783,0.5314197245697521,0.0,6
ba_5_m1_s3,84,0,54665,1.7142857142857142,1.1428571428571428,2.702819531114783,0.5314197245697521,0.0,6
ba_5_m1_s3,85,0,12731,1.7142857142857142,1.1428571428571428,2.702819531114783,0.5314197245697521,0.0,6
ba_5_m1_s3,86,0,27892,1.7142857142857142,1.1428571428571428,2.702819531114783,0.5314197245697521,0.0,6
ba_5_m1_s3,87,0,12130,1.7142857142857142,1.1428571428571428,2.702819531114783,0.5314197245697521,0.0,6
ba_5_m1_s3,88,0,22172,1.7142857142857142,1.1428571428571428,2.702819531114783,0.5314197245697521,0.0,6
ba_5_m1_s3,89,0,32152,1.7142857142857142,1.1428571428571428,2.702819531114783,0.5314197245697521,0.0,6
ba_5_m1_s3,90,0,200638,1.7142857142857142,1.1428571428571428,2.702819531114783,0.5314197245697521,0.0,6
ba_5_m1_s3,91,0,56440,1.7142857142857142,1.1428571428571428,2.702819531114783,0.5314197245697521,0.0,6
ba_5_m1_s3,92,0,58615,1.7142857142857142,1.1428571428571428,2.702819531114783,0.5314197245697521,0.0,6
ba_5_m1_s3,93,1,109897,1.7142857142857142,1.1428571428571428,2.702819531114783,0.5314197245697521,0.0,6
ba_5_m1_s3,94,0,19344,1.7142857142857142,1.1428571428571428,2.702819531114783,0.5314197245697521,0.0,6
ba_5_m1_s3,95,0,6514,1.7142857142857142,1.1428571428571428,2.702819531114783,0.5314197245697521,0.0,6
ba_5_m1_s3,96,0,7915,1.7142857142857142,1.1428571428571428,2.702819531114783,0.5314197245697521,0.0,6
ba_5_m1_s3,97,0,12811,1.7142857142857142,1.1428571428571428,2.702819531114783,0.5314197245697521,0.0,6
ba_5_m1_s3,98,0,30757,1.7142857142857142,1.1428571428571428,2.702819531114783,0.5314197245697521,0.0,6
ba_5_m1_s3,99,0,91883,1.7142857142857142,1.1428571428571428,2.702819531114783,0.5314197245697521,0.0,6
ba_5_m2_s1,0,0,73568,1.6666666666666667,1.2857142857142858,2.6632908081776594,0.49999999999999983,0.0,6
ba_5_m2_s1,1,0,4024,1.6666666666666667,1.2857142857142858,2.6632908081776594,0.49999999999999983,0.0,6
ba_5_m2_s1,2,0,16807,1.6666666666666667,1.2857142857142858,2.6632908081776594,0.49999999999999983,0.0,6
ba_5_m2_s1,3,0,59530,1.6666666666666667,1.2857142857142858,2.6632908081776594,0.49999999999999983,0.0,6
ba_5_m2_s1,4,0,113212,1.6666666666666667,1.2857142857142858,2.6632908081776594,0.49999999999999983,0.0,6
ba_5_m2_s1,5,1,48558,1.6666666666666667,1.2857142857142858,2.6632908081776594,0.49999999999999983,0.0,6
ba_5_m2_s1,6,0,145306,1.6666666666666667,1.2857142857142858,2.6632908081776594,0.49999999999999983,0.0,6
ba_5_m2_s1,7,0,173905,1.6666666666666667,1.2857142857142858,2.6632908081776594,0.49999999999999983,0.0,6
ba_5_m2_s1,8,0,223661,1.6666666666666667,1.2857142857142858,2.6632908081776594,0.49999999999999983,0.0,6
ba_5_m2_s1,9,0,131790,1.6666666666666667,1.2857142857142858,2.6632908081776594,0.49999999999999983,0.0,6
ba_5_m2_s1,10,0,43209,1.6666666666666667,1.2857142857142858,2.6632908081776594,0.49999999999999983,0.0,6
ba_5_m2_s1,11,1,12959,1.6666666666666667,1.2857142857142858,2.6632908081776594,0.49999999999999983,0.0,6
ba_5_m2_s1,12,0,3052,1.6666666666666667,1.2857142857142858,2.6632908081776594,0.49999999999999983,0.0,6
ba_5_m2_s1,13,0,50091,1.6666666666666667,1.2857142857142858,2.6632908081776594,0.49999999999999983,0.0,6
ba_5_m2_s1,14,1,71185,1.6666666666666667,1.2857142857142858,2.6632908081776594,0.49999999999999983,0.0,6
ba_5_m2_s1,15,0,6977,1.6666666666666667,1.2857142857142858,2.6632908081776594,0.49999999999999983,0.0,6
ba_5_m2_s1,16,0,13200,1.6666666666666667,1.2857142857142858,2.6632908081776594,0.49999999999999983,0.0,6
ba_5_m2_s1,17,0,41419,1.6666666666666667,1.2857142857142858,2.6632908081776594,0.49999999999999983,0.0,6
ba_5_m2_s1,18,0,12704,1.6666666666666667,1.2857142857142858,2.6632908081776594,0.49999999999999983,0.0,6
ba_5_m2_s1,19,0,58227,1.6666666666666667,1.2857142857142858,2.6632908081776594,0.49999999999999983,0.0,6
ba_5_m2_s1,20,0,4839,1.6666666666666667,1.2857142857142858,2.6632908081776594,0.49999999999999983,0.0,6
ba_5_m2_s1,21,0,8617,1.6666666666666667,1.2857142857142858,2.6632908081776594,0.49999999999999983,0.0,6
ba_5_m2_s1,22,0,107119,1.6666666666666667,1.2857142857142858,2.6632908081776594,0.49999999999999983,0.0,6
ba_5_m2_s1,23,0,3873,1.6666666666666667,1.2857142857142858,2.6632908081776594,0.49999999999999983,0.0,6
ba_5_m2_s1,24,1,224057,1.6666666666666667,1.2857142857142858,2.6632908081776594,0.49999999999999983,0.0,6
ba_5_m2_s1,25,0,11026,1.6666666666666667,1.2857142857142858,2.6632908081776594,0.49999999999999983,0.0,6
ba_5_m2_s1,26,0,149207,1.6666666666666667,1.2857142857142858,2.6632908081776594,0.49999999999999983,0.0,6
ba_5_m2_s1,27,0,26629,1.6666666666666667,1.2857142857142858,2.6632908081776594,0.49999999999999983,0.0,6
ba_5_m2_s1,28,0,36200,1.6666666666666667,1.2857142857142858,2.6632908081776594,0.49999999999999983,0.0,6
ba_5_m2_s1,29,0,20517,1.6666666666666667,1.2857142857142858,2.6632908081776594,0.49999999999999983,0.0,6
ba_5_m2_s1,30,0,12467,1.6666666666666667,1.2857142857142858,2.6632908081776594,0.49999999999999983,0.0,6
ba_5_m2_s1,31,0,32379,1.6666666666666667,1.2857142857142858,2.6632908081776594,0.49999999999999983,0.0,6
ba_5_m2_s1,32,0,23369,1.6666666666666667,1.2857142857142858,2.6632908081776594,0.49999999999999983,0.0,6
ba_5_m2_s1,33,1,55815,1.6666666666666667,1.2857142857142858,2.6632908081776594,0.49999999999999983,0.0,6
ba_5_m2_s1,34,0,46456,1.6666666666666667,1.2857142857142858,2.6632908081776594,0.49999999999999983,0.0,6
ba_5_m2_s1,35,0,6580,1.6666666666666667,1.2857142857142858,2.6632908081776594,0.49999999999999983,0.0,6
ba_5_m2_s1,36,0,6414,1.6666666666666667,1.2857142857142858,2.6632908081776594,0.49999999999999983,0.0,6
ba_5_m2_s1,37,0,8160,1.6666666666666667,1.2857142857142858,2.6632908081776594,0.49999999999999983,0.0,6
ba_5_m2_s1,38,0,48468,1.6666666666666667,1.2857142857142858,2.6632908081776594,0.49999999999999983,0.0,6
ba_5_m2_s1,39,0,12183,1.6666666666666667,1.2857142857142858,2.6632908081776594,0.49999999999999983,0.0,6
ba_5_m2_s1,40,0,127150,1.6666666666666667,1.2857142857142858,2.6632908081776594,0.49999999999999983,0.0,6
ba_5_m2_s1,41,0,4381,1.6666666666666667,1.2857142857142858,2.6632908081776594,0.49999999999999983,0.0,6
ba_5_m2_s1,42,1,39813,1.6666666666666667,1.2857142857142858,2.6632908081776594,0.49999999999999983,0.0,6
ba_5_m2_s1,43,0,27766,1.6666666666666667,1.2857142857142858,2.6632908081776594,0.49999999999999983,0.0,6
ba_5_m2_s1,44,0,23379,1.6666666666666667,1.2857142857142858,2.6632908081776594,0.49999999999999983,0.0,6
ba_5_m2_s1,45,0,84706,1.6666666666666667,1.2857142857142858,2.6632908081776594,0.49999999999999983,0.0,6
ba_5_m2_s1,46,0,5263,1.6666666666666667,1.2857142857142858,2.6632908081776594,0.49999999999999983,0.0,6
ba_5_m2_s1,47,0,21963,1.6666666666666667,1.2857142857142858,2.6632908081776594,0.49999999999999983,0.0,6
ba_5_m2_s1,48,0,4816,1.6666666666666667,1.2857142857142858,2.6632908081776594,0.49999999999999983,0.0,6
ba_5_m2_s1,49,1,17542,1.6666666666666667,1.2857142857142858,2.6632908081776594,0.49999999999999983,0.0,6
ba_5_m2_s1,50,0,131217,1.6666666666666667,1.2857142857142858,2.6632908081776594,0.49999999999999983,0.0,6
ba_5_m2_s1,51,0,63664,1.6666666666666667,1.2857142857142858,2.6632908081776594,0.49999999999999983,0.0,6
ba_5_m2_s1,52,0,159022,1.6666666666666667,1.2857142857142858,2.6632908081776594,0.49999999999999983,0.0,6
ba_5_m2_s1,53,0,16424,1.6666666666666667,1.2857142857142858,2.6632908081776594,0.49999999999999983,0.0,6
ba_5_m2_s1,54,0,10360,1.6666666666666667,1.2857142857142858,2.6632908081776594,0.49999999999999983,0.0,6
ba_5_m2_s1,55,0,4124,1.6666666666666667,1.2857142857142858,2.6632908081776594,0.49999999999999983,0.0,6
ba_5_m2_s1,56,0,28930,1.6666666666666667,1.2857142857142858,2.6632908081776594,0.49999999999999983,0.0,6
ba_5_m2_s1,57,1,1846,1.6666666666666667,1.2857142857142858,2.6632908081776594,0.49999999999999983,0.0,6
ba_5_m2_s1,58,1,49913,1.6666666666666667,1.2857142857142858,2.6632908081776594,0.49999999999999983,0.0,6
ba_5_m2_s1,59,0,6259,1.6666666666666667,1.2857142857142858,2.6632908081776594,0.49999999999999983,0.0,6
ba_5_m2_s1,60,1,78277,1.6666666666666667,1.2857142857142858,2.6632908081776594,0.49999999999999983,0.0,6
ba_5_m2_s1,61,0,42036,1.6666666666666667,1.2857142857142858,2.6632908081776594,0.49999999999999983,0.0,6
ba_5_m2_s1,62,0,10278,1.6666666666666667,1.2857142857142858,2.6632908081776594,0.49999999999999983,0.0,6
ba_5_m2_s1,63,0,205889,1.6666666666666667,1.2857142857142858,2.6632908081776594,0.49999999999999983,0.0,6
ba_5_m2_s1,64,0,12215,1.6666666666666667,1.2857142857142858,2.6632908081776594,0.49999999999999983,0.0,6
ba_5_m2_s1,65,0,12413,1.6666666666666667,1.2857142857142858,2.6632908081776594,0.49999999999999983,0.0,6
ba_5_m2_s1,66,0,14854,1.6666666666666667,1.2857142857142858,2.6632908081776594,0.49999999999999983,0.0,6
ba_5_m2_s1,67,0,8998,1.6666666666666667,1.2857142857142858,2.6632908081776594,0.49999999999999983,0.0,6
ba_5_m2_s1,68,0,6589,1.6666666666666667,1.2857142857142858,2.6632908081776594,0.49999999999999983,0.0,6
ba_5_m2_s1,69,0,3781,1.6666666666666667,1.2857142857142858,2.6632908081776594,0.49999999999999983,0.0,6
ba_5_m2_s1,70,0,5656,1.6666666666666667,1.2857142857142858,2.6632908081776594,0.49999999999999983,0.0,6
ba_5_m2_s1,71,0,20082,1.6666666666666667,1.2857142857142858,2.6632908081776594,0.49999999999999983,0.0,6
ba_5_m2_s1,72,0,14990,1.6666666666666667,1.2857142857142858,2.6632908081776594,0.49999999999999983,0.0,6
ba_5_m2_s1,73,0,9366,1.6666666666666667,1.2857142857142858,2.6632908081776594,0.49999999999999983,0.0,6
ba_5_m2_s1,74,0,9656,1.6666666666666667,1.2857142857142858,2.6632908081776594,0.49999999999999983,0.0,6
ba_5_m2_s1,75,1,17570,1.6666666666666667,1.2857142857142858,2.6632908081776594,0.49999999999999983,0.0,6
ba_5_m2_s1,76,0,50228,1.6666666666666667,1.2857142857142858,2.6632908081776594,0.49999999999999983,0.0,6
ba_5_m2_s1,77,0,114926,1.6666666666666667,1.2857142857142858,2.6632908081776594,0.49999999999999983,0.0,6
ba_5_m2_s1,78,1,40082,1.6666666666666667,1.2857142857142858,2.6632908081776594,0.49999999999999983,0.0,6
ba_5_m2_s1,79,1,22653,1.6666666666666667,1.2857142857142858,2.6632908081776594,0.49999999999999983,0.0,6
ba_5_m2_s1,80,0,154261,1.6666666666666667,1.2857142857142858,2.6632908081776594,0.49999999999999983,0.0,6
ba_5_m2_s1,81,0,2376,1.6666666666666667,1.2857142857142858,2.6632908081776594,0.49999999999999983,0.0,6
ba_5_m2_s1,82,0,15188,1.6666666666666667,1.2857142857142858,2.6632908081776594,0.49999999999999983,0.0,6
ba_5_m2_s1,83,0,4884,1.6666666666666667,1.2857142857142858,2.6632908081776594,0.49999999999999983,0.0,6
ba_5_m2_s1,84,0,52707,1.6666666666666667,1.2857142857142858,2.6632908081776594,0.49999999999999983,0.0,6
ba_5_m2_s1,85,0,26348,1.6666666666666667,1.2857142857142858,2.6632908081776594,0.49999999999999983,0.0,6
ba_5_m2_s1,86,0,59216,1.6666666666666667,1.2857142857142858,2.6632908081776594,0.49999999999999983,0.0,6
ba_5_m2_s1,87,0,18241,1.6666666666666667,1.2857142857142858,2.6632908081776594,0.49999999999999983,0.0,6
ba_5_m2_s1,88,0,21366,1.6666666666666667,1.2857142857142858,2.6632908081776594,0.49999999999999983,0.0,6
ba_5_m2_s1,89,1,82784,1.6666666666666667,1.2857142857142858,2.6632908081776594,0.49999999999999983,0.0,6
ba_5_m2_s1,90,0,179812,1.6666666666666667,1.2857142857142858,2.6632908081776594,0.49999999999999983,0.0,6
ba_5_m2_s1,91,0,24845,1.6666666666666667,1.2857142857142858,2.6632908081776594,0.49999999999999983,0.0,6
ba_5_m2_s1,92,0,52240,1.6666666666666667,1.2857142857142858,2.6632908081776594,0.49999999999999983,0.0,6
ba_5_m2_s1,93,1,71718,1.6666666666666667,1.2857142857142858,2.6632908081776594,0.49999999999999983,0.0,6
ba_5_m2_s1,94,0,12697,1.6666666666666667,1.2857142857142858,2.6632908081776594,0.49999999999999983,0.0,6
ba_5_m2_s1,95,1,23316,1.6666666666666667,1.2857142857142858,2.6632908081776594,0.49999999999999983,0.0,6
ba_5_m2_s1,96,0,2614,1.6666666666666667,1.2857142857142858,2.6632908081776594,0.49999999999999983,0.0,6
ba_5_m2_s1,97,0,8255,1.6666666666666667,1.2857142857142858,2.6632908081776594,0.49999999999999983,0.0,6
ba_5_m2_s1,98,0,12082,1.6666666666666667,1.2857142857142858,2.6632908081776594,0.49999999999999983,0.0,6
ba_5_m2_s1,99,1,139144,1.6666666666666667,1.2857142857142858,2.6632908081776594,0.49999999999999983,0.0,6
ba_5_m2_s2,0,0,35744,1.5714285714285714,1.4285714285714286,2.690468570732828,0.6666666666666667,0.0,6
ba_5_m2_s2,1,1,2907,1.5714285714285714,1.4285714285714286,2.690468570732828,0.6666666666666667,0.0,6
ba_5_m2_s2,2,0,8423,1.5714285714285714,1.4285714285714286,2.690468570732828,0.6666666666666667,0.0,6
ba_5_m2_s2,3,0,79927,1.5714285714285714,1.4285714285714286,2.690468570732828,0.6666666666666667,0.0,6
ba_5_m2_s2,4,0,86772,1.5714285714285714,1.4285714285714286,2.690468570732828,0.6666666666666667,0.0,6
ba_5_m2_s2,5,1,42053,1.5714285714285714,1.4285714285714286,2.690468570732828,0.6666666666666667,0.0,6
ba_5_m2_s2,6,0,110060,1.5714285714285714,1.4285714285714286,2.690468570732828,0.6666666666666667,0.0,6
ba_5_m2_s2,7,1,88356,1.5714285714285714,1.4285714285714286,2.690468570732828,0.6666666666666667,0.0,6
ba_5_m2_s2,8,0,143641,1.5714285714285714,1.4285714285714286,2.690468570732828,0.6666666666666667,0.0,6
ba_5_m2_s2,9,0,27130,1.5714285714285714,1.4285714285714286,2.690468570732828,0.6666666666666667,0.0,6
ba_5_m2_s2,10,0,72958,1.5714285714285714,1.4285714285714286,2.690468570732828,0.6666666666666667,0.0,6
ba_5_m2_s2,11,1,30584,1.5714285714285714,1.4285714285714286,2.690468570732828,0.6666666666666667,0.0,6
ba_5_m2_s2,12,0,2542,1.5714285714285714,1.4285714285714286,2.690468570732828,0.6666666666666667,0.0,6
ba_5_m2_s2,13,1,34940,1.5714285714285714,1.4285714285714286,2.690468570732828,0.6666666666666667,0.0,6
ba_5_m2_s2,14,0,29666,1.5714285714285714,1.4285714285714286,2.690468570732828,0.6666666666666667,0.0,6
ba_5_m2_s2,15,0,4070,1.5714285714285714,1.4285714285714286,2.690468570732828,0.6666666666666667,0.0,6
ba_5_m2_s2,16,0,12859,1.5714285714285714,1.4285714285714286,2.690468570732828,0.6666666666666667,0.0,6
ba_5_m2_s2,17,0,25332,1.5714285714285714,1.4285714285714286,2.690468570732828,0.6666666666666667,0.0,6
ba_5_m2_s2,18,0,21192,1.5714285714285714,1.4285714285714286,2.690468570732828,0.6666666666666667,0.0,6
ba_5_m2_s2,19,0,62010,1.5714285714285714,1.4285714285714286,2.690468570732828,0.6666666666666667,0.0,6
ba_5_m2_s2,20,0,5786,1.5714285714285714,1.4285714285714286,2.690468570732828,0.6666666666666667,0.0,6
ba_5_m2_s2,21,0,3602,1.5714285714285714,1.4285714285714286,2.690468570732828,0.6666666666666667,0.0,6
ba_5_m2_s2,22,0,89959,1.5714285714285714,1.4285714285714286,2.690468570732828,0.6666666666666667,0.0,6
ba_5_m2_s2,23,1,5319,1.5714285714285714,1.4285714285714286,2.690468570732828,0.6666666666666667,0.0,6
ba_5_m2_s2,24,0,72182,1.5714285714285714,1.4285714285714286,2.690468570732828,0.6666666666666667,0.0,6
ba_5_m2_s2,25,0,21421,1.5714285714285714,1.4285714285714286,2.690468570732828,0.6666666666666667,0.0,6
ba_5_m2_s2,26,1,110682,1.5714285714285714,1.4285714285714286,2.690468570732828,0.6666666666666667,0.0,6
ba_5_m2_s2,27,0,23189,1.5714285714285714,1.4285714285714286,2.690468570732828,0.6666666666666667,0.0,6
ba_5_m2_s2,28,1,65008,1.5714285714285714,1.4285714285714286,2.690468570732828,0.6666666666666667,0.0,6
ba_5_m2_s2,29,0,12347,1.5714285714285714,1.4285714285714286,2.690468570732828,0.6666666666666667,0.0,6
ba_5_m2_s2,30,0,17443,1.5714285714285714,1.4285714285714286,2.690468570732828,0.6666666666666667,0.0,6
ba_5_m2_s2,31,0,37142,1.5714285714285714,1.4285714285714286,2.690468570732828,0.6666666666666667,0.0,6
ba_5_m2_s2,32,0,11343,1.5714285714285714,1.4285714285714286,2.690468570732828,0.6666666666666667,0.0,6
ba_5_m2_s2,33,1,49554,1.5714285714285714,1.4285714285714286,2.690468570732828,0.6666666666666667,0.0,6
ba_5_m2_s2,34,0,47893,1.5714285714285714,1.4285714285714286,2.690468570732828,0.6666666666666667,0.0,6
ba_5_m2_s2,35,0,4853,1.5714285714285714,1.4285714285714286,2.690468570732828,0.6666666666666667,0.0,6
ba_5_m2_s2,36,0,9285,1.5714285714285714,1.4285714285714286,2.690468570732828,0.6666666666666667,0.0,6
ba_5_m2_s2,37,0,10556,1.5714285714285714,1.4285714285714286,2.690468570732828,0.6666666666666667,0.0,6
ba_5_m2_s2,38,0,57865,1.5714285714285714,1.4285714285714286,2.690468570732828,0.6666666666666667,0.0,6
ba_5_m2_s2,39,0,14390,1.5714285714285714,1.4285714285714286,2.690468570732828,0.6666666666666667,0.0,6
ba_5_m2_s2,40,0,43454,1.5714285714285714,1.4285714285714286,2.690468570732828,0.6666666666666667,0.0,6
ba_5_m2_s2,41,0,19531,1.5714285714285714,1.4285714285714286,2.690468570732828,0.6666666666666667,0.0,6
ba_5_m2_s2,42,0,17631,1.5714285714285714,1.4285714285714286,2.690468570732828,0.6666666666666667,0.0,6
ba_5_m2_s2,43,0,20082,1.5714285714285714,1.4285714285714286,2.690468570732828,0.6666666666666667,0.0,6
ba_5_m2_s2,44,0,216007,1.5714285714285714,1.4285714285714286,2.690468570732828,0.6666666666666667,0.0,6
ba_5_m2_s2,45,0,0,1.5714285714285714,1.4285714285714286,2.690468570732828,0.6666666666666667,0.0,6
ba_5_m2_s2,46,0,9422,1.5714285714285714,1.4285714285714286,2.690468570732828,0.6666666666666667,0.0,6
ba_5_m2_s2,47,0,35357,1.5714285714285714,1.4285714285714286,2.690468570732828,0.6666666666666667,0.0,6
ba_5_m2_s2,48,0,4653,1.5714285714285714,1.4285714285714286,2.690468570732828,0.6666666666666667,0.0,6
ba_5_m2_s2,49,1,11010,1.5714285714285714,1.4285714285714286,2.690468570732828,0.6666666666666667,0.0,6
ba_5_m2_s2,50,0,85834,1.5714285714285714,1.4285714285714286,2.690468570732828,0.6666666666666667,0.0,6
ba_5_m2_s2,51,1,59023,1.5714285714285714,1.4285714285714286,2.690468570732828,0.6666666666666667,0.0,6
ba_5_m2_s2,52,1,90591,1.5714285714285714,1.4285714285714286,2.690468570732828,0.6666666666666667,0.0,6
ba_5_m2_s2,53,0,13643,1.5714285714285714,1.4285714285714286,2.690468570732828,0.6666666666666667,0.0,6
ba_5_m2_s2,54,0,18776,1.5714285714285714,1.4285714285714286,2.690468570732828,0.6666666666666667,0.0,6
ba_5_m2_s2,55,0,4694,1.5714285714285714,1.4285714285714286,2.690468570732828,0.6666666666666667,0.0,6
ba_5_m2_s2,56,0,12774,1.5714285714285714,1.4285714285714286,2.690468570732828,0.6666666666666667,0.0,6
ba_5_m2_s2,57,0,6233,1.5714285714285714,1.4285714285714286,2.690468570732828,0.6666666666666667,0.0,6
ba_5_m2_s2,58,1,57767,1.5714285714285714,1.4285714285714286,2.690468570732828,0.6666666666666667,0.0,6
ba_5_m2_s2,59,0,12400,1.5714285714285714,1.4285714285714286,2.690468570732828,0.6666666666666667,0.0,6
ba_5_m2_s2,60,0,60100,1.5714285714285714,1.4285714285714286,2.690468570732828,0.6666666666666667,0.0,6
ba_5_m2_s2,61,0,35231,1.5714285714285714,1.4285714285714286,2.690468570732828,0.6666666666666667,0.0,6
ba_5_m2_s2,62,0,16456,1.5714285714285714,1.4285714285714286,2.690468570732828,0.6666666666666667,0.0,6
ba_5_m2_s2,63,0,74690,1.5714285714285714,1.4285714285714286,2.690468570732828,0.6666666666666667,0.0,6
ba_5_m2_s2,64,0,2746,1.5714285714285714,1.4285714285714286,2.690468570732828,0.6666666666666667,0.0,6
ba_5_m2_s2,65,0,35558,1.5714285714285714,1.4285714285714286,2.690468570732828,0.6666666666666667,0.0,6
ba_5_m2_s2,66,0,12284,1.5714285714285714,1.4285714285714286,2.690468570732828,0.6666666666666667,0.0,6
ba_5_m2_s2,67,0,24260,1.5714285714285714,1.4285714285714286,2.690468570732828,0.6666666666666667,0.0,6
ba_5_m2_s2,68,1,8025,1.5714285714285714,1.4285714285714286,2.690468570732828,0.6666666666666667,0.0,6
ba_5_m2_s2,69,0,4430,1.5714285714285714,1.4285714285714286,2.690468570732828,0.6666666666666667,0.0,6
ba_5_m2_s2,70,0,4684,1.5714285714285714,1.4285714285714286,2.690468570732828,0.6666666666666667,0.0,6
ba_5_m2_s2,71,1,88642,1.5714285714285714,1.4285714285714286,2.690468570732828,0.6666666666666667,0.0,6
ba_5_m2_s2,72,0,3753,1.5714285714285714,1.4285714285714286,2.690468570732828,0.6666666666666667,0.0,6
ba_5_m2_s2,73,0,31070,1.5714285714285714,1.4285714285714286,2.690468570732828,0.6666666666666667,0.0,6
ba_5_m2_s2,74,0,5388,1.5714285714285714,1.4285714285714286,2.690468570732828,0.6666666666666667,0.0,6
ba_5_m2_s2,75,0,21863,1.5714285714285714,1.4285714285714286,2.690468570732828,0.6666666666666667,0.0,6
ba_5_m2_s2,76,0,22994,1.5714285714285714,1.4285714285714286,2.690468570732828,0.6666666666666667,0.0,6
ba_5_m2_s2,77,0,43195,1.5714285714285714,1.4285714285714286,2.690468570732828,0.6666666666666667,0.0,6
ba_5_m2_s2,78,1,15869,1.5714285714285714,1.4285714285714286,2.690468570732828,0.6666666666666667,0.0,6
ba_5_m2_s2,79,1,58758,1.5714285714285714,1.4285714285714286,2.690468570732828,0.6666666666666667,0.0,6
ba_5_m2_s2,80,0,149136,1.5714285714285714,1.4285714285714286,2.690468570732828,0.6666666666666667,0.0,6
ba_5_m2_s2,81,1,4652,1.5714285714285714,1.4285714285714286,2.690468570732828,0.6666666666666667,0.0,6
ba_5_m2_s2,82,1,79657,1.5714285714285714,1.4285714285714286,2.690468570732828,0.6666666666666667,0.0,6
ba_5_m2_s2,83,0,4675,1.5714285714285714,1.4285714285714286,2.690468570732828,0.6666666666666667,0.0,6
ba_5_m2_s2,84,0,45692,1.5714285714285714,1.4285714285714286,2.690468570732828,0.6666666666666667,0.0,6
ba_5_m2_s2,85,0,15929,1.5714285714285714,1.4285714285714286,2.690468570732828,0.6666666666666667,0.0,6
ba_5_m2_s2,86,0,17574,1.5714285714285714,1.4285714285714286,2.690468570732828,0.6666666666666667,0.0,6
ba_5_m2_s2,87,0,14573,1.5714285714285714,1.4285714285714286,2.690468570732828,0.6666666666666667,0.0,6
ba_5_m2_s2,88,0,18101,1.5714285714285714,1.4285714285714286,2.690468570732828,0.6666666666666667,0.0,6
ba_5_m2_s2,89,0,52022,1.5714285714285714,1.4285714285714286,2.690468570732828,0.6666666666666667,0.0,6
ba_5_m2_s2,90,0,43167,1.5714285714285714,1.4285714285714286,2.690468570732828,0.6666666666666667,0.0,6
ba_5_m2_s2,91,0,23383,1.5714285714285714,1.4285714285714286,2.690468570732828,0.6666666666666667,0.0,6
ba_5_m2_s2,92,0,52515,1.5714285714285714,1.4285714285714286,2.690468570732828,0.6666666666666667,0.0,6
ba_5_m2_s2,93,1,88570,1.5714285714285714,1.4285714285714286,2.690468570732828,0.6666666666666667,0.0,6
ba_5_m2_s2,94,0,13603,1.5714285714285714,1.4285714285714286,2.690468570732828,0.6666666666666667,0.0,6
ba_5_m2_s2,95,0,6465,1.5714285714285714,1.4285714285714286,2.690468570732828,0.6666666666666667,0.0,6
ba_5_m2_s2,96,0,6198,1.5714285714285714,1.4285714285714286,2.690468570732828,0.6666666666666667,0.0,6
ba_5_m2_s2,97,0,7966,1.5714285714285714,1.4285714285714286,2.690468570732828,0.6666666666666667,0.0,6
ba_5_m2_s2,98,0,10745,1.5714285714285714,1.4285714285714286,2.690468570732828,0.6666666666666667,0.0,6
ba_5_m2_s2,99,1,96694,1.5714285714285714,1.4285714285714286,2.690468570732828,0.6666666666666667,0.0,6
ba_7_m1_s1,0,0,13894,1.8333333333333333,1.2222222222222223,3.0226297788901695,0.4999999999999996,0.0,8
ba_7_m1_s1,1,0,4959,1.8333333333333333,1.2222222222222223,3.0226297788901695,0.4999999999999996,0.0,8
ba_7_m1_s1,2,0,19210,1.8333333333333333,1.2222222222222223,3.0226297788901695,0.4999999999999996,0.0,8
ba_7_m1_s1,3,0,31679,1.8333333333333333,1.2222222222222223,3.0226297788901695,0.4999999999999996,0.0,8
ba_7_m1_s1,4,0,24998,1.8333333333333333,1.2222222222222223,3.0226297788901695,0.4999999999999996,0.0,8
ba_7_m1_s1,5,0,54368,1.8333333333333333,1.2222222222222223,3.0226297788901695,0.4999999999999996,0.0,8
ba_7_m1_s1,6,0,85354,1.8333333333333333,1.2222222222222223,3.0226297788901695,0.4999999999999996,0.0,8
ba_7_m1_s1,7,1,269755,1.8333333333333333,1.2222222222222223,3.0226297788901695,0.4999999999999996,0.0,8
ba_7_m1_s1,8,0,324312,1.8333333333333333,1.2222222222222223,3.0226297788901695,0.4999999999999996,0.0,8
ba_7_m1_s1,9,0,21672,1.8333333333333333,1.2222222222222223,3.0226297788901695,0.4999999999999996,0.0,8
ba_7_m1_s1,10,0,32158,1.8333333333333333,1.2222222222222223,3.0226297788901695,0.4999999999999996,0.0,8
ba_7_m1_s1,11,1,57348,1.8333333333333333,1.2222222222222223,3.0226297788901695,0.4999999999999996,0.0,8
ba_7_m1_s1,12,0,10740,1.8333333333333333,1.2222222222222223,3.0226297788901695,0.4999999999999996,0.0,8
ba_7_m1_s1,13,1,25801,1.8333333333333333,1.2222222222222223,3.0226297788901695,0.4999999999999996,0.0,8
ba_7_m1_s1,14,0,38626,1.8333333333333333,1.2222222222222223,3.0226297788901695,0.4999999999999996,0.0,8
ba_7_m1_s1,15,0,5123,1.8333333333333333,1.2222222222222223,3.0226297788901695,0.4999999999999996,0.0,8
ba_7_m1_s1,16,0,10423,1.8333333333333333,1.2222222222222223,3.0226297788901695,0.4999999999999996,0.0,8
ba_7_m1_s1,17,0,153156,1.8333333333333333,1.2222222222222223,3.0226297788901695,0.4999999999999996,0.0,8
ba_7_m1_s1,18,0,29571,1.8333333333333333,1.2222222222222223,3.0226297788901695,0.4999999999999996,0.0,8
ba_7_m1_s1,19,0,89298,1.8333333333333333,1.2222222222222223,3.0226297788901695,0.4999999999999996,0.0,8
ba_7_m1_s1,20,0,4744,1.8333333333333333,1.2222222222222223,3.0226297788901695,0.4999999999999996,0.0,8
ba_7_m1_s1,21,0,8704,1.8333333333333333,1.2222222222222223,3.0226297788901695,0.4999999999999996,0.0,8
ba_7_m1_s1,22,0,304881,1.8333333333333333,1.2222222222222223,3.0226297788901695,0.4999999999999996,0.0,8
ba_7_m1_s1,23,1,6829,1.8333333333333333,1.2222222222222223,3.0226297788901695,0.4999999999999996,0.0,8
ba_7_m1_s1,24,0,96927,1.8333333333333333,1.2222222222222223,3.0226297788901695,0.4999999999999996,0.0,8
ba_7_m1_s1,25,0,11420,1.8333333333333333,1.2222222222222223,3.0226297788901695,0.4999999999999996,0.0,8
ba_7_m1_s1,26,1,103045,1.8333333333333333,1.2222222222222223,3.0226297788901695,0.4999999999999996,0.0,8
ba_7_m1_s1,27,0,17792,1.8333333333333333,1.2222222222222223,3.0226297788901695,0.4999999999999996,0.0,8
ba_7_m1_s1,28,0,30879,1.8333333333333333,1.2222222222222223,3.0226297788901695,0.4999999999999996,0.0,8
ba_7_m1_s1,29,0,27958,1.8333333333333333,1.2222222222222223,3.0226297788901695,0.4999999999999996,0.0,8
ba_7_m1_s1,30,0,19438,1.8333333333333333,1.2222222222222223,3.0226297788901695,0.4999999999999996,0.0,8
ba_7_m1_s1,31,0,26765,1.8333333333333333,1.2222222222222223,3.0226297788901695,0.4999999999999996,0.0,8
ba_7_m1_s1,32,0,14162,1.8333333333333333,1.2222222222222223,3.0226297788901695,0.4999999999999996,0.0,8
ba_7_m1_s1,33,1,43895,1.8333333333333333,1.2222222222222223,3.0226297788901695,0.4999999999999996,0.0,8
ba_7_m1_s1,34,1,41597,1.8333333333333333,1.2222222222222223,3.0226297788901695,0.4999999999999996,0.0,8
ba_7_m1_s1,35,0,10639,1.8333333333333333,1.2222222222222223,3.0226297788901695,0.4999999999999996,0.0,8
ba_7_m1_s1,36,0,17268,1.8333333333333333,1.2222222222222223,3.0226297788901695,0.4999999999999996,0.0,8
ba_7_m1_s1,37,0,6251,1.8333333333333333,1.2222222222222223,3.0226297788901695,0.4999999999999996,0.0,8
ba_7_m1_s1,38,0,57459,1.8333333333333333,1.2222222222222223,3.0226297788901695,0.4999999999999996,0.0,8
ba_7_m1_s1,39,0,19150,1.8333333333333333,1.2222222222222223,3.0226297788901695,0.4999999999999996,0.0,8
ba_7_m1_s1,40,0,104067,1.8333333333333333,1.2222222222222223,3.0226297788901695,0.4999999999999996,0.0,8
ba_7_m1_s1,41,0,7203,1.8333333333333333,1.2222222222222223,3.0226297788901695,0.4999999999999996,0.0,8
ba_7_m1_s1,42,0,28255,1.8333333333333333,1.2222222222222223,3.0226297788901695,0.4999999999999996,0.0,8
ba_7_m1_s1,43,1,33485,1.8333333333333333,1.2222222222222223,3.0226297788901695,0.4999999999999996,0.0,8
ba_7_m1_s1,44,0,67149,1.8333333333333333,1.2222222222222223,3.0226297788901695,0.4999999999999996,0.0,8
ba_7_m1_s1,45,0,272648,1.8333333333333333,1.2222222222222223,3.0226297788901695,0.4999999999999996,0.0,8
ba_7_m1_s1,46,0,14582,1.8333333333333333,1.2222222222222223,3.0226297788901695,0.4999999999999996,0.0,8
ba_7_m1_s1,47,0,19439,1.8333333333333333,1.2222222222222223,3.0226297788901695,0.4999999999999996,0.0,8
ba_7_m1_s1,48,0,5687,1.8333333333333333,1.2222222222222223,3.0226297788901695,0.4999999999999996,0.0,8
ba_7_m1_s1,49,1,14086,1.8333333333333333,1.2222222222222223,3.0226297788901695,0.4999999999999996,0.0,8
ba_7_m1_s1,50,0,34114,1.8333333333333333,1.2222222222222223,3.0226297788901695,0.4999999999999996,0.0,8
ba_7_m1_s1,51,1,105218,1.8333333333333333,1.2222222222222223,3.0226297788901695,0.4999999999999996,0.0,8
ba_7_m1_s1,52,0,251243,1.8333333333333333,1.2222222222222223,3.0226297788901695,0.4999999999999996,0.0,8
ba_7_m1_s1,53,0,10083,1.8333333333333333,1.2222222222222223,3.0226297788901695,0.4999999999999996,0.0,8
ba_7_m1_s1,54,0,56861,1.8333333333333333,1.2222222222222223,3.0226297788901695,0.4999999999999996,0.0,8
ba_7_m1_s1,55,0,4636,1.8333333333333333,1.2222222222222223,3.0226297788901695,0.4999999999999996,0.0,8
ba_7_m1_s1,56,0,23101,1.8333333333333333,1.2222222222222223,3.0226297788901695,0.4999999999999996,0.0,8
ba_7_m1_s1,57,0,6088,1.8333333333333333,1.2222222222222223,3.0226297788901695,0.4999999999999996,0.0,8
ba_7_m1_s1,58,1,73176,1.8333333333333333,1.2222222222222223,3.0226297788901695,0.4999999999999996,0.0,8
ba_7_m1_s1,59,0,8782,1.8333333333333333,1.2222222222222223,3.0226297788901695,0.4999999999999996,0.0,8
ba_7_m1_s1,60,1,17169,1.8333333333333333,1.2222222222222223,3.0226297788901695,0.4999999999999996,0.0,8
ba_7_m1_s1,61,0,16695,1.8333333333333333,1.2222222222222223,3.0226297788901695,0.4999999999999996,0.0,8
ba_7_m1_s1,62,0,10239,1.8333333333333333,1.2222222222222223,3.0226297788901695,0.4999999999999996,0.0,8
ba_7_m1_s1,63,0,120197,1.8333333333333333,1.2222222222222223,3.0226297788901695,0.4999999999999996,0.0,8
ba_7_m1_s1,64,0,7293,1.8333333333333333,1.2222222222222223,3.0226297788901695,0.4999999999999996,0.0,8
ba_7_m1_s1,65,0,54062,1.8333333333333333,1.2222222222222223,3.0226297788901695,0.4999999999999996,0.0,8
ba_7_m1_s1,66,0,75549,1.8333333333333333,1.2222222222222223,3.0226297788901695,0.4999999999999996,0.0,8
ba_7_m1_s1,67,0,57717,1.8333333333333333,1.2222222222222223,3.0226297788901695,0.4999999999999996,0.0,8
ba_7_m1_s1,68,1,5114,1.8333333333333333,1.2222222222222223,3.0226297788901695,0.4999999999999996,0.0,8
ba_7_m1_s1,69,0,9456,1.8333333333333333,1.2222222222222223,3.0226297788901695,0.4999999999999996,0.0,8
ba_7_m1_s1,70,0,4660,1.8333333333333333,1.2222222222222223,3.0226297788901695,0.4999999999999996,0.0,8
ba_7_m1_s1,71,0,4377,1.8333333333333333,1.2222222222222223,3.0226297788901695,0.4999999999999996,0.0,8
ba_7_m1_s1,72,0,6653,1.8333333333333333,1.2222222222222223,3.0226297788901695,0.4999999999999996,0.0,8
ba_7_m1_s1,73,0,7260,1.8333333333333333,1.2222222222222223,3.0226297788901695,0.4999999999999996,0.0,8
ba_7_m1_s1,74,0,7037,1.8333333333333333,1.2222222222222223,3.0226297788901695,0.4999999999999996,0.0,8
ba_7_m1_s1,75,1,26260,1.8333333333333333,1.2222222222222223,3.0226297788901695,0.4999999999999996,0.0,8
ba_7_m1_s1,76,0,109290,1.8333333333333333,1.2222222222222223,3.0226297788901695,0.4999999999999996,0.0,8
ba_7_m1_s1,77,0,58046,1.8333333333333333,1.2222222222222223,3.0226297788901695,0.4999999999999996,0.0,8
ba_7_m1_s1,78,0,73867,1.8333333333333333,1.2222222222222223,3.0226297788901695,0.4999999999999996,0.0,8
ba_7_m1_s1,79,0,182052,1.8333333333333333,1.2222222222222223,3.0226297788901695,0.4999999999999996,0.0,8
ba_7_m1_s1,80,0,167962,1.8333333333333333,1.2222222222222223,3.0226297788901695,0.4999999999999996,0.0,8
ba_7_m1_s1,81,1,4336,1.8333333333333333,1.2222222222222223,3.0226297788901695,0.4999999999999996,0.0,8
ba_7_m1_s1,82,1,104983,1.8333333333333333,1.2222222222222223,3.0226297788901695,0.4999999999999996,0.0,8
ba_7_m1_s1,83,0,6142,1.8333333333333333,1.2222222222222223,3.0226297788901695,0.4999999999999996,0.0,8
ba_7_m1_s1,84,0,60935,1.8333333333333333,1.2222222222222223,3.0226297788901695,0.4999999999999996,0.0,8
ba_7_m1_s1,85,0,13881,1.8333333333333333,1.2222222222222223,3.0226297788901695,0.4999999999999996,0.0,8
ba_7_m1_s1,86,0,27858,1.8333333333333333,1.2222222222222223,3.0226297788901695,0.4999999999999996,0.0,8
ba_7_m1_s1,87,0,16157,1.8333333333333333,1.2222222222222223,3.0226297788901695,0.4999999999999996,0.0,8
ba_7_m1_s1,88,0,15386,1.8333333333333333,1.2222222222222223,3.0226297788901695,0.4999999999999996,0.0,8
ba_7_m1_s1,89,0,75536,1.8333333333333333,1.2222222222222223,3.0226297788901695,0.4999999999999996,0.0,8
ba_7_m1_s1,90,0,254479,1.8333333333333333,1.2222222222222223,3.0226297788901695,0.4999999999999996,0.0,8
ba_7_m1_s1,91,0,38924,1.8333333333333333,1.2222222222222223,3.0226297788901695,0.4999999999999996,0.0,8
ba_7_m1_s1,92,0,119958,1.8333333333333333,1.2222222222222223,3.0226297788901695,0.4999999999999996,0.0,8
ba_7_m1_s1,93,1,79241,1.8333333333333333,1.2222222222222223,3.0226297788901695,0.4999999999999996,0.0,8
ba_7_m1_s1,94,0,11590,1.8333333333333333,1.2222222222222223,3.0226297788901695,0.4999999999999996,0.0,8
ba_7_m1_s1,95,1,53493,1.8333333333333333,1.2222222222222223,3.0226297788901695,0.4999999999999996,0.0,8
ba_7_m1_s1,96,0,6142,1.8333333333333333,1.2222222222222223,3.0226297788901695,0.4999999999999996,0.0,8
ba_7_m1_s1,97,0,5924,1.8333333333333333,1.2222222222222223,3.0226297788901695,0.4999999999999996,0.0,8
ba_7_m1_s1,98,0,5675,1.8333333333333333,1.2222222222222223,3.0226297788901695,0.4999999999999996,0.0,8
ba_7_m1_s1,99,1,269980,1.8333333333333333,1.2222222222222223,3.0226297788901695,0.4999999999999996,0.0,8
ba_7_m2_s1,0,0,73702,1.8333333333333333,1.4444444444444444,3.027980354473245,0.43651147838911303,0.0,8
ba_7_m2_s1,1,1,3923,1.8333333333333333,1.4444444444444444,3.027980354473245,0.43651147838911303,0.0,8
ba_7_m2_s1,2,0,20466,1.8333333333333333,1.4444444444444444,3.027980354473245,0.43651147838911303,0.0,8
ba_7_m2_s1,3,0,97238,1.8333333333333333,1.4444444444444444,3.027980354473245,0.43651147838911303,0.0,8
ba_7_m2_s1,4,0,64489,1.8333333333333333,1.4444444444444444,3.027980354473245,0.43651147838911303,0.0,8
ba_7_m2_s1,5,1,83776,1.8333333333333333,1.4444444444444444,3.027980354473245,0.43651147838911303,0.0,8
ba_7_m2_s1,6,0,150206,1.8333333333333333,1.4444444444444444,3.027980354473245,0.43651147838911303,0.0,8
ba_7_m2_s1,7,1,257297,1.8333333333333333,1.4444444444444444,3.027980354473245,0.43651147838911303,0.0,8
ba_7_m2_s1,8,0,116080,1.8333333333333333,1.4444444444444444,3.027980354473245,0.43651147838911303,0.0,8
ba_7_m2_s1,9,0,81224,1.8333333333333333,1.4444444444444444,3.027980354473245,0.43651147838911303,0.0,8
ba_7_m2_s1,10,0,100209,1.8333333333333333,1.4444444444444444,3.027980354473245,0.43651147838911303,0.0,8
ba_7_m2_s1,11,1,41811,1.8333333333333333,1.4444444444444444,3.027980354473245,0.43651147838911303,0.0,8
ba_7_m2_s1,12,1,12765,1.8333333333333333,1.4444444444444444,3.027980354473245,0.43651147838911303,0.0,8
ba_7_m2_s1,13,1,46195,1.8333333333333333,1.4444444444444444,3.027980354473245,0.43651147838911303,0.0,8
ba_7_m2_s1,14,0,56114,1.8333333333333333,1.4444444444444444,3.027980354473245,0.43651147838911303,0.0,8
ba_7_m2_s1,15,0,3951,1.8333333333333333,1.4444444444444444,3.027980354473245,0.43651147838911303,0.0,8
ba_7_m2_s1,16,0,16950,1.8333333333333333,1.4444444444444444,3.027980354473245,0.43651147838911303,0.0,8
ba_7_m2_s1,17,0,82019,1.8333333333333333,1.4444444444444444,3.027980354473245,0.43651147838911303,0.0,8
ba_7_m2_s1,18,0,20250,1.8333333333333333,1.4444444444444444,3.027980354473245,0.43651147838911303,0.0,8
ba_7_m2_s1,19,0,88915,1.8333333333333333,1.4444444444444444,3.027980354473245,0.43651147838911303,0.0,8
ba_7_m2_s1,20,0,3270,1.8333333333333333,1.4444444444444444,3.027980354473245,0.43651147838911303,0.0,8
ba_7_m2_s1,21,0,8767,1.8333333333333333,1.4444444444444444,3.027980354473245,0.43651147838911303,0.0,8
ba_7_m2_s1,22,0,104267,1.8333333333333333,1.4444444444444444,3.027980354473245,0.43651147838911303,0.0,8
ba_7_m2_s1,23,1,4952,1.8333333333333333,1.4444444444444444,3.027980354473245,0.43651147838911303,0.0,8
ba_7_m2_s1,24,1,226410,1.8333333333333333,1.4444444444444444,3.027980354473245,0.43651147838911303,0.0,8
ba_7_m2_s1,25,0,12444,1.8333333333333333,1.4444444444444444,3.027980354473245,0.43651147838911303,0.0,8
ba_7_m2_s1,26,1,46592,1.8333333333333333,1.4444444444444444,3.027980354473245,0.43651147838911303,0.0,8
ba_7_m2_s1,27,0,17803,1.8333333333333333,1.4444444444444444,3.027980354473245,0.43651147838911303,0.0,8
ba_7_m2_s1,28,1,126371,1.8333333333333333,1.4444444444444444,3.027980354473245,0.43651147838911303,0.0,8
ba_7_m2_s1,29,0,23650,1.8333333333333333,1.4444444444444444,3.027980354473245,0.43651147838911303,0.0,8
ba_7_m2_s1,30,0,9598,1.8333333333333333,1.4444444444444444,3.027980354473245,0.43651147838911303,0.0,8
ba_7_m2_s1,31,0,103147,1.8333333333333333,1.4444444444444444,3.027980354473245,0.43651147838911303,0.0,8
ba_7_m2_s1,32,0,24341,1.8333333333333333,1.4444444444444444,3.027980354473245,0.43651147838911303,0.0,8
ba_7_m2_s1,33,1,64161,1.8333333333333333,1.4444444444444444,3.027980354473245,0.43651147838911303,0.0,8
ba_7_m2_s1,34,0,17648,1.8333333333333333,1.4444444444444444,3.027980354473245,0.43651147838911303,0.0,8
ba_7_m2_s1,35,0,10739,1.8333333333333333,1.4444444444444444,3.027980354473245,0.43651147838911303,0.0,8
ba_7_m2_s1,36,0,9404,1.8333333333333333,1.4444444444444444,3.027980354473245,0.43651147838911303,0.0,8
ba_7_m2_s1,37,0,19810,1.8333333333333333,1.4444444444444444,3.027980354473245,0.43651147838911303,0.0,8
ba_7_m2_s1,38,0,47958,1.8333333333333333,1.4444444444444444,3.027980354473245,0.43651147838911303,0.0,8
ba_7_m2_s1,39,0,14078,1.8333333333333333,1.4444444444444444,3.027980354473245,0.43651147838911303,0.0,8
ba_7_m2_s1,40,0,175144,1.8333333333333333,1.4444444444444444,3.027980354473245,0.43651147838911303,0.0,8
ba_7_m2_s1,41,0,13572,1.8333333333333333,1.4444444444444444,3.027980354473245,0.43651147838911303,0.0,8
ba_7_m2_s1,42,1,41089,1.8333333333333333,1.4444444444444444,3.027980354473245,0.43651147838911303,0.0,8
ba_7_m2_s1,43,1,15824,1.8333333333333333,1.4444444444444444,3.027980354473245,0.43651147838911303,0.0,8
ba_7_m2_s1,44,0,56783,1.8333333333333333,1.4444444444444444,3.027980354473245,0.43651147838911303,0.0,8
ba_7_m2_s1,45,0,119755,1.8333333333333333,1.4444444444444444,3.027980354473245,0.43651147838911303,0.0,8
ba_7_m2_s1,46,0,13628,1.8333333333333333,1.4444444444444444,3.027980354473245,0.43651147838911303,0.0,8
ba_7_m2_s1,47,0,8432,1.8333333333333333,1.4444444444444444,3.027980354473245,0.43651147838911303,0.0,8
ba_7_m2_s1,48,0,3684,1.8333333333333333,1.4444444444444444,3.027980354473245,0.43651147838911303,0.0,8
ba_7_m2_s1,49,1,15875,1.8333333333333333,1.4444444444444444,3.027980354473245,0.43651147838911303,0.0,8
ba_7_m2_s1,50,0,194282,1.8333333333333333,1.4444444444444444,3.027980354473245,0.43651147838911303,0.0,8
ba_7_m2_s1,51,1,118781,1.8333333333333333,1.4444444444444444,3.027980354473245,0.43651147838911303,0.0,8
ba_7_m2_s1,52,0,193553,1.8333333333333333,1.4444444444444444,3.027980354473245,0.43651147838911303,0.0,8
ba_7_m2_s1,53,0,14248,1.8333333333333333,1.4444444444444444,3.027980354473245,0.43651147838911303,0.0,8
ba_7_m2_s1,54,0,27132,1.8333333333333333,1.4444444444444444,3.027980354473245,0.43651147838911303,0.0,8
ba_7_m2_s1,55,0,6286,1.8333333333333333,1.4444444444444444,3.027980354473245,0.43651147838911303,0.0,8
ba_7_m2_s1,56,0,30985,1.8333333333333333,1.4444444444444444,3.027980354473245,0.43651147838911303,0.0,8
ba_7_m2_s1,57,0,7814,1.8333333333333333,1.4444444444444444,3.027980354473245,0.43651147838911303,0.0,8
ba_7_m2_s1,58,0,80212,1.8333333333333333,1.4444444444444444,3.027980354473245,0.43651147838911303,0.0,8
ba_7_m2_s1,59,0,5312,1.8333333333333333,1.4444444444444444,3.027980354473245,0.43651147838911303,0.0,8
ba_7_m2_s1,60,1,34816,1.8333333333333333,1.4444444444444444,3.027980354473245,0.43651147838911303,0.0,8
ba_7_m2_s1,61,0,63059,1.8333333333333333,1.4444444444444444,3.027980354473245,0.43651147838911303,0.0,8
ba_7_m2_s1,62,0,17570,1.8333333333333333,1.4444444444444444,3.027980354473245,0.43651147838911303,0.0,8
ba_7_m2_s1,63,0,108222,1.8333333333333333,1.4444444444444444,3.027980354473245,0.43651147838911303,0.0,8
ba_7_m2_s1,64,0,6698,1.8333333333333333,1.4444444444444444,3.027980354473245,0.43651147838911303,0.0,8
ba_7_m2_s1,65,0,36719,1.8333333333333333,1.4444444444444444,3.027980354473245,0.43651147838911303,0.0,8
ba_7_m2_s1,66,0,15090,1.8333333333333333,1.4444444444444444,3.027980354473245,0.43651147838911303,0.0,8
ba_7_m2_s1,67,0,19819,1.8333333333333333,1.4444444444444444,3.027980354473245,0.43651147838911303,0.0,8
ba_7_m2_s1,68,1,5919,1.8333333333333333,1.4444444444444444,3.027980354473245,0.43651147838911303,0.0,8
ba_7_m2_s1,69,0,7260,1.8333333333333333,1.4444444444444444,3.027980354473245,0.43651147838911303,0.0,8
ba_7_m2_s1,70,0,4867,1.8333333333333333,1.4444444444444444,3.027980354473245,0.43651147838911303,0.0,8
ba_7_m2_s1,71,1,70566,1.8333333333333333,1.4444444444444444,3.027980354473245,0.43651147838911303,0.0,8
ba_7_m2_s1,72,0,35030,1.8333333333333333,1.4444444444444444,3.027980354473245,0.43651147838911303,0.0,8
ba_7_m2_s1,73,0,8428,1.8333333333333333,1.4444444444444444,3.027980354473245,0.43651147838911303,0.0,8
ba_7_m2_s1,74,0,4751,1.8333333333333333,1.4444444444444444,3.027980354473245,0.43651147838911303,0.0,8
ba_7_m2_s1,75,1,20158,1.8333333333333333,1.4444444444444444,3.027980354473245,0.43651147838911303,0.0,8
ba_7_m2_s1,76,0,114330,1.8333333333333333,1.4444444444444444,3.027980354473245,0.43651147838911303,0.0,8
ba_7_m2_s1,77,0,43016,1.8333333333333333,1.4444444444444444,3.027980354473245,0.43651147838911303,0.0,8
ba_7_m2_s1,78,1,40576,1.8333333333333333,1.4444444444444444,3.027980354473245,0.43651147838911303,0.0,8
ba_7_m2_s1,79,1,104926,1.8333333333333333,1.4444444444444444,3.027980354473245,0.43651147838911303,0.0,8
ba_7_m2_s1,80,0,171792,1.8333333333333333,1.4444444444444444,3.027980354473245,0.43651147838911303,0.0,8
ba_7_m2_s1,81,0,5300,1.8333333333333333,1.4444444444444444,3.027980354473245,0.43651147838911303,0.0,8
ba_7_m2_s1,82,1,49206,1.8333333333333333,1.4444444444444444,3.027980354473245,0.43651147838911303,0.0,8
ba_7_m2_s1,83,0,4966,1.8333333333333333,1.4444444444444444,3.027980354473245,0.43651147838911303,0.0,8
ba_7_m2_s1,84,0,70775,1.8333333333333333,1.4444444444444444,3.027980354473245,0.43651147838911303,0.0,8
ba_7_m2_s1,85,0,10125,1.8333333333333333,1.4444444444444444,3.027980354473245,0.43651147838911303,0.0,8
ba_7_m2_s1,86,0,43325,1.8333333333333333,1.4444444444444444,3.027980354473245,0.43651147838911303,0.0,8
ba_7_m2_s1,87,0,18556,1.8333333333333333,1.4444444444444444,3.027980354473245,0.43651147838911303,0.0,8
ba_7_m2_s1,88,0,25523,1.8333333333333333,1.4444444444444444,3.027980354473245,0.43651147838911303,0.0,8
ba_7_m2_s1,89,1,188931,1.8333333333333333,1.4444444444444444,3.027980354473245,0.43651147838911303,0.0,8
ba_7_m2_s1,90,0,225992,1.8333333333333333,1.4444444444444444,3.027980354473245,0.43651147838911303,0.0,8
ba_7_m2_s1,91,0,14115,1.8333333333333333,1.4444444444444444,3.027980354473245,0.43651147838911303,0.0,8
ba_7_m2_s1,92,0,139279,1.8333333333333333,1.4444444444444444,3.027980354473245,0.43651147838911303,0.0,8
ba_7_m2_s1,93,0,102372,1.8333333333333333,1.4444444444444444,3.027980354473245,0.43651147838911303,0.0,8
ba_7_m2_s1,94,0,12500,1.8333333333333333,1.4444444444444444,3.027980354473245,0.43651147838911303,0.0,8
ba_7_m2_s1,95,1,25568,1.8333333333333333,1.4444444444444444,3.027980354473245,0.43651147838911303,0.0,8
ba_7_m2_s1,96,0,8278,1.8333333333333333,1.4444444444444444,3.027980354473245,0.43651147838911303,0.0,8
ba_7_m2_s1,97,0,4414,1.8333333333333333,1.4444444444444444,3.027980354473245,0.43651147838911303,0.0,8
ba_7_m2_s1,98,0,10397,1.8333333333333333,1.4444444444444444,3.027980354473245,0.43651147838911303,0.0,8
ba_7_m2_s1,99,1,119230,1.8333333333333333,1.4444444444444444,3.027980354473245,0.43651147838911303,0.0,8
ba_7_m3_s1,0,0,15554,1.6666666666666667,1.6666666666666667,2.985174447128411,0.4521554042413098,0.0,8
ba_7_m3_s1,1,1,5762,1.6666666666666667,1.6666666666666667,2.985174447128411,0.4521554042413098,0.0,8
ba_7_m3_s1,2,0,14737,1.6666666666666667,1.6666666666666667,2.985174447128411,0.4521554042413098,0.0,8
ba_7_m3_s1,3,0,57609,1.6666666666666667,1.6666666666666667,2.985174447128411,0.4521554042413098,0.0,8
ba_7_m3_s1,4,1,28645,1.6666666666666667,1.6666666666666667,2.985174447128411,0.4521554042413098,0.0,8
ba_7_m3_s1,5,0,68212,1.6666666666666667,1.6666666666666667,2.985174447128411,0.4521554042413098,0.0,8
ba_7_m3_s1,6,0,138155,1.6666666666666667,1.6666666666666667,2.985174447128411,0.4521554042413098,0.0,8
ba_7_m3_s1,7,0,57918,1.6666666666666667,1.6666666666666667,2.985174447128411,0.4521554042413098,0.0,8
ba_7_m3_s1,8,0,385502,1.6666666666666667,1.6666666666666667,2.985174447128411,0.4521554042413098,0.0,8
ba_7_m3_s1,9,0,36036,1.6666666666666667,1.6666666666666667,2.985174447128411,0.4521554042413098,0.0,8
ba_7_m3_s1,10,1,68026,1.6666666666666667,1.6666666666666667,2.985174447128411,0.4521554042413098,0.0,8
ba_7_m3_s1,11,0,67842,1.6666666666666667,1.6666666666666667,2.985174447128411,0.4521554042413098,0.0,8
ba_7_m3_s1,12,0,4299,1.6666666666666667,1.6666666666666667,2.985174447128411,0.4521554042413098,0.0,8
ba_7_m3_s1,13,1,48228,1.6666666666666667,1.6666666666666667,2.985174447128411,0.4521554042413098,0.0,8
ba_7_m3_s1,14,1,50865,1.6666666666666667,1.6666666666666667,2.985174447128411,0.4521554042413098,0.0,8
ba_7_m3_s1,15,0,4990,1.6666666666666667,1.6666666666666667,2.985174447128411,0.4521554042413098,0.0,8
ba_7_m3_s1,16,0,22890,1.6666666666666667,1.6666666666666667,2.985174447128411,0.4521554042413098,0.0,8
ba_7_m3_s1,17,0,144637,1.6666666666666667,1.6666666666666667,2.985174447128411,0.4521554042413098,0.0,8
ba_7_m3_s1,18,0,12838,1.6666666666666667,1.6666666666666667,2.985174447128411,0.4521554042413098,0.0,8
ba_7_m3_s1,19,0,51013,1.6666666666666667,1.6666666666666667,2.985174447128411,0.4521554042413098,0.0,8
ba_7_m3_s1,20,0,4203,1.6666666666666667,1.6666666666666667,2.985174447128411,0.4521554042413098,0.0,8
ba_7_m3_s1,21,0,6834,1.6666666666666667,1.6666666666666667,2.985174447128411,0.4521554042413098,0.0,8
ba_7_m3_s1,22,1,189760,1.6666666666666667,1.6666666666666667,2.985174447128411,0.4521554042413098,0.0,8
ba_7_m3_s1,23,1,5406,1.6666666666666667,1.6666666666666667,2.985174447128411,0.4521554042413098,0.0,8
ba_7_m3_s1,24,1,147681,1.6666666666666667,1.6666666666666667,2.985174447128411,0.4521554042413098,0.0,8
ba_7_m3_s1,25,0,10714,1.6666666666666667,1.6666666666666667,2.985174447128411,0.4521554042413098,0.0,8
ba_7_m3_s1,26,1,146032,1.6666666666666667,1.6666666666666667,2.985174447128411,0.4521554042413098,0.0,8
ba_7_m3_s1,27,0,35544,1.6666666666666667,1.6666666666666667,2.985174447128411,0.4521554042413098,0.0,8
ba_7_m3_s1,28,1,145886,1.6666666666666667,1.6666666666666667,2.985174447128411,0.4521554042413098,0.0,8
ba_7_m3_s1,29,0,15547,1.6666666666666667,1.6666666666666667,2.985174447128411,0.4521554042413098,0.0,8
ba_7_m3_s1,30,0,15834,1.6666666666666667,1.6666666666666667,2.985174447128411,0.4521554042413098,0.0,8
ba_7_m3_s1,31,0,40360,1.6666666666666667,1.6666666666666667,2.985174447128411,0.4521554042413098,0.0,8
ba_7_m3_s1,32,0,38139,1.6666666666666667,1.6666666666666667,2.985174447128411,0.4521554042413098,0.0,8
ba_7_m3_s1,33,1,94108,1.6666666666666667,1.6666666666666667,2.985174447128411,0.4521554042413098,0.0,8
ba_7_m3_s1,34,0,99926,1.6666666666666667,1.6666666666666667,2.985174447128411,0.4521554042413098,0.0,8
ba_7_m3_s1,35,0,7208,1.6666666666666667,1.6666666666666667,2.985174447128411,0.4521554042413098,0.0,8
ba_7_m3_s1,36,0,10047,1.6666666666666667,1.6666666666666667,2.985174447128411,0.4521554042413098,0.0,8
ba_7_m3_s1,37,1,5685,1.6666666666666667,1.6666666666666667,2.985174447128411,0.4521554042413098,0.0,8
ba_7_m3_s1,38,0,48264,1.6666666666666667,1.6666666666666667,2.985174447128411,0.4521554042413098,0.0,8
ba_7_m3_s1,39,0,22123,1.6666666666666667,1.6666666666666667,2.985174447128411,0.4521554042413098,0.0,8
ba_7_m3_s1,40,0,54654,1.6666666666666667,1.6666666666666667,2.985174447128411,0.4521554042413098,0.0,8
ba_7_m3_s1,41,0,10181,1.6666666666666667,1.6666666666666667,2.985174447128411,0.4521554042413098,0.0,8
ba_7_m3_s1,42,0,22813,1.6666666666666667,1.6666666666666667,2.985174447128411,0.4521554042413098,0.0,8
ba_7_m3_s1,43,0,10905,1.6666666666666667,1.6666666666666667,2.985174447128411,0.4521554042413098,0.0,8
ba_7_m3_s1,44,0,340057,1.6666666666666667,1.6666666666666667,2.985174447128411,0.4521554042413098,0.0,8
ba_7_m3_s1,45,0,96742,1.6666666666666667,1.6666666666666667,2.985174447128411,0.4521554042413098,0.0,8
ba_7_m3_s1,46,0,11170,1.6666666666666667,1.6666666666666667,2.985174447128411,0.4521554042413098,0.0,8
ba_7_m3_s1,47,0,51640,1.6666666666666667,1.6666666666666667,2.985174447128411,0.4521554042413098,0.0,8
ba_7_m3_s1,48,0,5620,1.6666666666666667,1.6666666666666667,2.985174447128411,0.4521554042413098,0.0,8
ba_7_m3_s1,49,1,21350,1.6666666666666667,1.6666666666666667,2.985174447128411,0.4521554042413098,0.0,8
ba_7_m3_s1,50,0,116730,1.6666666666666667,1.6666666666666667,2.985174447128411,0.4521554042413098,0.0,8
ba_7_m3_s1,51,1,76940,1.6666666666666667,1.6666666666666667,2.985174447128411,0.4521554042413098,0.0,8
ba_7_m3_s1,52,0,265505,1.6666666666666667,1.6666666666666667,2.985174447128411,0.4521554042413098,0.0,8
ba_7_m3_s1,53,0,10818,1.6666666666666667,1.6666666666666667,2.985174447128411,0.4521554042413098,0.0,8
ba_7_m3_s1,54,0,19236,1.6666666666666667,1.6666666666666667,2.985174447128411,0.4521554042413098,0.0,8
ba_7_m3_s1,55,0,6277,1.6666666666666667,1.6666666666666667,2.985174447128411,0.4521554042413098,0.0,8
ba_7_m3_s1,56,0,13516,1.6666666666666667,1.6666666666666667,2.985174447128411,0.4521554042413098,0.0,8
ba_7_m3_s1,57,0,8853,1.6666666666666667,1.6666666666666667,2.985174447128411,0.4521554042413098,0.0,8
ba_7_m3_s1,58,1,79270,1.6666666666666667,1.6666666666666667,2.985174447128411,0.4521554042413098,0.0,8
ba_7_m3_s1,59,0,5579,1.6666666666666667,1.6666666666666667,2.985174447128411,0.4521554042413098,0.0,8
ba_7_m3_s1,60,1,40139,1.6666666666666667,1.6666666666666667,2.985174447128411,0.4521554042413098,0.0,8
ba_7_m3_s1,61,0,10814,1.6666666666666667,1.6666666666666667,2.985174447128411,0.4521554042413098,0.0,8
ba_7_m3_s1,62,0,8272,1.6666666666666667,1.6666666666666667,2.985174447128411,0.4521554042413098,0.0,8
ba_7_m3_s1,63,0,234136,1.6666666666666667,1.6666666666666667,2.985174447128411,0.4521554042413098,0.0,8
ba_7_m3_s1,64,0,14712,1.6666666666666667,1.6666666666666667,2.985174447128411,0.4521554042413098,0.0,8
ba_7_m3_s1,65,0,12396,1.6666666666666667,1.6666666666666667,2.985174447128411,0.4521554042413098,0.0,8
ba_7_m3_s1,66,0,41321,1.6666666666666667,1.6666666666666667,2.985174447128411,0.4521554042413098,0.0,8
ba_7_m3_s1,67,0,17467,1.6666666666666667,1.6666666666666667,2.985174447128411,0.4521554042413098,0.0,8
ba_7_m3_s1,68,1,4451,1.6666666666666667,1.6666666666666667,2.985174447128411,0.4521554042413098,0.0,8
ba_7_m3_s1,69,0,10079,1.6666666666666667,1.6666666666666667,2.985174447128411,0.4521554042413098,0.0,8
ba_7_m3_s1,70,0,5490,1.6666666666666667,1.6666666666666667,2.985174447128411,0.4521554042413098,0.0,8
ba_7_m3_s1,71,0,106201,1.6666666666666667,1.6666666666666667,2.985174447128411,0.4521554042413098,0.0,8
ba_7_m3_s1,72,0,27773,1.6666666666666667,1.6666666666666667,2.985174447128411,0.4521554042413098,0.0,8
ba_7_m3_s1,73,1,18281,1.6666666666666667,1.6666666666666667,2.985174447128411,0.4521554042413098,0.0,8
ba_7_m3_s1,74,0,8980,1.6666666666666667,1.6666666666666667,2.985174447128411,0.4521554042413098,0.0,8
ba_7_m3_s1,75,1,16311,1.6666666666666667,1.6666666666666667,2.985174447128411,0.4521554042413098,0.0,8
ba_7_m3_s1,76,0,95243,1.6666666666666667,1.6666666666666667,2.985174447128411,0.4521554042413098,0.0,8
ba_7_m3_s1,77,0,51011,1.6666666666666667,1.6666666666666667,2.985174447128411,0.4521554042413098,0.0,8
ba_7_m3_s1,78,1,44571,1.6666666666666667,1.6666666666666667,2.985174447128411,0.4521554042413098,0.0,8
ba_7_m3_s1,79,0,172519,1.6666666666666667,1.6666666666666667,2.985174447128411,0.4521554042413098,0.0,8
ba_7_m3_s1,80,0,156355,1.6666666666666667,1.6666666666666667,2.985174447128411,0.4521554042413098,0.0,8
ba_7_m3_s1,81,0,8688,1.6666666666666667,1.6666666666666667,2.985174447128411,0.4521554042413098,0.0,8
ba_7_m3_s1,82,1,92055,1.6666666666666667,1.6666666666666667,2.985174447128411,0.4521554042413098,0.0,8
ba_7_m3_s1,83,0,7472,1.6666666666666667,1.6666666666666667,2.985174447128411,0.4521554042413098,0.0,8
ba_7_m3_s1,84,0,59159,1.6666666666666667,1.6666666666666667,2.985174447128411,0.4521554042413098,0.0,8
ba_7_m3_s1,85,0,14110,1.6666666666666667,1.6666666666666667,2.985174447128411,0.4521554042413098,0.0,8
ba_7_m3_s1,86,0,41723,1.6666666666666667,1.6666666666666667,2.985174447128411,0.4521554042413098,0.0,8
ba_7_m3_s1,87,0,15706,1.6666666666666667,1.6666666666666667,2.985174447128411,0.4521554042413098,0.0,8
ba_7_m3_s1,88,0,17087,1.6666666666666667,1.6666666666666667,2.985174447128411,0.4521554042413098,0.0,8
ba_7_m3_s1,89,1,25852,1.6666666666666667,1.6666666666666667,2.985174447128411,0.4521554042413098,0.0,8
ba_7_m3_s1,90,0,141842,1.6666666666666667,1.6666666666666667,2.985174447128411,0.4521554042413098,0.0,8
ba_7_m3_s1,91,0,70072,1.6666666666666667,1.6666666666666667,2.985174447128411,0.4521554042413098,0.0,8
ba_7_m3_s1,92,0,11171,1.6666666666666667,1.6666666666666667,2.985174447128411,0.4521554042413098,0.0,8
ba_7_m3_s1,93,1,67334,1.6666666666666667,1.6666666666666667,2.985174447128411,0.4521554042413098,0.0,8
ba_7_m3_s1,94,0,10999,1.6666666666666667,1.6666666666666667,2.985174447128411,0.4521554042413098,0.0,8
ba_7_m3_s1,95,0,8589,1.6666666666666667,1.6666666666666667,2.985174447128411,0.4521554042413098,0.0,8
ba_7_m3_s1,96,0,9208,1.6666666666666667,1.6666666666666667,2.985174447128411,0.4521554042413098,0.0,8
ba_7_m3_s1,97,0,5754,1.6666666666666667,1.6666666666666667,2.985174447128411,0.4521554042413098,0.0,8
ba_7_m3_s1,98,0,16768,1.6666666666666667,1.6666666666666667,2.985174447128411,0.4521554042413098,0.0,8
ba_7_m3_s1,99,1,159734,1.6666666666666667,1.6666666666666667,2.985174447128411,0.4521554042413098,0.0,8
chain_3,0,0,38635,1.6666666666666667,0.75,1.9182958340544893,0.5000000000000002,0.0,3
chain_3,1,1,4465,1.6666666666666667,0.75,1.9182958340544893,0.5000000000000002,0.0,3
chain_3,2,0,14755,1.6666666666666667,0.75,1.9182958340544893,0.5000000000000002,0.0,3
chain_3,3,0,48652,1.6666666666666667,0.75,1.9182958340544893,0.5000000000000002,0.0,3
chain_3,4,0,62214,1.6666666666666667,0.75,1.9182958340544893,0.5000000000000002,0.0,3
chain_3,5,1,51309,1.6666666666666667,0.75,1.9182958340544893,0.5000000000000002,0.0,3
chain_3,6,0,3709,1.6666666666666667,0.75,1.9182958340544893,0.5000000000000002,0.0,3
chain_3,7,1,63498,1.6666666666666667,0.75,1.9182958340544893,0.5000000000000002,0.0,3
chain_3,8,0,157702,1.6666666666666667,0.75,1.9182958340544893,0.5000000000000002,0.0,3
chain_3,9,0,1474,1.6666666666666667,0.75,1.9182958340544893,0.5000000000000002,0.0,3
chain_3,10,0,1734,1.6666666666666667,0.75,1.9182958340544893,0.5000000000000002,0.0,3
chain_3,11,1,10118,1.6666666666666667,0.75,1.9182958340544893,0.5000000000000002,0.0,3
chain_3,12,0,1506,1.6666666666666667,0.75,1.9182958340544893,0.5000000000000002,0.0,3
chain_3,13,1,30121,1.6666666666666667,0.75,1.9182958340544893,0.5000000000000002,0.0,3
chain_3,14,0,17731,1.6666666666666667,0.75,1.9182958340544893,0.5000000000000002,0.0,3
chain_3,15,0,777,1.6666666666666667,0.75,1.9182958340544893,0.5000000000000002,0.0,3
chain_3,16,0,2000,1.6666666666666667,0.75,1.9182958340544893,0.5000000000000002,0.0,3
chain_3,17,0,1544,1.6666666666666667,0.75,1.9182958340544893,0.5000000000000002,0.0,3
chain_3,18,0,15259,1.6666666666666667,0.75,1.9182958340544893,0.5000000000000002,0.0,3
chain_3,19,0,39676,1.6666666666666667,0.75,1.9182958340544893,0.5000000000000002,0.0,3
chain_3,20,0,2476,1.6666666666666667,0.75,1.9182958340544893,0.5000000000000002,0.0,3
chain_3,21,0,13956,1.6666666666666667,0.75,1.9182958340544893,0.5000000000000002,0.0,3
chain_3,22,0,68800,1.6666666666666667,0.75,1.9182958340544893,0.5000000000000002,0.0,3
chain_3,23,1,2648,1.6666666666666667,0.75,1.9182958340544893,0.5000000000000002,0.0,3
chain_3,24,1,97121,1.6666666666666667,0.75,1.9182958340544893,0.5000000000000002,0.0,3
chain_3,25,0,8631,1.6666666666666667,0.75,1.9182958340544893,0.5000000000000002,0.0,3
chain_3,26,1,15853,1.6666666666666667,0.75,1.9182958340544893,0.5000000000000002,0.0,3
chain_3,27,0,20527,1.6666666666666667,0.75,1.9182958340544893,0.5000000000000002,0.0,3
chain_3,28,0,3211,1.6666666666666667,0.75,1.9182958340544893,0.5000000000000002,0.0,3
chain_3,29,0,2834,1.6666666666666667,0.75,1.9182958340544893,0.5000000000000002,0.0,3
chain_3,30,0,6093,1.6666666666666667,0.75,1.9182958340544893,0.5000000000000002,0.0,3
chain_3,31,0,55453,1.6666666666666667,0.75,1.9182958340544893,0.5000000000000002,0.0,3
chain_3,32,0,7240,1.6666666666666667,0.75,1.9182958340544893,0.5000000000000002,0.0,3
chain_3,33,1,25045,1.6666666666666667,0.75,1.9182958340544893,0.5000000000000002,0.0,3
chain_3,34,0,3357,1.6666666666666667,0.75,1.9182958340544893,0.5000000000000002,0.0,3
chain_3,35,0,5664,1.6666666666666667,0.75,1.9182958340544893,0.5000000000000002,0.0,3
chain_3,36,0,1649,1.6666666666666667,0.75,1.9182958340544893,0.5000000000000002,0.0,3
chain_3,37,0,4877,1.6666666666666667,0.75,1.9182958340544893,0.5000000000000002,0.0,3
chain_3,38,0,26807,1.6666666666666667,0.75,1.9182958340544893,0.5000000000000002,0.0,3
chain_3,39,0,2316,1.6666666666666667,0.75,1.9182958340544893,0.5000000000000002,0.0,3
chain_3,40,0,88433,1.6666666666666667,0.75,1.9182958340544893,0.5000000000000002,0.0,3
chain_3,41,0,9975,1.6666666666666667,0.75,1.9182958340544893,0.5000000000000002,0.0,3
chain_3,42,1,17981,1.6666666666666667,0.75,1.9182958340544893,0.5000000000000002,0.0,3
chain_3,43,0,9096,1.6666666666666667,0.75,1.9182958340544893,0.5000000000000002,0.0,3
chain_3,44,0,41705,1.6666666666666667,0.75,1.9182958340544893,0.5000000000000002,0.0,3
chain_3,45,0,41033,1.6666666666666667,0.75,1.9182958340544893,0.5000000000000002,0.0,3
chain_3,46,0,3517,1.6666666666666667,0.75,1.9182958340544893,0.5000000000000002,0.0,3
chain_3,47,0,27053,1.6666666666666667,0.75,1.9182958340544893,0.5000000000000002,0.0,3
chain_3,48,0,1844,1.6666666666666667,0.75,1.9182958340544893,0.5000000000000002,0.0,3
chain_3,49,1,17913,1.6666666666666667,0.75,1.9182958340544893,0.5000000000000002,0.0,3
chain_3,50,0,2200,1.6666666666666667,0.75,1.9182958340544893,0.5000000000000002,0.0,3
chain_3,51,1,23521,1.6666666666666667,0.75,1.9182958340544893,0.5000000000000002,0.0,3
chain_3,52,0,80138,1.6666666666666667,0.75,1.9182958340544893,0.5000000000000002,0.0,3
chain_3,53,0,1977,1.6666666666666667,0.75,1.9182958340544893,0.5000000000000002,0.0,3
chain_3,54,0,1850,1.6666666666666667,0.75,1.9182958340544893,0.5000000000000002,0.0,3
chain_3,55,0,2992,1.6666666666666667,0.75,1.9182958340544893,0.5000000000000002,0.0,3
chain_3,56,0,22073,1.6666666666666667,0.75,1.9182958340544893,0.5000000000000002,0.0,3
chain_3,57,1,750,1.6666666666666667,0.75,1.9182958340544893,0.5000000000000002,0.0,3
chain_3,58,0,90121,1.6666666666666667,0.75,1.9182958340544893,0.5000000000000002,0.0,3
chain_3,59,0,1254,1.6666666666666667,0.75,1.9182958340544893,0.5000000000000002,0.0,3
chain_3,60,0,20688,1.6666666666666667,0.75,1.9182958340544893,0.5000000000000002,0.0,3
chain_3,61,0,18814,1.6666666666666667,0.75,1.9182958340544893,0.5000000000000002,0.0,3
chain_3,62,0,7146,1.6666666666666667,0.75,1.9182958340544893,0.5000000000000002,0.0,3
chain_3,63,0,59251,1.6666666666666667,0.75,1.9182958340544893,0.5000000000000002,0.0,3
chain_3,64,0,2711,1.6666666666666667,0.75,1.9182958340544893,0.5000000000000002,0.0,3
chain_3,65,0,12407,1.6666666666666667,0.75,1.9182958340544893,0.5000000000000002,0.0,3
chain_3,66,0,16388,1.6666666666666667,0.75,1.9182958340544893,0.5000000000000002,0.0,3
chain_3,67,0,29971,1.6666666666666667,0.75,1.9182958340544893,0.5000000000000002,0.0,3
chain_3,68,1,1678,1.6666666666666667,0.75,1.9182958340544893,0.5000000000000002,0.0,3
chain_3,69,0,3303,1.6666666666666667,0.75,1.9182958340544893,0.5000000000000002,0.0,3
chain_3,70,0,1812,1.6666666666666667,0.75,1.9182958340544893,0.5000000000000002,0.0,3
chain_3,71,1,29740,1.6666666666666667,0.75,1.9182958340544893,0.5000000000000002,0.0,3
chain_3,72,0,16263,1.6666666666666667,0.75,1.9182958340544893,0.5000000000000002,0.0,3
chain_3,73,1,2086,1.6666666666666667,0.75,1.9182958340544893,0.5000000000000002,0.0,3
chain_3,74,0,435,1.6666666666666667,0.75,1.9182958340544893,0.5000000000000002,0.0,3
chain_3,75,1,5261,1.6666666666666667,0.75,1.9182958340544893,0.5000000000000002,0.0,3
chain_3,76,0,3657,1.6666666666666667,0.75,1.9182958340544893,0.5000000000000002,0.0,3
chain_3,77,0,5835,1.6666666666666667,0.75,1.9182958340544893,0.5000000000000002,0.0,3
chain_3,78,1,21966,1.6666666666666667,0.75,1.9182958340544893,0.5000000000000002,0.0,3
chain_3,79,0,81707,1.6666666666666667,0.75,1.9182958340544893,0.5000000000000002,0.0,3
chain_3,80,0,6925,1.6666666666666667,0.75,1.9182958340544893,0.5000000000000002,0.0,3
chain_3,81,0,4740,1.6666666666666667,0.75,1.9182958340544893,0.5000000000000002,0.0,3
chain_3,82,0,8464,1.6666666666666667,0.75,1.9182958340544893,0.5000000000000002,0.0,3
chain_3,83,0,1207,1.6666666666666667,0.75,1.9182958340544893,0.5000000000000002,0.0,3
chain_3,84,0,24980,1.6666666666666667,0.75,1.9182958340544893,0.5000000000000002,0.0,3
chain_3,85,0,6042,1.6666666666666667,0.75,1.9182958340544893,0.5000000000000002,0.0,3
chain_3,86,0,4507,1.6666666666666667,0.75,1.9182958340544893,0.5000000000000002,0.0,3
chain_3,87,0,8431,1.6666666666666667,0.75,1.9182958340544893,0.5000000000000002,0.0,3
chain_3,88,0,2826,1.6666666666666667,0.75,1.9182958340544893,0.5000000000000002,0.0,3
chain_3,89,0,2590,1.6666666666666667,0.75,1.9182958340544893,0.5000000000000002,0.0,3
chain_3,90,0,67798,1.6666666666666667,0.75,1.9182958340544893,0.5000000000000002,0.0,3
chain_3,91,0,33540,1.6666666666666667,0.75,1.9182958340544893,0.5000000000000002,0.0,3
chain_3,92,0,82144,1.6666666666666667,0.75,1.9182958340544893,0.5000000000000002,0.0,3
chain_3,93,1,54748,1.6666666666666667,0.75,1.9182958340544893,0.5000000000000002,0.0,3
chain_3,94,0,832,1.6666666666666667,0.75,1.9182958340544893,0.5000000000000002,0.0,3
chain_3,95,0,1866,1.6666666666666667,0.75,1.9182958340544893,0.5000000000000002,0.0,3
chain_3,96,0,6372,1.6666666666666667,0.75,1.9182958340544893,0.5000000000000002,0.0,3
chain_3,97,0,4256,1.6666666666666667,0.75,1.9182958340544893,0.5000000000000002,0.0,3
chain_3,98,0,4154,1.6666666666666667,0.75,1.9182958340544893,0.5000000000000002,0.0,3
chain_3,99,1,97901,1.6666666666666667,0.75,1.9182958340544893,0.5000000000000002,0.0,3
chain_5,0,0,36166,2.3333333333333335,0.8333333333333334,2.5219280948873624,0.19098300562505255,0.0,5
chain_5,1,1,14107,2.3333333333333335,0.8333333333333334,2.5219280948873624,0.19098300562505255,0.0,5
chain_5,2,0,13529,2.3333333333333335,0.8333333333333334,2.5219280948873624,0.19098300562505255,0.0,5
chain_5,3,0,46818,2.3333333333333335,0.8333333333333334,2.5219280948873624,0.19098300562505255,0.0,5
chain_5,4,0,64675,2.3333333333333335,0.8333333333333334,2.5219280948873624,0.19098300562505255,0.0,5
chain_5,5,1,63594,2.3333333333333335,0.8333333333333334,2.5219280948873624,0.19098300562505255,0.0,5
chain_5,6,0,127282,2.3333333333333335,0.8333333333333334,2.5219280948873624,0.19098300562505255,0.0,5
chain_5,7,1,306548,2.3333333333333335,0.8333333333333334,2.5219280948873624,0.19098300562505255,0.0,5
chain_5,8,0,43911,2.3333333333333335,0.8333333333333334,2.5219280948873624,0.19098300562505255,0.0,5
chain_5,9,0,25209,2.3333333333333335,0.8333333333333334,2.5219280948873624,0.19098300562505255,0.0,5
chain_5,10,0,11778,2.3333333333333335,0.8333333333333334,2.5219280948873624,0.19098300562505255,0.0,5
chain_5,11,1,45818,2.3333333333333335,0.8333333333333334,2.5219280948873624,0.19098300562505255,0.0,5
chain_5,12,0,4590,2.3333333333333335,0.8333333333333334,2.5219280948873624,0.19098300562505255,0.0,5
chain_5,13,0,27007,2.3333333333333335,0.8333333333333334,2.5219280948873624,0.19098300562505255,0.0,5
chain_5,14,0,31956,2.3333333333333335,0.8333333333333334,2.5219280948873624,0.19098300562505255,0.0,5
chain_5,15,0,10731,2.3333333333333335,0.8333333333333334,2.5219280948873624,0.19098300562505255,0.0,5
chain_5,16,0,8879,2.3333333333333335,0.8333333333333334,2.5219280948873624,0.19098300562505255,0.0,5
chain_5,17,0,10261,2.3333333333333335,0.8333333333333334,2.5219280948873624,0.19098300562505255,0.0,5
chain_5,18,0,8639,2.3333333333333335,0.8333333333333334,2.5219280948873624,0.19098300562505255,0.0,5
chain_5,19,0,55127,2.3333333333333335,0.8333333333333334,2.5219280948873624,0.19098300562505255,0.0,5
chain_5,20,0,2133,2.3333333333333335,0.8333333333333334,2.5219280948873624,0.19098300562505255,0.0,5
chain_5,21,0,5399,2.3333333333333335,0.8333333333333334,2.5219280948873624,0.19098300562505255,0.0,5
chain_5,22,1,101945,2.3333333333333335,0.8333333333333334,2.5219280948873624,0.19098300562505255,0.0,5
chain_5,23,1,2570,2.3333333333333335,0.8333333333333334,2.5219280948873624,0.19098300562505255,0.0,5
chain_5,24,0,167950,2.3333333333333335,0.8333333333333334,2.5219280948873624,0.19098300562505255,0.0,5
chain_5,25,0,13274,2.3333333333333335,0.8333333333333334,2.5219280948873624,0.19098300562505255,0.0,5
chain_5,26,0,156847,2.3333333333333335,0.8333333333333334,2.5219280948873624,0.19098300562505255,0.0,5
chain_5,27,0,9398,2.3333333333333335,0.8333333333333334,2.5219280948873624,0.19098300562505255,0.0,5
chain_5,28,1,97512,2.3333333333333335,0.8333333333333334,2.5219280948873624,0.19098300562505255,0.0,5
chain_5,29,0,21177,2.3333333333333335,0.8333333333333334,2.5219280948873624,0.19098300562505255,0.0,5
chain_5,30,0,20477,2.3333333333333335,0.8333333333333334,2.5219280948873624,0.19098300562505255,0.0,5
chain_5,31,0,33576,2.3333333333333335,0.8333333333333334,2.5219280948873624,0.19098300562505255,0.0,5
chain_5,32,0,6433,2.3333333333333335,0.8333333333333334,2.5219280948873624,0.19098300562505255,0.0,5
chain_5,33,1,72236,2.3333333333333335,0.8333333333333334,2.5219280948873624,0.19098300562505255,0.0,5
chain_5,34,0,48469,2.3333333333333335,0.8333333333333334,2.5219280948873624,0.19098300562505255,0.0,5
chain_5,35,0,8994,2.3333333333333335,0.8333333333333334,2.5219280948873624,0.19098300562505255,0.0,5
chain_5,36,0,9618,2.3333333333333335,0.8333333333333334,2.5219280948873624,0.19098300562505255,0.0,5
chain_5,37,1,10670,2.3333333333333335,0.8333333333333334,2.5219280948873624,0.19098300562505255,0.0,5
chain_5,38,0,20264,2.3333333333333335,0.8333333333333334,2.5219280948873624,0.19098300562505255,0.0,5
chain_5,39,0,11199,2.3333333333333335,0.8333333333333334,2.5219280948873624,0.19098300562505255,0.0,5
chain_5,40,0,20482,2.3333333333333335,0.8333333333333334,2.5219280948873624,0.19098300562505255,0.0,5
chain_5,41,0,5662,2.3333333333333335,0.8333333333333334,2.5219280948873624,0.19098300562505255,0.0,5
chain_5,42,1,41753,2.3333333333333335,0.8333333333333334,2.5219280948873624,0.19098300562505255,0.0,5
chain_5,43,0,39788,2.3333333333333335,0.8333333333333334,2.5219280948873624,0.19098300562505255,0.0,5
chain_5,44,0,238603,2.3333333333333335,0.8333333333333334,2.5219280948873624,0.19098300562505255,0.0,5
chain_5,45,0,114117,2.3333333333333335,0.8333333333333334,2.5219280948873624,0.19098300562505255,0.0,5
chain_5,46,0,4488,2.3333333333333335,0.8333333333333334,2.5219280948873624,0.19098300562505255,0.0,5
chain_5,47,0,53194,2.3333333333333335,0.8333333333333334,2.5219280948873624,0.19098300562505255,0.0,5
chain_5,48,0,3974,2.3333333333333335,0.8333333333333334,2.5219280948873624,0.19098300562505255,0.0,5
chain_5,49,1,4734,2.3333333333333335,0.8333333333333334,2.5219280948873624,0.19098300562505255,0.0,5
chain_5,50,0,91471,2.3333333333333335,0.8333333333333334,2.5219280948873624,0.19098300562505255,0.0,5
chain_5,51,1,38992,2.3333333333333335,0.8333333333333334,2.5219280948873624,0.19098300562505255,0.0,5
chain_5,52,0,84070,2.3333333333333335,0.8333333333333334,2.5219280948873624,0.19098300562505255,0.0,5
chain_5,53,0,8590,2.3333333333333335,0.8333333333333334,2.5219280948873624,0.19098300562505255,0.0,5
chain_5,54,0,37879,2.3333333333333335,0.8333333333333334,2.5219280948873624,0.19098300562505255,0.0,5
chain_5,55,0,4354,2.3333333333333335,0.8333333333333334,2.5219280948873624,0.19098300562505255,0.0,5
chain_5,56,0,23991,2.3333333333333335,0.8333333333333334,2.5219280948873624,0.19098300562505255,0.0,5
chain_5,57,1,13085,2.3333333333333335,0.8333333333333334,2.5219280948873624,0.19098300562505255,0.0,5
chain_5,58,0,48811,2.3333333333333335,0.8333333333333334,2.5219280948873624,0.19098300562505255,0.0,5
chain_5,59,0,12305,2.3333333333333335,0.8333333333333334,2.5219280948873624,0.19098300562505255,0.0,5
chain_5,60,1,45773,2.3333333333333335,0.8333333333333334,2.5219280948873624,0.19098300562505255,0.0,5
chain_5,61,0,30516,2.3333333333333335,0.8333333333333334,2.5219280948873624,0.19098300562505255,0.0,5
chain_5,62,0,10478,2.3333333333333335,0.8333333333333334,2.5219280948873624,0.19098300562505255,0.0,5
chain_5,63,0,60700,2.3333333333333335,0.8333333333333334,2.5219280948873624,0.19098300562505255,0.0,5
chain_5,64,0,23200,2.3333333333333335,0.8333333333333334,2.5219280948873624,0.19098300562505255,0.0,5
chain_5,65,0,1858,2.3333333333333335,0.8333333333333334,2.5219280948873624,0.19098300562505255,0.0,5
chain_5,66,0,12433,2.3333333333333335,0.8333333333333334,2.5219280948873624,0.19098300562505255,0.0,5
chain_5,67,0,12601,2.3333333333333335,0.8333333333333334,2.5219280948873624,0.19098300562505255,0.0,5
chain_5,68,0,1298,2.3333333333333335,0.8333333333333334,2.5219280948873624,0.19098300562505255,0.0,5
chain_5,69,0,11457,2.3333333333333335,0.8333333333333334,2.5219280948873624,0.19098300562505255,0.0,5
chain_5,70,0,5906,2.3333333333333335,0.8333333333333334,2.5219280948873624,0.19098300562505255,0.0,5
chain_5,71,0,29432,2.3333333333333335,0.8333333333333334,2.5219280948873624,0.19098300562505255,0.0,5
chain_5,72,0,7893,2.3333333333333335,0.8333333333333334,2.5219280948873624,0.19098300562505255,0.0,5
chain_5,73,0,3850,2.3333333333333335,0.8333333333333334,2.5219280948873624,0.19098300562505255,0.0,5
chain_5,74,0,6333,2.3333333333333335,0.8333333333333334,2.5219280948873624,0.19098300562505255,0.0,5
chain_5,75,1,14278,2.3333333333333335,0.8333333333333334,2.5219280948873624,0.19098300562505255,0.0,5
chain_5,76,0,72803,2.3333333333333335,0.8333333333333334,2.5219280948873624,0.19098300562505255,0.0,5
chain_5,77,1,47960,2.3333333333333335,0.8333333333333334,2.5219280948873624,0.19098300562505255,0.0,5
chain_5,78,0,22789,2.3333333333333335,0.8333333333333334,2.5219280948873624,0.19098300562505255,0.0,5
chain_5,79,0,125807,2.3333333333333335,0.8333333333333334,2.5219280948873624,0.19098300562505255,0.0,5
chain_5,80,0,15143,2.3333333333333335,0.8333333333333334,2.5219280948873624,0.19098300562505255,0.0,5
chain_5,81,0,11181,2.3333333333333335,0.8333333333333334,2.5219280948873624,0.19098300562505255,0.0,5
chain_5,82,0,105423,2.3333333333333335,0.8333333333333334,2.5219280948873624,0.19098300562505255,0.0,5
chain_5,83,0,4945,2.3333333333333335,0.8333333333333334,2.5219280948873624,0.19098300562505255,0.0,5
chain_5,84,0,43082,2.3333333333333335,0.8333333333333334,2.5219280948873624,0.19098300562505255,0.0,5
chain_5,85,1,23927,2.3333333333333335,0.8333333333333334,2.5219280948873624,0.19098300562505255,0.0,5
chain_5,86,0,16606,2.3333333333333335,0.8333333333333334,2.5219280948873624,0.19098300562505255,0.0,5
chain_5,87,0,14869,2.3333333333333335,0.8333333333333334,2.5219280948873624,0.19098300562505255,0.0,5
chain_5,88,0,14000,2.3333333333333335,0.8333333333333334,2.5219280948873624,0.19098300562505255,0.0,5
chain_5,89,0,146145,2.3333333333333335,0.8333333333333334,2.5219280948873624,0.19098300562505255,0.0,5
chain_5,90,0,137045,2.3333333333333335,0.8333333333333334,2.5219280948873624,0.19098300562505255,0.0,5
chain_5,91,0,22841,2.3333333333333335,0.8333333333333334,2.5219280948873624,0.19098300562505255,0.0,5
chain_5,92,0,90064,2.3333333333333335,0.8333333333333334,2.5219280948873624,0.19098300562505255,0.0,5
chain_5,93,0,33130,2.3333333333333335,0.8333333333333334,2.5219280948873624,0.19098300562505255,0.0,5
chain_5,94,0,4498,2.3333333333333335,0.8333333333333334,2.5219280948873624,0.19098300562505255,0.0,5
chain_5,95,0,3506,2.3333333333333335,0.8333333333333334,2.5219280948873624,0.19098300562505255,0.0,5
chain_5,96,0,9485,2.3333333333333335,0.8333333333333334,2.5219280948873624,0.19098300562505255,0.0,5
chain_5,97,0,2748,2.3333333333333335,0.8333333333333334,2.5219280948873624,0.19098300562505255,0.0,5
chain_5,98,0,9382,2.3333333333333335,0.8333333333333334,2.5219280948873624,0.19098300562505255,0.0,5
chain_5,99,0,36468,2.3333333333333335,0.8333333333333334,2.5219280948873624,0.19098300562505255,0.0,5
chain_of_stars,0,0,29017,2.1785714285714284,1.125,2.905764584655453,0.22743513432159085,0.0,7
chain_of_stars,1,1,5544,2.1785714285714284,1.125,2.905764584655453,0.22743513432159085,0.0,7
chain_of_stars,2,0,16470,2.1785714285714284,1.125,2.905764584655453,0.22743513432159085,0.0,7
chain_of_stars,3,0,46304,2.1785714285714284,1.125,2.905764584655453,0.22743513432159085,0.0,7
chain_of_stars,4,0,70081,2.1785714285714284,1.125,2.905764584655453,0.22743513432159085,0.0,7
chain_of_stars,5,0,138679,2.1785714285714284,1.125,2.905764584655453,0.22743513432159085,0.0,7
chain_of_stars,6,0,97955,2.1785714285714284,1.125,2.905764584655453,0.22743513432159085,0.0,7
chain_of_stars,7,1,206419,2.1785714285714284,1.125,2.905764584655453,0.22743513432159085,0.0,7
chain_of_stars,8,0,77336,2.1785714285714284,1.125,2.905764584655453,0.22743513432159085,0.0,7
chain_of_stars,9,0,42061,2.1785714285714284,1.125,2.905764584655453,0.22743513432159085,0.0,7
chain_of_stars,10,1,11298,2.1785714285714284,1.125,2.905764584655453,0.22743513432159085,0.0,7
chain_of_stars,11,1,36927,2.1785714285714284,1.125,2.905764584655453,0.22743513432159085,0.0,7
chain_of_stars,12,0,6514,2.1785714285714284,1.125,2.905764584655453,0.22743513432159085,0.0,7
chain_of_stars,13,0,28874,2.1785714285714284,1.125,2.905764584655453,0.22743513432159085,0.0,7
chain_of_stars,14,0,63051,2.1785714285714284,1.125,2.905764584655453,0.22743513432159085,0.0,7
chain_of_stars,15,0,5485,2.1785714285714284,1.125,2.905764584655453,0.22743513432159085,0.0,7
chain_of_stars,16,0,4591,2.1785714285714284,1.125,2.905764584655453,0.22743513432159085,0.0,7
chain_of_stars,17,0,55601,2.1785714285714284,1.125,2.905764584655453,0.22743513432159085,0.0,7
chain_of_stars,18,0,9226,2.1785714285714284,1.125,2.905764584655453,0.22743513432159085,0.0,7
chain_of_stars,19,0,104040,2.1785714285714284,1.125,2.905764584655453,0.22743513432159085,0.0,7
chain_of_stars,20,0,4189,2.1785714285714284,1.125,2.905764584655453,0.22743513432159085,0.0,7
chain_of_stars,21,0,10097,2.1785714285714284,1.125,2.905764584655453,0.22743513432159085,0.0,7
chain_of_stars,22,0,119996,2.1785714285714284,1.125,2.905764584655453,0.22743513432159085,0.0,7
chain_of_stars,23,1,4150,2.1785714285714284,1.125,2.905764584655453,0.22743513432159085,0.0,7
chain_of_stars,24,1,265327,2.1785714285714284,1.125,2.905764584655453,0.22743513432159085,0.0,7
chain_of_stars,25,0,24700,2.1785714285714284,1.125,2.905764584655453,0.22743513432159085,0.0,7
chain_of_stars,26,1,76116,2.1785714285714284,1.125,2.905764584655453,0.22743513432159085,0.0,7
chain_of_stars,27,0,8467,2.1785714285714284,1.125,2.905764584655453,0.22743513432159085,0.0,7
chain_of_stars,28,1,139701,2.1785714285714284,1.125,2.905764584655453,0.22743513432159085,0.0,7
chain_of_stars,29,0,18579,2.1785714285714284,1.125,2.905764584655453,0.22743513432159085,0.0,7
chain_of_stars,30,0,25877,2.1785714285714284,1.125,2.905764584655453,0.22743513432159085,0.0,7
chain_of_stars,31,0,46362,2.1785714285714284,1.125,2.905764584655453,0.22743513432159085,0.0,7
chain_of_stars,32,1,29433,2.1785714285714284,1.125,2.905764584655453,0.22743513432159085,0.0,7
chain_of_stars,33,0,158346,2.1785714285714284,1.125,2.905764584655453,0.22743513432159085,0.0,7
chain_of_stars,34,0,69110,2.1785714285714284,1.125,2.905764584655453,0.22743513432159085,0.0,7
chain_of_stars,35,0,9647,2.1785714285714284,1.125,2.905764584655453,0.22743513432159085,0.0,7
chain_of_stars,36,0,10705,2.1785714285714284,1.125,2.905764584655453,0.22743513432159085,0.0,7
chain_of_stars,37,0,6433,2.1785714285714284,1.125,2.905764584655453,0.22743513432159085,0.0,7
chain_of_stars,38,0,67692,2.1785714285714284,1.125,2.905764584655453,0.22743513432159085,0.0,7
chain_of_stars,39,0,10070,2.1785714285714284,1.125,2.905764584655453,0.22743513432159085,0.0,7
chain_of_stars,40,0,176028,2.1785714285714284,1.125,2.905764584655453,0.22743513432159085,0.0,7
chain_of_stars,41,0,23447,2.1785714285714284,1.125,2.905764584655453,0.22743513432159085,0.0,7
chain_of_stars,42,1,39590,2.1785714285714284,1.125,2.905764584655453,0.22743513432159085,0.0,7
chain_of_stars,43,1,16570,2.1785714285714284,1.125,2.905764584655453,0.22743513432159085,0.0,7
chain_of_stars,44,0,39048,2.1785714285714284,1.125,2.905764584655453,0.22743513432159085,0.0,7
chain_of_stars,45,0,0,2.1785714285714284,1.125,2.905764584655453,0.22743513432159085,0.0,7
chain_of_stars,46,0,20273,2.1785714285714284,1.125,2.905764584655453,0.22743513432159085,0.0,7
chain_of_stars,47,0,48362,2.1785714285714284,1.125,2.905764584655453,0.22743513432159085,0.0,7
chain_of_stars,48,0,5764,2.1785714285714284,1.125,2.905764584655453,0.22743513432159085,0.0,7
chain_of_stars,49,1,16760,2.1785714285714284,1.125,2.905764584655453,0.22743513432159085,0.0,7
chain_of_stars,50,0,81002,2.1785714285714284,1.125,2.905764584655453,0.22743513432159085,0.0,7
chain_of_stars,51,0,21898,2.1785714285714284,1.125,2.905764584655453,0.22743513432159085,0.0,7
chain_of_stars,52,0,106662,2.1785714285714284,1.125,2.905764584655453,0.22743513432159085,0.0,7
chain_of_stars,53,0,2719,2.1785714285714284,1.125,2.905764584655453,0.22743513432159085,0.0,7
chain_of_stars,54,0,17902,2.1785714285714284,1.125,2.905764584655453,0.22743513432159085,0.0,7
chain_of_stars,55,0,3913,2.1785714285714284,1.125,2.905764584655453,0.22743513432159085,0.0,7
chain_of_stars,56,0,52512,2.1785714285714284,1.125,2.905764584655453,0.22743513432159085,0.0,7
chain_of_stars,57,0,5484,2.1785714285714284,1.125,2.905764584655453,0.22743513432159085,0.0,7
chain_of_stars,58,1,83923,2.1785714285714284,1.125,2.905764584655453,0.22743513432159085,0.0,7
chain_of_stars,59,0,14971,2.1785714285714284,1.125,2.905764584655453,0.22743513432159085,0.0,7
chain_of_stars,60,1,59365,2.1785714285714284,1.125,2.905764584655453,0.22743513432159085,0.0,7
chain_of_stars,61,0,34820,2.1785714285714284,1.125,2.905764584655453,0.22743513432159085,0.0,7
chain_of_stars,62,0,6870,2.1785714285714284,1.125,2.905764584655453,0.22743513432159085,0.0,7
chain_of_stars,63,0,156094,2.1785714285714284,1.125,2.905764584655453,0.22743513432159085,0.0,7
chain_of_stars,64,0,7621,2.1785714285714284,1.125,2.905764584655453,0.22743513432159085,0.0,7
chain_of_stars,65,0,29365,2.1785714285714284,1.125,2.905764584655453,0.22743513432159085,0.0,7
chain_of_stars,66,0,8155,2.1785714285714284,1.125,2.905764584655453,0.22743513432159085,0.0,7
chain_of_stars,67,0,6862,2.1785714285714284,1.125,2.905764584655453,0.22743513432159085,0.0,7
chain_of_stars,68,1,1685,2.1785714285714284,1.125,2.905764584655453,0.22743513432159085,0.0,7
chain_of_stars,69,0,9089,2.1785714285714284,1.125,2.905764584655453,0.22743513432159085,0.0,7
chain_of_stars,70,0,6335,2.1785714285714284,1.125,2.905764584655453,0.22743513432159085,0.0,7
chain_of_stars,71,1,40551,2.1785714285714284,1.125,2.905764584655453,0.22743513432159085,0.0,7
chain_of_stars,72,0,4268,2.1785714285714284,1.125,2.905764584655453,0.22743513432159085,0.0,7
chain_of_stars,73,0,21612,2.1785714285714284,1.125,2.905764584655453,0.22743513432159085,0.0,7
chain_of_stars,74,0,2305,2.1785714285714284,1.125,2.905764584655453,0.22743513432159085,0.0,7
chain_of_stars,75,1,18566,2.1785714285714284,1.125,2.905764584655453,0.22743513432159085,0.0,7
chain_of_stars,76,0,87032,2.1785714285714284,1.125,2.905764584655453,0.22743513432159085,0.0,7
chain_of_stars,77,0,23908,2.1785714285714284,1.125,2.905764584655453,0.22743513432159085,0.0,7
chain_of_stars,78,1,24853,2.1785714285714284,1.125,2.905764584655453,0.22743513432159085,0.0,7
chain_of_stars,79,1,19021,2.1785714285714284,1.125,2.905764584655453,0.22743513432159085,0.0,7
chain_of_stars,80,0,0,2.1785714285714284,1.125,2.905764584655453,0.22743513432159085,0.0,7
chain_of_stars,81,0,15344,2.1785714285714284,1.125,2.905764584655453,0.22743513432159085,0.0,7
chain_of_stars,82,0,14576,2.1785714285714284,1.125,2.905764584655453,0.22743513432159085,0.0,7
chain_of_stars,83,0,5901,2.1785714285714284,1.125,2.905764584655453,0.22743513432159085,0.0,7
chain_of_stars,84,0,53494,2.1785714285714284,1.125,2.905764584655453,0.22743513432159085,0.0,7
chain_of_stars,85,0,11678,2.1785714285714284,1.125,2.905764584655453,0.22743513432159085,0.0,7
chain_of_stars,86,0,18161,2.1785714285714284,1.125,2.905764584655453,0.22743513432159085,0.0,7
chain_of_stars,87,0,13125,2.1785714285714284,1.125,2.905764584655453,0.22743513432159085,0.0,7
chain_of_stars,88,0,14750,2.1785714285714284,1.125,2.905764584655453,0.22743513432159085,0.0,7
chain_of_stars,89,0,258787,2.1785714285714284,1.125,2.905764584655453,0.22743513432159085,0.0,7
chain_of_stars,90,0,0,2.1785714285714284,1.125,2.905764584655453,0.22743513432159085,0.0,7
chain_of_stars,91,0,20687,2.1785714285714284,1.125,2.905764584655453,0.22743513432159085,0.0,7
chain_of_stars,92,0,79738,2.1785714285714284,1.125,2.905764584655453,0.22743513432159085,0.0,7
chain_of_stars,93,1,36983,2.1785714285714284,1.125,2.905764584655453,0.22743513432159085,0.0,7
chain_of_stars,94,0,9845,2.1785714285714284,1.125,2.905764584655453,0.22743513432159085,0.0,7
chain_of_stars,95,0,18668,2.1785714285714284,1.125,2.905764584655453,0.22743513432159085,0.0,7
chain_of_stars,96,0,4736,2.1785714285714284,1.125,2.905764584655453,0.22743513432159085,0.0,7
chain_of_stars,97,0,12329,2.1785714285714284,1.125,2.905764584655453,0.22743513432159085,0.0,7
chain_of_stars,98,0,6581,2.1785714285714284,1.125,2.905764584655453,0.22743513432159085,0.0,7
chain_of_stars,99,0,0,2.1785714285714284,1.125,2.905764584655453,0.22743513432159085,0.0,7
chain_with_star_sink,0,0,30390,1.3,1.4,2.270942421748537,0.7257081148225679,0.0,4
chain_with_star_sink,1,1,2319,1.3,1.4,2.270942421748537,0.7257081148225679,0.0,4
chain_with_star_sink,2,0,6107,1.3,1.4,2.270942421748537,0.7257081148225679,0.0,4
chain_with_star_sink,3,0,25658,1.3,1.4,2.270942421748537,0.7257081148225679,0.0,4
chain_with_star_sink,4,0,2427,1.3,1.4,2.270942421748537,0.7257081148225679,0.0,4
chain_with_star_sink,5,0,33148,1.3,1.4,2.270942421748537,0.7257081148225679,0.0,4
chain_with_star_sink,6,0,3067,1.3,1.4,2.270942421748537,0.7257081148225679,0.0,4
chain_with_star_sink,7,0,3946,1.3,1.4,2.270942421748537,0.7257081148225679,0.0,4
chain_with_star_sink,8,0,52801,1.3,1.4,2.270942421748537,0.7257081148225679,0.0,4
chain_with_star_sink,9,0,38342,1.3,1.4,2.270942421748537,0.7257081148225679,0.0,4
chain_with_star_sink,10,0,36344,1.3,1.4,2.270942421748537,0.7257081148225679,0.0,4
chain_with_star_sink,11,0,22221,1.3,1.4,2.270942421748537,0.7257081148225679,0.0,4
chain_with_star_sink,12,0,797,1.3,1.4,2.270942421748537,0.7257081148225679,0.0,4
chain_with_star_sink,13,0,35526,1.3,1.4,2.270942421748537,0.7257081148225679,0.0,4
chain_with_star_sink,14,1,42318,1.3,1.4,2.270942421748537,0.7257081148225679,0.0,4
chain_with_star_sink,15,0,2508,1.3,1.4,2.270942421748537,0.7257081148225679,0.0,4
chain_with_star_sink,16,0,4754,1.3,1.4,2.270942421748537,0.7257081148225679,0.0,4
chain_with_star_sink,17,0,17636,1.3,1.4,2.270942421748537,0.7257081148225679,0.0,4
chain_with_star_sink,18,0,2724,1.3,1.4,2.270942421748537,0.7257081148225679,0.0,4
chain_with_star_sink,19,0,3616,1.3,1.4,2.270942421748537,0.7257081148225679,0.0,4
chain_with_star_sink,20,0,1434,1.3,1.4,2.270942421748537,0.7257081148225679,0.0,4
chain_with_star_sink,21,0,2049,1.3,1.4,2.270942421748537,0.7257081148225679,0.0,4
chain_with_star_sink,22,0,77481,1.3,1.4,2.270942421748537,0.7257081148225679,0.0,4
chain_with_star_sink,23,0,1787,1.3,1.4,2.270942421748537,0.7257081148225679,0.0,4
chain_with_star_sink,24,1,106128,1.3,1.4,2.270942421748537,0.7257081148225679,0.0,4
chain_with_star_sink,25,0,5020,1.3,1.4,2.270942421748537,0.7257081148225679,0.0,4
chain_with_star_sink,26,1,35798,1.3,1.4,2.270942421748537,0.7257081148225679,0.0,4
chain_with_star_sink,27,0,4842,1.3,1.4,2.270942421748537,0.7257081148225679,0.0,4
chain_with_star_sink,28,1,36542,1.3,1.4,2.270942421748537,0.7257081148225679,0.0,4
chain_with_star_sink,29,0,10409,1.3,1.4,2.270942421748537,0.7257081148225679,0.0,4
chain_with_star_sink,30,0,7512,1.3,1.4,2.270942421748537,0.7257081148225679,0.0,4
chain_with_star_sink,31,0,34649,1.3,1.4,2.270942421748537,0.7257081148225679,0.0,4
chain_with_star_sink,32,0,9283,1.3,1.4,2.270942421748537,0.7257081148225679,0.0,4
chain_with_star_sink,33,0,28220,1.3,1.4,2.270942421748537,0.7257081148225679,0.0,4
chain_with_star_sink,34,0,31456,1.3,1.4,2.270942421748537,0.7257081148225679,0.0,4
chain_with_star_sink,35,0,3855,1.3,1.4,2.270942421748537,0.7257081148225679,0.0,4
chain_with_star_sink,36,0,3317,1.3,1.4,2.270942421748537,0.7257081148225679,0.0,4
chain_with_star_sink,37,1,4999,1.3,1.4,2.270942421748537,0.7257081148225679,0.0,4
chain_with_star_sink,38,0,20175,1.3,1.4,2.270942421748537,0.7257081148225679,0.0,4
chain_with_star_sink,39,0,6189,1.3,1.4,2.270942421748537,0.7257081148225679,0.0,4
chain_with_star_sink,40,0,59685,1.3,1.4,2.270942421748537,0.7257081148225679,0.0,4
chain_with_star_sink,41,0,4786,1.3,1.4,2.270942421748537,0.7257081148225679,0.0,4
chain_with_star_sink,42,1,14525,1.3,1.4,2.270942421748537,0.7257081148225679,0.0,4
chain_with_star_sink,43,0,13698,1.3,1.4,2.270942421748537,0.7257081148225679,0.0,4
chain_with_star_sink,44,0,36558,1.3,1.4,2.270942421748537,0.7257081148225679,0.0,4
chain_with_star_sink,45,0,139393,1.3,1.4,2.270942421748537,0.7257081148225679,0.0,4
chain_with_star_sink,46,0,3045,1.3,1.4,2.270942421748537,0.7257081148225679,0.0,4
chain_with_star_sink,47,0,21690,1.3,1.4,2.270942421748537,0.7257081148225679,0.0,4
chain_with_star_sink,48,0,2483,1.3,1.4,2.270942421748537,0.7257081148225679,0.0,4
chain_with_star_sink,49,1,10348,1.3,1.4,2.270942421748537,0.7257081148225679,0.0,4
chain_with_star_sink,50,0,154697,1.3,1.4,2.270942421748537,0.7257081148225679,0.0,4
chain_with_star_sink,51,1,42437,1.3,1.4,2.270942421748537,0.7257081148225679,0.0,4
chain_with_star_sink,52,0,95582,1.3,1.4,2.270942421748537,0.7257081148225679,0.0,4
chain_with_star_sink,53,0,1025,1.3,1.4,2.270942421748537,0.7257081148225679,0.0,4
chain_with_star_sink,54,0,2597,1.3,1.4,2.270942421748537,0.7257081148225679,0.0,4
chain_with_star_sink,55,0,2676,1.3,1.4,2.270942421748537,0.7257081148225679,0.0,4
chain_with_star_sink,56,0,3216,1.3,1.4,2.270942421748537,0.7257081148225679,0.0,4
chain_with_star_sink,57,1,2013,1.3,1.4,2.270942421748537,0.7257081148225679,0.0,4
chain_with_star_sink,58,0,56685,1.3,1.4,2.270942421748537,0.7257081148225679,0.0,4
chain_with_star_sink,59,0,2966,1.3,1.4,2.270942421748537,0.7257081148225679,0.0,4
chain_with_star_sink,60,1,41884,1.3,1.4,2.270942421748537,0.7257081148225679,0.0,4
chain_with_star_sink,61,0,10085,1.3,1.4,2.270942421748537,0.7257081148225679,0.0,4
chain_with_star_sink,62,0,11172,1.3,1.4,2.270942421748537,0.7257081148225679,0.0,4
chain_with_star_sink,63,0,65562,1.3,1.4,2.270942421748537,0.7257081148225679,0.0,4
chain_with_star_sink,64,0,3641,1.3,1.4,2.270942421748537,0.7257081148225679,0.0,4
chain_with_star_sink,65,0,70976,1.3,1.4,2.270942421748537,0.7257081148225679,0.0,4
chain_with_star_sink,66,0,803,1.3,1.4,2.270942421748537,0.7257081148225679,0.0,4
chain_with_star_sink,67,0,45043,1.3,1.4,2.270942421748537,0.7257081148225679,0.0,4
chain_with_star_sink,68,1,2274,1.3,1.4,2.270942421748537,0.7257081148225679,0.0,4
chain_with_star_sink,69,0,6892,1.3,1.4,2.270942421748537,0.7257081148225679,0.0,4
chain_with_star_sink,70,0,3127,1.3,1.4,2.270942421748537,0.7257081148225679,0.0,4
chain_with_star_sink,71,0,2059,1.3,1.4,2.270942421748537,0.7257081148225679,0.0,4
chain_with_star_sink,72,0,3852,1.3,1.4,2.270942421748537,0.7257081148225679,0.0,4
chain_with_star_sink,73,0,1836,1.3,1.4,2.270942421748537,0.7257081148225679,0.0,4
chain_with_star_sink,74,0,1277,1.3,1.4,2.270942421748537,0.7257081148225679,0.0,4
chain_with_star_sink,75,1,7575,1.3,1.4,2.270942421748537,0.7257081148225679,0.0,4
chain_with_star_sink,76,0,48834,1.3,1.4,2.270942421748537,0.7257081148225679,0.0,4
chain_with_star_sink,77,0,37342,1.3,1.4,2.270942421748537,0.7257081148225679,0.0,4
chain_with_star_sink,78,1,38248,1.3,1.4,2.270942421748537,0.7257081148225679,0.0,4
chain_with_star_sink,79,0,70689,1.3,1.4,2.270942421748537,0.7257081148225679,0.0,4
chain_with_star_sink,80,0,97166,1.3,1.4,2.270942421748537,0.7257081148225679,0.0,4
chain_with_star_sink,81,0,2420,1.3,1.4,2.270942421748537,0.7257081148225679,0.0,4
chain_with_star_sink,82,1,39594,1.3,1.4,2.270942421748537,0.7257081148225679,0.0,4
chain_with_star_sink,83,0,1530,1.3,1.4,2.270942421748537,0.7257081148225679,0.0,4
chain_with_star_sink,84,0,38322,1.3,1.4,2.270942421748537,0.7257081148225679,0.0,4
chain_with_star_sink,85,0,5323,1.3,1.4,2.270942421748537,0.7257081148225679,0.0,4
chain_with_star_sink,86,0,15118,1.3,1.4,2.270942421748537,0.7257081148225679,0.0,4
chain_with_star_sink,87,0,7165,1.3,1.4,2.270942421748537,0.7257081148225679,0.0,4
chain_with_star_sink,88,0,77963,1.3,1.4,2.270942421748537,0.7257081148225679,0.0,4
chain_with_star_sink,89,0,168599,1.3,1.4,2.270942421748537,0.7257081148225679,0.0,4
chain_with_star_sink,90,0,47223,1.3,1.4,2.270942421748537,0.7257081148225679,0.0,4
chain_with_star_sink,91,0,37748,1.3,1.4,2.270942421748537,0.7257081148225679,0.0,4
chain_with_star_sink,92,0,103415,1.3,1.4,2.270942421748537,0.7257081148225679,0.0,4
chain_with_star_sink,93,1,33111,1.3,1.4,2.270942421748537,0.7257081148225679,0.0,4
chain_with_star_sink,94,0,5043,1.3,1.4,2.270942421748537,0.7257081148225679,0.0,4
chain_with_star_sink,95,0,3445,1.3,1.4,2.270942421748537,0.7257081148225679,0.0,4
chain_with_star_sink,96,0,1761,1.3,1.4,2.270942421748537,0.7257081148225679,0.0,4
chain_with_star_sink,97,0,2521,1.3,1.4,2.270942421748537,0.7257081148225679,0.0,4
chain_with_star_sink,98,0,4036,1.3,1.4,2.270942421748537,0.7257081148225679,0.0,4
chain_with_star_sink,99,1,123070,1.3,1.4,2.270942421748537,0.7257081148225679,0.0,4
debate,0,0,35179,1.3333333333333333,1.0,2.0,0.9999999999999997,0.0,3
debate,1,1,2298,1.3333333333333333,1.0,2.0,0.9999999999999997,0.0,3
debate,2,0,7357,1.3333333333333333,1.0,2.0,0.9999999999999997,0.0,3
debate,3,0,86817,1.3333333333333333,1.0,2.0,0.9999999999999997,0.0,3
debate,4,0,74375,1.3333333333333333,1.0,2.0,0.9999999999999997,0.0,3
debate,5,0,59319,1.3333333333333333,1.0,2.0,0.9999999999999997,0.0,3
debate,6,0,75516,1.3333333333333333,1.0,2.0,0.9999999999999997,0.0,3
debate,7,0,156417,1.3333333333333333,1.0,2.0,0.9999999999999997,0.0,3
debate,8,0,12563,1.3333333333333333,1.0,2.0,0.9999999999999997,0.0,3
debate,9,0,23414,1.3333333333333333,1.0,2.0,0.9999999999999997,0.0,3
debate,10,0,38762,1.3333333333333333,1.0,2.0,0.9999999999999997,0.0,3
debate,11,1,37906,1.3333333333333333,1.0,2.0,0.9999999999999997,0.0,3
debate,12,0,3833,1.3333333333333333,1.0,2.0,0.9999999999999997,0.0,3
debate,13,1,25416,1.3333333333333333,1.0,2.0,0.9999999999999997,0.0,3
debate,14,0,15171,1.3333333333333333,1.0,2.0,0.9999999999999997,0.0,3
debate,15,0,2723,1.3333333333333333,1.0,2.0,0.9999999999999997,0.0,3
debate,16,0,4915,1.3333333333333333,1.0,2.0,0.9999999999999997,0.0,3
debate,17,0,0,1.3333333333333333,1.0,2.0,0.9999999999999997,0.0,3
debate,18,0,1907,1.3333333333333333,1.0,2.0,0.9999999999999997,0.0,3
debate,19,0,4441,1.3333333333333333,1.0,2.0,0.9999999999999997,0.0,3
debate,20,0,2177,1.3333333333333333,1.0,2.0,0.9999999999999997,0.0,3
debate,21,0,6321,1.3333333333333333,1.0,2.0,0.9999999999999997,0.0,3
debate,22,0,0,1.3333333333333333,1.0,2.0,0.9999999999999997,0.0,3
debate,23,1,2507,1.3333333333333333,1.0,2.0,0.9999999999999997,0.0,3
debate,24,0,0,1.3333333333333333,1.0,2.0,0.9999999999999997,0.0,3
debate,25,0,8363,1.3333333333333333,1.0,2.0,0.9999999999999997,0.0,3
debate,26,1,24999,1.3333333333333333,1.0,2.0,0.9999999999999997,0.0,3
debate,27,0,12941,1.3333333333333333,1.0,2.0,0.9999999999999997,0.0,3
debate,28,0,0,1.3333333333333333,1.0,2.0,0.9999999999999997,0.0,3
debate,29,0,6182,1.3333333333333333,1.0,2.0,0.9999999999999997,0.0,3
debate,30,0,0,1.3333333333333333,1.0,2.0,0.9999999999999997,0.0,3
debate,31,0,0,1.3333333333333333,1.0,2.0,0.9999999999999997,0.0,3
debate,32,0,0,1.3333333333333333,1.0,2.0,0.9999999999999997,0.0,3
debate,33,0,0,1.3333333333333333,1.0,2.0,0.9999999999999997,0.0,3
debate,34,0,0,1.3333333333333333,1.0,2.0,0.9999999999999997,0.0,3
debate,35,0,0,1.3333333333333333,1.0,2.0,0.9999999999999997,0.0,3
debate,36,0,0,1.3333333333333333,1.0,2.0,0.9999999999999997,0.0,3
debate,37,0,0,1.3333333333333333,1.0,2.0,0.9999999999999997,0.0,3
debate,38,0,0,1.3333333333333333,1.0,2.0,0.9999999999999997,0.0,3
debate,39,0,0,1.3333333333333333,1.0,2.0,0.9999999999999997,0.0,3
debate,40,0,0,1.3333333333333333,1.0,2.0,0.9999999999999997,0.0,3
debate,41,0,0,1.3333333333333333,1.0,2.0,0.9999999999999997,0.0,3
debate,42,0,0,1.3333333333333333,1.0,2.0,0.9999999999999997,0.0,3
debate,43,0,0,1.3333333333333333,1.0,2.0,0.9999999999999997,0.0,3
debate,44,0,0,1.3333333333333333,1.0,2.0,0.9999999999999997,0.0,3
debate,45,0,0,1.3333333333333333,1.0,2.0,0.9999999999999997,0.0,3
debate,46,0,0,1.3333333333333333,1.0,2.0,0.9999999999999997,0.0,3
debate,47,0,0,1.3333333333333333,1.0,2.0,0.9999999999999997,0.0,3
debate,48,0,0,1.3333333333333333,1.0,2.0,0.9999999999999997,0.0,3
debate,49,0,0,1.3333333333333333,1.0,2.0,0.9999999999999997,0.0,3
debate,50,0,0,1.3333333333333333,1.0,2.0,0.9999999999999997,0.0,3
debate,51,0,0,1.3333333333333333,1.0,2.0,0.9999999999999997,0.0,3
debate,52,0,0,1.3333333333333333,1.0,2.0,0.9999999999999997,0.0,3
debate,53,0,0,1.3333333333333333,1.0,2.0,0.9999999999999997,0.0,3
debate,54,0,0,1.3333333333333333,1.0,2.0,0.9999999999999997,0.0,3
debate,55,0,0,1.3333333333333333,1.0,2.0,0.9999999999999997,0.0,3
debate,56,0,0,1.3333333333333333,1.0,2.0,0.9999999999999997,0.0,3
debate,57,0,0,1.3333333333333333,1.0,2.0,0.9999999999999997,0.0,3
debate,58,0,0,1.3333333333333333,1.0,2.0,0.9999999999999997,0.0,3
debate,59,0,0,1.3333333333333333,1.0,2.0,0.9999999999999997,0.0,3
debate,60,0,0,1.3333333333333333,1.0,2.0,0.9999999999999997,0.0,3
debate,61,0,0,1.3333333333333333,1.0,2.0,0.9999999999999997,0.0,3
debate,62,0,0,1.3333333333333333,1.0,2.0,0.9999999999999997,0.0,3
debate,63,0,0,1.3333333333333333,1.0,2.0,0.9999999999999997,0.0,3
debate,64,0,0,1.3333333333333333,1.0,2.0,0.9999999999999997,0.0,3
debate,65,0,0,1.3333333333333333,1.0,2.0,0.9999999999999997,0.0,3
debate,66,0,0,1.3333333333333333,1.0,2.0,0.9999999999999997,0.0,3
debate,67,0,0,1.3333333333333333,1.0,2.0,0.9999999999999997,0.0,3
debate,68,0,0,1.3333333333333333,1.0,2.0,0.9999999999999997,0.0,3
debate,69,0,0,1.3333333333333333,1.0,2.0,0.9999999999999997,0.0,3
debate,70,0,0,1.3333333333333333,1.0,2.0,0.9999999999999997,0.0,3
debate,71,0,0,1.3333333333333333,1.0,2.0,0.9999999999999997,0.0,3
debate,72,0,0,1.3333333333333333,1.0,2.0,0.9999999999999997,0.0,3
debate,73,0,0,1.3333333333333333,1.0,2.0,0.9999999999999997,0.0,3
debate,74,0,0,1.3333333333333333,1.0,2.0,0.9999999999999997,0.0,3
debate,75,0,0,1.3333333333333333,1.0,2.0,0.9999999999999997,0.0,3
debate,76,0,0,1.3333333333333333,1.0,2.0,0.9999999999999997,0.0,3
debate,77,0,0,1.3333333333333333,1.0,2.0,0.9999999999999997,0.0,3
debate,78,0,0,1.3333333333333333,1.0,2.0,0.9999999999999997,0.0,3
debate,79,0,0,1.3333333333333333,1.0,2.0,0.9999999999999997,0.0,3
debate,80,0,0,1.3333333333333333,1.0,2.0,0.9999999999999997,0.0,3
debate,81,0,0,1.3333333333333333,1.0,2.0,0.9999999999999997,0.0,3
debate,82,0,0,1.3333333333333333,1.0,2.0,0.9999999999999997,0.0,3
debate,83,0,0,1.3333333333333333,1.0,2.0,0.9999999999999997,0.0,3
debate,84,0,0,1.3333333333333333,1.0,2.0,0.9999999999999997,0.0,3
debate,85,0,0,1.3333333333333333,1.0,2.0,0.9999999999999997,0.0,3
debate,86,0,0,1.3333333333333333,1.0,2.0,0.9999999999999997,0.0,3
debate,87,0,0,1.3333333333333333,1.0,2.0,0.9999999999999997,0.0,3
debate,88,0,0,1.3333333333333333,1.0,2.0,0.9999999999999997,0.0,3
debate,89,0,0,1.3333333333333333,1.0,2.0,0.9999999999999997,0.0,3
debate,90,0,0,1.3333333333333333,1.0,2.0,0.9999999999999997,0.0,3
debate,91,0,0,1.3333333333333333,1.0,2.0,0.9999999999999997,0.0,3
debate,92,0,0,1.3333333333333333,1.0,2.0,0.9999999999999997,0.0,3
debate,93,0,0,1.3333333333333333,1.0,2.0,0.9999999999999997,0.0,3
debate,94,0,0,1.3333333333333333,1.0,2.0,0.9999999999999997,0.0,3
debate,95,0,0,1.3333333333333333,1.0,2.0,0.9999999999999997,0.0,3
debate,96,0,0,1.3333333333333333,1.0,2.0,0.9999999999999997,0.0,3
debate,97,0,0,1.3333333333333333,1.0,2.0,0.9999999999999997,0.0,3
debate,98,0,0,1.3333333333333333,1.0,2.0,0.9999999999999997,0.0,3
debate,99,0,0,1.3333333333333333,1.0,2.0,0.9999999999999997,0.0,3
er_3_p04_s1,0,0,2889,1.5,1.0,2.321928094887362,0.6909830056250524,0.0,4
er_3_p04_s1,1,0,8625,1.5,1.0,2.321928094887362,0.6909830056250524,0.0,4
er_3_p04_s1,2,1,13882,1.5,1.0,2.321928094887362,0.6909830056250524,0.0,4
er_3_p04_s1,3,0,37305,1.5,1.0,2.321928094887362,0.6909830056250524,0.0,4
er_3_p04_s1,4,0,44868,1.5,1.0,2.321928094887362,0.6909830056250524,0.0,4
er_3_p04_s1,5,0,47862,1.5,1.0,2.321928094887362,0.6909830056250524,0.0,4
er_3_p04_s1,6,0,6897,1.5,1.0,2.321928094887362,0.6909830056250524,0.0,4
er_3_p04_s1,7,0,60799,1.5,1.0,2.321928094887362,0.6909830056250524,0.0,4
er_3_p04_s1,8,0,7753,1.5,1.0,2.321928094887362,0.6909830056250524,0.0,4
er_3_p04_s1,9,0,26707,1.5,1.0,2.321928094887362,0.6909830056250524,0.0,4
er_3_p04_s1,10,0,13731,1.5,1.0,2.321928094887362,0.6909830056250524,0.0,4
er_3_p04_s1,11,0,10870,1.5,1.0,2.321928094887362,0.6909830056250524,0.0,4
er_3_p04_s1,12,0,5033,1.5,1.0,2.321928094887362,0.6909830056250524,0.0,4
er_3_p04_s1,13,1,32654,1.5,1.0,2.321928094887362,0.6909830056250524,0.0,4
er_3_p04_s1,14,0,19162,1.5,1.0,2.321928094887362,0.6909830056250524,0.0,4
er_3_p04_s1,15,0,1723,1.5,1.0,2.321928094887362,0.6909830056250524,0.0,4
er_3_p04_s1,16,0,6230,1.5,1.0,2.321928094887362,0.6909830056250524,0.0,4
er_3_p04_s1,17,0,2026,1.5,1.0,2.321928094887362,0.6909830056250524,0.0,4
er_3_p04_s1,18,0,2457,1.5,1.0,2.321928094887362,0.6909830056250524,0.0,4
er_3_p04_s1,19,0,22941,1.5,1.0,2.321928094887362,0.6909830056250524,0.0,4
er_3_p04_s1,20,0,1619,1.5,1.0,2.321928094887362,0.6909830056250524,0.0,4
er_3_p04_s1,21,0,2278,1.5,1.0,2.321928094887362,0.6909830056250524,0.0,4
er_3_p04_s1,22,0,60203,1.5,1.0,2.321928094887362,0.6909830056250524,0.0,4
er_3_p04_s1,23,1,1445,1.5,1.0,2.321928094887362,0.6909830056250524,0.0,4
er_3_p04_s1,24,0,70626,1.5,1.0,2.321928094887362,0.6909830056250524,0.0,4
er_3_p04_s1,25,0,1755,1.5,1.0,2.321928094887362,0.6909830056250524,0.0,4
er_3_p04_s1,26,1,84811,1.5,1.0,2.321928094887362,0.6909830056250524,0.0,4
er_3_p04_s1,27,0,8095,1.5,1.0,2.321928094887362,0.6909830056250524,0.0,4
er_3_p04_s1,28,1,38628,1.5,1.0,2.321928094887362,0.6909830056250524,0.0,4
er_3_p04_s1,29,0,11026,1.5,1.0,2.321928094887362,0.6909830056250524,0.0,4
er_3_p04_s1,30,0,4920,1.5,1.0,2.321928094887362,0.6909830056250524,0.0,4
er_3_p04_s1,31,0,40574,1.5,1.0,2.321928094887362,0.6909830056250524,0.0,4
er_3_p04_s1,32,1,20589,1.5,1.0,2.321928094887362,0.6909830056250524,0.0,4
er_3_p04_s1,33,0,6032,1.5,1.0,2.321928094887362,0.6909830056250524,0.0,4
er_3_p04_s1,34,0,20535,1.5,1.0,2.321928094887362,0.6909830056250524,0.0,4
er_3_p04_s1,35,0,4073,1.5,1.0,2.321928094887362,0.6909830056250524,0.0,4
er_3_p04_s1,36,0,2348,1.5,1.0,2.321928094887362,0.6909830056250524,0.0,4
er_3_p04_s1,37,0,1418,1.5,1.0,2.321928094887362,0.6909830056250524,0.0,4
er_3_p04_s1,38,0,8430,1.5,1.0,2.321928094887362,0.6909830056250524,0.0,4
er_3_p04_s1,39,0,11197,1.5,1.0,2.321928094887362,0.6909830056250524,0.0,4
er_3_p04_s1,40,0,65455,1.5,1.0,2.321928094887362,0.6909830056250524,0.0,4
er_3_p04_s1,41,0,7184,1.5,1.0,2.321928094887362,0.6909830056250524,0.0,4
er_3_p04_s1,42,1,27701,1.5,1.0,2.321928094887362,0.6909830056250524,0.0,4
er_3_p04_s1,43,1,15912,1.5,1.0,2.321928094887362,0.6909830056250524,0.0,4
er_3_p04_s1,44,0,58934,1.5,1.0,2.321928094887362,0.6909830056250524,0.0,4
er_3_p04_s1,45,0,108784,1.5,1.0,2.321928094887362,0.6909830056250524,0.0,4
er_3_p04_s1,46,0,3972,1.5,1.0,2.321928094887362,0.6909830056250524,0.0,4
er_3_p04_s1,47,0,2862,1.5,1.0,2.321928094887362,0.6909830056250524,0.0,4
er_3_p04_s1,48,0,2924,1.5,1.0,2.321928094887362,0.6909830056250524,0.0,4
er_3_p04_s1,49,1,14127,1.5,1.0,2.321928094887362,0.6909830056250524,0.0,4
er_3_p04_s1,50,0,60544,1.5,1.0,2.321928094887362,0.6909830056250524,0.0,4
er_3_p04_s1,51,0,38598,1.5,1.0,2.321928094887362,0.6909830056250524,0.0,4
er_3_p04_s1,52,0,105273,1.5,1.0,2.321928094887362,0.6909830056250524,0.0,4
er_3_p04_s1,53,0,8257,1.5,1.0,2.321928094887362,0.6909830056250524,0.0,4
er_3_p04_s1,54,0,2461,1.5,1.0,2.321928094887362,0.6909830056250524,0.0,4
er_3_p04_s1,55,0,2562,1.5,1.0,2.321928094887362,0.6909830056250524,0.0,4
er_3_p04_s1,56,0,15993,1.5,1.0,2.321928094887362,0.6909830056250524,0.0,4
er_3_p04_s1,57,0,9268,1.5,1.0,2.321928094887362,0.6909830056250524,0.0,4
er_3_p04_s1,58,0,10598,1.5,1.0,2.321928094887362,0.6909830056250524,0.0,4
er_3_p04_s1,59,0,4530,1.5,1.0,2.321928094887362,0.6909830056250524,0.0,4
er_3_p04_s1,60,0,42066,1.5,1.0,2.321928094887362,0.6909830056250524,0.0,4
er_3_p04_s1,61,0,29270,1.5,1.0,2.321928094887362,0.6909830056250524,0.0,4
er_3_p04_s1,62,0,10720,1.5,1.0,2.321928094887362,0.6909830056250524,0.0,4
er_3_p04_s1,63,0,50348,1.5,1.0,2.321928094887362,0.6909830056250524,0.0,4
er_3_p04_s1,64,0,3512,1.5,1.0,2.321928094887362,0.6909830056250524,0.0,4
er_3_p04_s1,65,0,25296,1.5,1.0,2.321928094887362,0.6909830056250524,0.0,4
er_3_p04_s1,66,0,2505,1.5,1.0,2.321928094887362,0.6909830056250524,0.0,4
er_3_p04_s1,67,0,29399,1.5,1.0,2.321928094887362,0.6909830056250524,0.0,4
er_3_p04_s1,68,1,2281,1.5,1.0,2.321928094887362,0.6909830056250524,0.0,4
er_3_p04_s1,69,0,1797,1.5,1.0,2.321928094887362,0.6909830056250524,0.0,4
er_3_p04_s1,70,0,5746,1.5,1.0,2.321928094887362,0.6909830056250524,0.0,4
er_3_p04_s1,71,1,62604,1.5,1.0,2.321928094887362,0.6909830056250524,0.0,4
er_3_p04_s1,72,0,11383,1.5,1.0,2.321928094887362,0.6909830056250524,0.0,4
er_3_p04_s1,73,0,2536,1.5,1.0,2.321928094887362,0.6909830056250524,0.0,4
er_3_p04_s1,74,0,3334,1.5,1.0,2.321928094887362,0.6909830056250524,0.0,4
er_3_p04_s1,75,1,9102,1.5,1.0,2.321928094887362,0.6909830056250524,0.0,4
er_3_p04_s1,76,0,2666,1.5,1.0,2.321928094887362,0.6909830056250524,0.0,4
er_3_p04_s1,77,0,31011,1.5,1.0,2.321928094887362,0.6909830056250524,0.0,4
er_3_p04_s1,78,0,42275,1.5,1.0,2.321928094887362,0.6909830056250524,0.0,4
er_3_p04_s1,79,1,8805,1.5,1.0,2.321928094887362,0.6909830056250524,0.0,4
er_3_p04_s1,80,0,7277,1.5,1.0,2.321928094887362,0.6909830056250524,0.0,4
er_3_p04_s1,81,0,3652,1.5,1.0,2.321928094887362,0.6909830056250524,0.0,4
er_3_p04_s1,82,0,12717,1.5,1.0,2.321928094887362,0.6909830056250524,0.0,4
er_3_p04_s1,83,0,3092,1.5,1.0,2.321928094887362,0.6909830056250524,0.0,4
er_3_p04_s1,84,0,42550,1.5,1.0,2.321928094887362,0.6909830056250524,0.0,4
er_3_p04_s1,85,0,18093,1.5,1.0,2.321928094887362,0.6909830056250524,0.0,4
er_3_p04_s1,86,0,22073,1.5,1.0,2.321928094887362,0.6909830056250524,0.0,4
er_3_p04_s1,87,0,10261,1.5,1.0,2.321928094887362,0.6909830056250524,0.0,4
er_3_p04_s1,88,0,9202,1.5,1.0,2.321928094887362,0.6909830056250524,0.0,4
er_3_p04_s1,89,0,81734,1.5,1.0,2.321928094887362,0.6909830056250524,0.0,4
er_3_p04_s1,90,0,57938,1.5,1.0,2.321928094887362,0.6909830056250524,0.0,4
er_3_p04_s1,91,0,16097,1.5,1.0,2.321928094887362,0.6909830056250524,0.0,4
er_3_p04_s1,92,0,4470,1.5,1.0,2.321928094887362,0.6909830056250524,0.0,4
er_3_p04_s1,93,1,42080,1.5,1.0,2.321928094887362,0.6909830056250524,0.0,4
er_3_p04_s1,94,0,5656,1.5,1.0,2.321928094887362,0.6909830056250524,0.0,4
er_3_p04_s1,95,0,2902,1.5,1.0,2.321928094887362,0.6909830056250524,0.0,4
er_3_p04_s1,96,0,7979,1.5,1.0,2.321928094887362,0.6909830056250524,0.0,4
er_3_p04_s1,97,0,3419,1.5,1.0,2.321928094887362,0.6909830056250524,0.0,4
er_3_p04_s1,98,0,5392,1.5,1.0,2.321928094887362,0.6909830056250524,0.0,4
er_3_p04_s1,99,0,87516,1.5,1.0,2.321928094887362,0.6909830056250524,0.0,4
er_3_p04_s3,0,0,3945,1.6666666666666667,0.75,1.9182958340544893,0.5000000000000002,0.0,3
er_3_p04_s3,1,0,7486,1.6666666666666667,0.75,1.9182958340544893,0.5000000000000002,0.0,3
er_3_p04_s3,2,0,7935,1.6666666666666667,0.75,1.9182958340544893,0.5000000000000002,0.0,3
er_3_p04_s3,3,0,7874,1.6666666666666667,0.75,1.9182958340544893,0.5000000000000002,0.0,3
er_3_p04_s3,4,0,22319,1.6666666666666667,0.75,1.9182958340544893,0.5000000000000002,0.0,3
er_3_p04_s3,5,1,24822,1.6666666666666667,0.75,1.9182958340544893,0.5000000000000002,0.0,3
er_3_p04_s3,6,0,67843,1.6666666666666667,0.75,1.9182958340544893,0.5000000000000002,0.0,3
er_3_p04_s3,7,0,162958,1.6666666666666667,0.75,1.9182958340544893,0.5000000000000002,0.0,3
er_3_p04_s3,8,0,43226,1.6666666666666667,0.75,1.9182958340544893,0.5000000000000002,0.0,3
er_3_p04_s3,9,0,4518,1.6666666666666667,0.75,1.9182958340544893,0.5000000000000002,0.0,3
er_3_p04_s3,10,0,79844,1.6666666666666667,0.75,1.9182958340544893,0.5000000000000002,0.0,3
er_3_p04_s3,11,1,39862,1.6666666666666667,0.75,1.9182958340544893,0.5000000000000002,0.0,3
er_3_p04_s3,12,0,2340,1.6666666666666667,0.75,1.9182958340544893,0.5000000000000002,0.0,3
er_3_p04_s3,13,1,62628,1.6666666666666667,0.75,1.9182958340544893,0.5000000000000002,0.0,3
er_3_p04_s3,14,0,14900,1.6666666666666667,0.75,1.9182958340544893,0.5000000000000002,0.0,3
er_3_p04_s3,15,0,11737,1.6666666666666667,0.75,1.9182958340544893,0.5000000000000002,0.0,3
er_3_p04_s3,16,0,4620,1.6666666666666667,0.75,1.9182958340544893,0.5000000000000002,0.0,3
er_3_p04_s3,17,0,7542,1.6666666666666667,0.75,1.9182958340544893,0.5000000000000002,0.0,3
er_3_p04_s3,18,0,2024,1.6666666666666667,0.75,1.9182958340544893,0.5000000000000002,0.0,3
er_3_p04_s3,19,0,2158,1.6666666666666667,0.75,1.9182958340544893,0.5000000000000002,0.0,3
er_3_p04_s3,20,0,1544,1.6666666666666667,0.75,1.9182958340544893,0.5000000000000002,0.0,3
er_3_p04_s3,21,0,8922,1.6666666666666667,0.75,1.9182958340544893,0.5000000000000002,0.0,3
er_3_p04_s3,22,0,3629,1.6666666666666667,0.75,1.9182958340544893,0.5000000000000002,0.0,3
er_3_p04_s3,23,1,1006,1.6666666666666667,0.75,1.9182958340544893,0.5000000000000002,0.0,3
er_3_p04_s3,24,0,68068,1.6666666666666667,0.75,1.9182958340544893,0.5000000000000002,0.0,3
er_3_p04_s3,25,0,6695,1.6666666666666667,0.75,1.9182958340544893,0.5000000000000002,0.0,3
er_3_p04_s3,26,1,20109,1.6666666666666667,0.75,1.9182958340544893,0.5000000000000002,0.0,3
er_3_p04_s3,27,0,5033,1.6666666666666667,0.75,1.9182958340544893,0.5000000000000002,0.0,3
er_3_p04_s3,28,0,49916,1.6666666666666667,0.75,1.9182958340544893,0.5000000000000002,0.0,3
er_3_p04_s3,29,0,6475,1.6666666666666667,0.75,1.9182958340544893,0.5000000000000002,0.0,3
er_3_p04_s3,30,0,1673,1.6666666666666667,0.75,1.9182958340544893,0.5000000000000002,0.0,3
er_3_p04_s3,31,0,29621,1.6666666666666667,0.75,1.9182958340544893,0.5000000000000002,0.0,3
er_3_p04_s3,32,0,4483,1.6666666666666667,0.75,1.9182958340544893,0.5000000000000002,0.0,3
er_3_p04_s3,33,1,40351,1.6666666666666667,0.75,1.9182958340544893,0.5000000000000002,0.0,3
er_3_p04_s3,34,0,17891,1.6666666666666667,0.75,1.9182958340544893,0.5000000000000002,0.0,3
er_3_p04_s3,35,0,3911,1.6666666666666667,0.75,1.9182958340544893,0.5000000000000002,0.0,3
er_3_p04_s3,36,0,4005,1.6666666666666667,0.75,1.9182958340544893,0.5000000000000002,0.0,3
er_3_p04_s3,37,0,2431,1.6666666666666667,0.75,1.9182958340544893,0.5000000000000002,0.0,3
er_3_p04_s3,38,0,38169,1.6666666666666667,0.75,1.9182958340544893,0.5000000000000002,0.0,3
er_3_p04_s3,39,0,5513,1.6666666666666667,0.75,1.9182958340544893,0.5000000000000002,0.0,3
er_3_p04_s3,40,1,87219,1.6666666666666667,0.75,1.9182958340544893,0.5000000000000002,0.0,3
er_3_p04_s3,41,0,7615,1.6666666666666667,0.75,1.9182958340544893,0.5000000000000002,0.0,3
er_3_p04_s3,42,0,4254,1.6666666666666667,0.75,1.9182958340544893,0.5000000000000002,0.0,3
er_3_p04_s3,43,0,13049,1.6666666666666667,0.75,1.9182958340544893,0.5000000000000002,0.0,3
er_3_p04_s3,44,0,11924,1.6666666666666667,0.75,1.9182958340544893,0.5000000000000002,0.0,3
er_3_p04_s3,45,0,107757,1.6666666666666667,0.75,1.9182958340544893,0.5000000000000002,0.0,3
er_3_p04_s3,46,0,2427,1.6666666666666667,0.75,1.9182958340544893,0.5000000000000002,0.0,3
er_3_p04_s3,47,0,10091,1.6666666666666667,0.75,1.9182958340544893,0.5000000000000002,0.0,3
er_3_p04_s3,48,0,1251,1.6666666666666667,0.75,1.9182958340544893,0.5000000000000002,0.0,3
er_3_p04_s3,49,1,3100,1.6666666666666667,0.75,1.9182958340544893,0.5000000000000002,0.0,3
er_3_p04_s3,50,0,66123,1.6666666666666667,0.75,1.9182958340544893,0.5000000000000002,0.0,3
er_3_p04_s3,51,1,61595,1.6666666666666667,0.75,1.9182958340544893,0.5000000000000002,0.0,3
er_3_p04_s3,52,0,17611,1.6666666666666667,0.75,1.9182958340544893,0.5000000000000002,0.0,3
er_3_p04_s3,53,0,10875,1.6666666666666667,0.75,1.9182958340544893,0.5000000000000002,0.0,3
er_3_p04_s3,54,0,1686,1.6666666666666667,0.75,1.9182958340544893,0.5000000000000002,0.0,3
er_3_p04_s3,55,0,2029,1.6666666666666667,0.75,1.9182958340544893,0.5000000000000002,0.0,3
er_3_p04_s3,56,0,8500,1.6666666666666667,0.75,1.9182958340544893,0.5000000000000002,0.0,3
er_3_p04_s3,57,1,2886,1.6666666666666667,0.75,1.9182958340544893,0.5000000000000002,0.0,3
er_3_p04_s3,58,1,38024,1.6666666666666667,0.75,1.9182958340544893,0.5000000000000002,0.0,3
er_3_p04_s3,59,0,1356,1.6666666666666667,0.75,1.9182958340544893,0.5000000000000002,0.0,3
er_3_p04_s3,60,1,9533,1.6666666666666667,0.75,1.9182958340544893,0.5000000000000002,0.0,3
er_3_p04_s3,61,0,1212,1.6666666666666667,0.75,1.9182958340544893,0.5000000000000002,0.0,3
er_3_p04_s3,62,0,4174,1.6666666666666667,0.75,1.9182958340544893,0.5000000000000002,0.0,3
er_3_p04_s3,63,0,6261,1.6666666666666667,0.75,1.9182958340544893,0.5000000000000002,0.0,3
er_3_p04_s3,64,0,5932,1.6666666666666667,0.75,1.9182958340544893,0.5000000000000002,0.0,3
er_3_p04_s3,65,0,22221,1.6666666666666667,0.75,1.9182958340544893,0.5000000000000002,0.0,3
er_3_p04_s3,66,0,21659,1.6666666666666667,0.75,1.9182958340544893,0.5000000000000002,0.0,3
er_3_p04_s3,67,0,34272,1.6666666666666667,0.75,1.9182958340544893,0.5000000000000002,0.0,3
er_3_p04_s3,68,0,6349,1.6666666666666667,0.75,1.9182958340544893,0.5000000000000002,0.0,3
er_3_p04_s3,69,0,11156,1.6666666666666667,0.75,1.9182958340544893,0.5000000000000002,0.0,3
er_3_p04_s3,70,0,4227,1.6666666666666667,0.75,1.9182958340544893,0.5000000000000002,0.0,3
er_3_p04_s3,71,0,23894,1.6666666666666667,0.75,1.9182958340544893,0.5000000000000002,0.0,3
er_3_p04_s3,72,0,1721,1.6666666666666667,0.75,1.9182958340544893,0.5000000000000002,0.0,3
er_3_p04_s3,73,0,25721,1.6666666666666667,0.75,1.9182958340544893,0.5000000000000002,0.0,3
er_3_p04_s3,74,0,620,1.6666666666666667,0.75,1.9182958340544893,0.5000000000000002,0.0,3
er_3_p04_s3,75,0,7363,1.6666666666666667,0.75,1.9182958340544893,0.5000000000000002,0.0,3
er_3_p04_s3,76,0,33188,1.6666666666666667,0.75,1.9182958340544893,0.5000000000000002,0.0,3
er_3_p04_s3,77,0,21983,1.6666666666666667,0.75,1.9182958340544893,0.5000000000000002,0.0,3
er_3_p04_s3,78,1,7345,1.6666666666666667,0.75,1.9182958340544893,0.5000000000000002,0.0,3
er_3_p04_s3,79,0,11752,1.6666666666666667,0.75,1.9182958340544893,0.5000000000000002,0.0,3
er_3_p04_s3,80,0,5942,1.6666666666666667,0.75,1.9182958340544893,0.5000000000000002,0.0,3
er_3_p04_s3,81,1,4765,1.6666666666666667,0.75,1.9182958340544893,0.5000000000000002,0.0,3
er_3_p04_s3,82,0,13428,1.6666666666666667,0.75,1.9182958340544893,0.5000000000000002,0.0,3
er_3_p04_s3,83,0,1479,1.6666666666666667,0.75,1.9182958340544893,0.5000000000000002,0.0,3
er_3_p04_s3,84,0,29373,1.6666666666666667,0.75,1.9182958340544893,0.5000000000000002,0.0,3
er_3_p04_s3,85,0,5644,1.6666666666666667,0.75,1.9182958340544893,0.5000000000000002,0.0,3
er_3_p04_s3,86,0,21875,1.6666666666666667,0.75,1.9182958340544893,0.5000000000000002,0.0,3
er_3_p04_s3,87,0,10155,1.6666666666666667,0.75,1.9182958340544893,0.5000000000000002,0.0,3
er_3_p04_s3,88,0,6277,1.6666666666666667,0.75,1.9182958340544893,0.5000000000000002,0.0,3
er_3_p04_s3,89,0,37103,1.6666666666666667,0.75,1.9182958340544893,0.5000000000000002,0.0,3
er_3_p04_s3,90,0,21100,1.6666666666666667,0.75,1.9182958340544893,0.5000000000000002,0.0,3
er_3_p04_s3,91,0,3229,1.6666666666666667,0.75,1.9182958340544893,0.5000000000000002,0.0,3
er_3_p04_s3,92,0,97542,1.6666666666666667,0.75,1.9182958340544893,0.5000000000000002,0.0,3
er_3_p04_s3,93,0,7092,1.6666666666666667,0.75,1.9182958340544893,0.5000000000000002,0.0,3
er_3_p04_s3,94,0,6970,1.6666666666666667,0.75,1.9182958340544893,0.5000000000000002,0.0,3
er_3_p04_s3,95,1,7499,1.6666666666666667,0.75,1.9182958340544893,0.5000000000000002,0.0,3
er_3_p04_s3,96,0,8074,1.6666666666666667,0.75,1.9182958340544893,0.5000000000000002,0.0,3
er_3_p04_s3,97,0,1935,1.6666666666666667,0.75,1.9182958340544893,0.5000000000000002,0.0,3
er_3_p04_s3,98,0,12092,1.6666666666666667,0.75,1.9182958340544893,0.5000000000000002,0.0,3
er_3_p04_s3,99,1,85574,1.6666666666666667,0.75,1.9182958340544893,0.5000000000000002,0.0,3
er_3_p06_s3,0,0,1767,1.3333333333333333,1.0,1.9056390622295665,0.771286446121831,0.0,3
er_3_p06_s3,1,1,1340,1.3333333333333333,1.0,1.9056390622295665,0.771286446121831,0.0,3
er_3_p06_s3,2,0,2067,1.3333333333333333,1.0,1.9056390622295665,0.771286446121831,0.0,3
er_3_p06_s3,3,0,49324,1.3333333333333333,1.0,1.9056390622295665,0.771286446121831,0.0,3
er_3_p06_s3,4,0,49017,1.3333333333333333,1.0,1.9056390622295665,0.771286446121831,0.0,3
er_3_p06_s3,5,0,36368,1.3333333333333333,1.0,1.9056390622295665,0.771286446121831,0.0,3
er_3_p06_s3,6,0,68801,1.3333333333333333,1.0,1.9056390622295665,0.771286446121831,0.0,3
er_3_p06_s3,7,0,68055,1.3333333333333333,1.0,1.9056390622295665,0.771286446121831,0.0,3
er_3_p06_s3,8,0,147337,1.3333333333333333,1.0,1.9056390622295665,0.771286446121831,0.0,3
er_3_p06_s3,9,0,3262,1.3333333333333333,1.0,1.9056390622295665,0.771286446121831,0.0,3
er_3_p06_s3,10,1,17543,1.3333333333333333,1.0,1.9056390622295665,0.771286446121831,0.0,3
er_3_p06_s3,11,1,3382,1.3333333333333333,1.0,1.9056390622295665,0.771286446121831,0.0,3
er_3_p06_s3,12,0,3312,1.3333333333333333,1.0,1.9056390622295665,0.771286446121831,0.0,3
er_3_p06_s3,13,1,37924,1.3333333333333333,1.0,1.9056390622295665,0.771286446121831,0.0,3
er_3_p06_s3,14,1,44024,1.3333333333333333,1.0,1.9056390622295665,0.771286446121831,0.0,3
er_3_p06_s3,15,0,3058,1.3333333333333333,1.0,1.9056390622295665,0.771286446121831,0.0,3
er_3_p06_s3,16,0,31043,1.3333333333333333,1.0,1.9056390622295665,0.771286446121831,0.0,3
er_3_p06_s3,17,0,15543,1.3333333333333333,1.0,1.9056390622295665,0.771286446121831,0.0,3
er_3_p06_s3,18,0,8976,1.3333333333333333,1.0,1.9056390622295665,0.771286446121831,0.0,3
er_3_p06_s3,19,0,54699,1.3333333333333333,1.0,1.9056390622295665,0.771286446121831,0.0,3
er_3_p06_s3,20,0,2370,1.3333333333333333,1.0,1.9056390622295665,0.771286446121831,0.0,3
er_3_p06_s3,21,0,2332,1.3333333333333333,1.0,1.9056390622295665,0.771286446121831,0.0,3
er_3_p06_s3,22,1,95932,1.3333333333333333,1.0,1.9056390622295665,0.771286446121831,0.0,3
er_3_p06_s3,23,0,506,1.3333333333333333,1.0,1.9056390622295665,0.771286446121831,0.0,3
er_3_p06_s3,24,0,123843,1.3333333333333333,1.0,1.9056390622295665,0.771286446121831,0.0,3
er_3_p06_s3,25,0,15206,1.3333333333333333,1.0,1.9056390622295665,0.771286446121831,0.0,3
er_3_p06_s3,26,0,74173,1.3333333333333333,1.0,1.9056390622295665,0.771286446121831,0.0,3
er_3_p06_s3,27,0,70975,1.3333333333333333,1.0,1.9056390622295665,0.771286446121831,0.0,3
er_3_p06_s3,28,1,28766,1.3333333333333333,1.0,1.9056390622295665,0.771286446121831,0.0,3
er_3_p06_s3,29,0,6936,1.3333333333333333,1.0,1.9056390622295665,0.771286446121831,0.0,3
er_3_p06_s3,30,0,5189,1.3333333333333333,1.0,1.9056390622295665,0.771286446121831,0.0,3
er_3_p06_s3,31,0,38099,1.3333333333333333,1.0,1.9056390622295665,0.771286446121831,0.0,3
er_3_p06_s3,32,1,27225,1.3333333333333333,1.0,1.9056390622295665,0.771286446121831,0.0,3
er_3_p06_s3,33,1,76863,1.3333333333333333,1.0,1.9056390622295665,0.771286446121831,0.0,3
er_3_p06_s3,34,1,16535,1.3333333333333333,1.0,1.9056390622295665,0.771286446121831,0.0,3
er_3_p06_s3,35,0,5243,1.3333333333333333,1.0,1.9056390622295665,0.771286446121831,0.0,3
er_3_p06_s3,36,0,7306,1.3333333333333333,1.0,1.9056390622295665,0.771286446121831,0.0,3
er_3_p06_s3,37,0,2306,1.3333333333333333,1.0,1.9056390622295665,0.771286446121831,0.0,3
er_3_p06_s3,38,1,7823,1.3333333333333333,1.0,1.9056390622295665,0.771286446121831,0.0,3
er_3_p06_s3,39,0,18200,1.3333333333333333,1.0,1.9056390622295665,0.771286446121831,0.0,3
er_3_p06_s3,40,0,48214,1.3333333333333333,1.0,1.9056390622295665,0.771286446121831,0.0,3
er_3_p06_s3,41,0,4290,1.3333333333333333,1.0,1.9056390622295665,0.771286446121831,0.0,3
er_3_p06_s3,42,0,4027,1.3333333333333333,1.0,1.9056390622295665,0.771286446121831,0.0,3
er_3_p06_s3,43,0,8328,1.3333333333333333,1.0,1.9056390622295665,0.771286446121831,0.0,3
er_3_p06_s3,44,0,53040,1.3333333333333333,1.0,1.9056390622295665,0.771286446121831,0.0,3
er_3_p06_s3,45,0,65070,1.3333333333333333,1.0,1.9056390622295665,0.771286446121831,0.0,3
er_3_p06_s3,46,0,21233,1.3333333333333333,1.0,1.9056390622295665,0.771286446121831,0.0,3
er_3_p06_s3,47,0,8509,1.3333333333333333,1.0,1.9056390622295665,0.771286446121831,0.0,3
er_3_p06_s3,48,0,3174,1.3333333333333333,1.0,1.9056390622295665,0.771286446121831,0.0,3
er_3_p06_s3,49,1,9566,1.3333333333333333,1.0,1.9056390622295665,0.771286446121831,0.0,3
er_3_p06_s3,50,0,38892,1.3333333333333333,1.0,1.9056390622295665,0.771286446121831,0.0,3
er_3_p06_s3,51,0,15520,1.3333333333333333,1.0,1.9056390622295665,0.771286446121831,0.0,3
er_3_p06_s3,52,0,16739,1.3333333333333333,1.0,1.9056390622295665,0.771286446121831,0.0,3
er_3_p06_s3,53,0,12860,1.3333333333333333,1.0,1.9056390622295665,0.771286446121831,0.0,3
er_3_p06_s3,54,0,14108,1.3333333333333333,1.0,1.9056390622295665,0.771286446121831,0.0,3
er_3_p06_s3,55,0,4156,1.3333333333333333,1.0,1.9056390622295665,0.771286446121831,0.0,3
er_3_p06_s3,56,0,13476,1.3333333333333333,1.0,1.9056390622295665,0.771286446121831,0.0,3
er_3_p06_s3,57,0,3316,1.3333333333333333,1.0,1.9056390622295665,0.771286446121831,0.0,3
er_3_p06_s3,58,1,29756,1.3333333333333333,1.0,1.9056390622295665,0.771286446121831,0.0,3
er_3_p06_s3,59,0,3183,1.3333333333333333,1.0,1.9056390622295665,0.771286446121831,0.0,3
er_3_p06_s3,60,1,47465,1.3333333333333333,1.0,1.9056390622295665,0.771286446121831,0.0,3
er_3_p06_s3,61,0,16013,1.3333333333333333,1.0,1.9056390622295665,0.771286446121831,0.0,3
er_3_p06_s3,62,0,10963,1.3333333333333333,1.0,1.9056390622295665,0.771286446121831,0.0,3
er_3_p06_s3,63,0,33142,1.3333333333333333,1.0,1.9056390622295665,0.771286446121831,0.0,3
er_3_p06_s3,64,0,9365,1.3333333333333333,1.0,1.9056390622295665,0.771286446121831,0.0,3
er_3_p06_s3,65,0,19296,1.3333333333333333,1.0,1.9056390622295665,0.771286446121831,0.0,3
er_3_p06_s3,66,0,18975,1.3333333333333333,1.0,1.9056390622295665,0.771286446121831,0.0,3
er_3_p06_s3,67,0,15828,1.3333333333333333,1.0,1.9056390622295665,0.771286446121831,0.0,3
er_3_p06_s3,68,1,13368,1.3333333333333333,1.0,1.9056390622295665,0.771286446121831,0.0,3
er_3_p06_s3,69,0,3787,1.3333333333333333,1.0,1.9056390622295665,0.771286446121831,0.0,3
er_3_p06_s3,70,0,3557,1.3333333333333333,1.0,1.9056390622295665,0.771286446121831,0.0,3
er_3_p06_s3,71,0,9493,1.3333333333333333,1.0,1.9056390622295665,0.771286446121831,0.0,3
er_3_p06_s3,72,0,11017,1.3333333333333333,1.0,1.9056390622295665,0.771286446121831,0.0,3
er_3_p06_s3,73,0,1076,1.3333333333333333,1.0,1.9056390622295665,0.771286446121831,0.0,3
er_3_p06_s3,74,0,6093,1.3333333333333333,1.0,1.9056390622295665,0.771286446121831,0.0,3
er_3_p06_s3,75,1,9843,1.3333333333333333,1.0,1.9056390622295665,0.771286446121831,0.0,3
er_3_p06_s3,76,0,90189,1.3333333333333333,1.0,1.9056390622295665,0.771286446121831,0.0,3
er_3_p06_s3,77,0,36216,1.3333333333333333,1.0,1.9056390622295665,0.771286446121831,0.0,3
er_3_p06_s3,78,0,22715,1.3333333333333333,1.0,1.9056390622295665,0.771286446121831,0.0,3
er_3_p06_s3,79,1,73618,1.3333333333333333,1.0,1.9056390622295665,0.771286446121831,0.0,3
er_3_p06_s3,80,0,13910,1.3333333333333333,1.0,1.9056390622295665,0.771286446121831,0.0,3
er_3_p06_s3,81,1,2382,1.3333333333333333,1.0,1.9056390622295665,0.771286446121831,0.0,3
er_3_p06_s3,82,1,40362,1.3333333333333333,1.0,1.9056390622295665,0.771286446121831,0.0,3
er_3_p06_s3,83,0,1451,1.3333333333333333,1.0,1.9056390622295665,0.771286446121831,0.0,3
er_3_p06_s3,84,0,23814,1.3333333333333333,1.0,1.9056390622295665,0.771286446121831,0.0,3
er_3_p06_s3,85,0,5846,1.3333333333333333,1.0,1.9056390622295665,0.771286446121831,0.0,3
er_3_p06_s3,86,0,20091,1.3333333333333333,1.0,1.9056390622295665,0.771286446121831,0.0,3
er_3_p06_s3,87,0,8490,1.3333333333333333,1.0,1.9056390622295665,0.771286446121831,0.0,3
er_3_p06_s3,88,0,7338,1.3333333333333333,1.0,1.9056390622295665,0.771286446121831,0.0,3
er_3_p06_s3,89,1,89587,1.3333333333333333,1.0,1.9056390622295665,0.771286446121831,0.0,3
er_3_p06_s3,90,0,4462,1.3333333333333333,1.0,1.9056390622295665,0.771286446121831,0.0,3
er_3_p06_s3,91,0,26916,1.3333333333333333,1.0,1.9056390622295665,0.771286446121831,0.0,3
er_3_p06_s3,92,0,42663,1.3333333333333333,1.0,1.9056390622295665,0.771286446121831,0.0,3
er_3_p06_s3,93,1,42602,1.3333333333333333,1.0,1.9056390622295665,0.771286446121831,0.0,3
er_3_p06_s3,94,0,28089,1.3333333333333333,1.0,1.9056390622295665,0.771286446121831,0.0,3
er_3_p06_s3,95,0,2226,1.3333333333333333,1.0,1.9056390622295665,0.771286446121831,0.0,3
er_3_p06_s3,96,0,2505,1.3333333333333333,1.0,1.9056390622295665,0.771286446121831,0.0,3
er_3_p06_s3,97,0,1081,1.3333333333333333,1.0,1.9056390622295665,0.771286446121831,0.0,3
er_3_p06_s3,98,0,8053,1.3333333333333333,1.0,1.9056390622295665,0.771286446121831,0.0,3
er_3_p06_s3,99,0,88618,1.3333333333333333,1.0,1.9056390622295665,0.771286446121831,0.0,3
er_3_p06_s5,0,0,45938,1.4,1.2,2.292481250360578,0.9999999999999993,0.0,4
er_3_p06_s5,1,1,2335,1.4,1.2,2.292481250360578,0.9999999999999993,0.0,4
er_3_p06_s5,2,0,5040,1.4,1.2,2.292481250360578,0.9999999999999993,0.0,4
er_3_p06_s5,3,0,104745,1.4,1.2,2.292481250360578,0.9999999999999993,0.0,4
er_3_p06_s5,4,1,126627,1.4,1.2,2.292481250360578,0.9999999999999993,0.0,4
er_3_p06_s5,5,1,51293,1.4,1.2,2.292481250360578,0.9999999999999993,0.0,4
er_3_p06_s5,6,0,67166,1.4,1.2,2.292481250360578,0.9999999999999993,0.0,4
er_3_p06_s5,7,0,66466,1.4,1.2,2.292481250360578,0.9999999999999993,0.0,4
er_3_p06_s5,8,0,168975,1.4,1.2,2.292481250360578,0.9999999999999993,0.0,4
er_3_p06_s5,9,0,5664,1.4,1.2,2.292481250360578,0.9999999999999993,0.0,4
er_3_p06_s5,10,0,4594,1.4,1.2,2.292481250360578,0.9999999999999993,0.0,4
er_3_p06_s5,11,0,24049,1.4,1.2,2.292481250360578,0.9999999999999993,0.0,4
er_3_p06_s5,12,0,7154,1.4,1.2,2.292481250360578,0.9999999999999993,0.0,4
er_3_p06_s5,13,0,27500,1.4,1.2,2.292481250360578,0.9999999999999993,0.0,4
er_3_p06_s5,14,1,22633,1.4,1.2,2.292481250360578,0.9999999999999993,0.0,4
er_3_p06_s5,15,0,5994,1.4,1.2,2.292481250360578,0.9999999999999993,0.0,4
er_3_p06_s5,16,0,10251,1.4,1.2,2.292481250360578,0.9999999999999993,0.0,4
er_3_p06_s5,17,0,59205,1.4,1.2,2.292481250360578,0.9999999999999993,0.0,4
er_3_p06_s5,18,0,24169,1.4,1.2,2.292481250360578,0.9999999999999993,0.0,4
er_3_p06_s5,19,0,152264,1.4,1.2,2.292481250360578,0.9999999999999993,0.0,4
er_3_p06_s5,20,0,2806,1.4,1.2,2.292481250360578,0.9999999999999993,0.0,4
er_3_p06_s5,21,0,8792,1.4,1.2,2.292481250360578,0.9999999999999993,0.0,4
er_3_p06_s5,22,0,164610,1.4,1.2,2.292481250360578,0.9999999999999993,0.0,4
er_3_p06_s5,23,0,1375,1.4,1.2,2.292481250360578,0.9999999999999993,0.0,4
er_3_p06_s5,24,0,145832,1.4,1.2,2.292481250360578,0.9999999999999993,0.0,4
er_3_p06_s5,25,0,3861,1.4,1.2,2.292481250360578,0.9999999999999993,0.0,4
er_3_p06_s5,26,0,5726,1.4,1.2,2.292481250360578,0.9999999999999993,0.0,4
er_3_p06_s5,27,0,10674,1.4,1.2,2.292481250360578,0.9999999999999993,0.0,4
er_3_p06_s5,28,1,69984,1.4,1.2,2.292481250360578,0.9999999999999993,0.0,4
er_3_p06_s5,29,0,20444,1.4,1.2,2.292481250360578,0.9999999999999993,0.0,4
er_3_p06_s5,30,0,9259,1.4,1.2,2.292481250360578,0.9999999999999993,0.0,4
er_3_p06_s5,31,0,51585,1.4,1.2,2.292481250360578,0.9999999999999993,0.0,4
er_3_p06_s5,32,0,19360,1.4,1.2,2.292481250360578,0.9999999999999993,0.0,4
er_3_p06_s5,33,1,12537,1.4,1.2,2.292481250360578,0.9999999999999993,0.0,4
er_3_p06_s5,34,0,98831,1.4,1.2,2.292481250360578,0.9999999999999993,0.0,4
er_3_p06_s5,35,0,4591,1.4,1.2,2.292481250360578,0.9999999999999993,0.0,4
er_3_p06_s5,36,0,3206,1.4,1.2,2.292481250360578,0.9999999999999993,0.0,4
er_3_p06_s5,37,0,5758,1.4,1.2,2.292481250360578,0.9999999999999993,0.0,4
er_3_p06_s5,38,0,39393,1.4,1.2,2.292481250360578,0.9999999999999993,0.0,4
er_3_p06_s5,39,0,14436,1.4,1.2,2.292481250360578,0.9999999999999993,0.0,4
er_3_p06_s5,40,1,181432,1.4,1.2,2.292481250360578,0.9999999999999993,0.0,4
er_3_p06_s5,41,0,4840,1.4,1.2,2.292481250360578,0.9999999999999993,0.0,4
er_3_p06_s5,42,1,20277,1.4,1.2,2.292481250360578,0.9999999999999993,0.0,4
er_3_p06_s5,43,0,16361,1.4,1.2,2.292481250360578,0.9999999999999993,0.0,4
er_3_p06_s5,44,0,147365,1.4,1.2,2.292481250360578,0.9999999999999993,0.0,4
er_3_p06_s5,45,0,187390,1.4,1.2,2.292481250360578,0.9999999999999993,0.0,4
er_3_p06_s5,46,0,7124,1.4,1.2,2.292481250360578,0.9999999999999993,0.0,4
er_3_p06_s5,47,0,53109,1.4,1.2,2.292481250360578,0.9999999999999993,0.0,4
er_3_p06_s5,48,0,2299,1.4,1.2,2.292481250360578,0.9999999999999993,0.0,4
er_3_p06_s5,49,1,23589,1.4,1.2,2.292481250360578,0.9999999999999993,0.0,4
er_3_p06_s5,50,0,91767,1.4,1.2,2.292481250360578,0.9999999999999993,0.0,4
er_3_p06_s5,51,1,14927,1.4,1.2,2.292481250360578,0.9999999999999993,0.0,4
er_3_p06_s5,52,0,71517,1.4,1.2,2.292481250360578,0.9999999999999993,0.0,4
er_3_p06_s5,53,0,5835,1.4,1.2,2.292481250360578,0.9999999999999993,0.0,4
er_3_p06_s5,54,0,19327,1.4,1.2,2.292481250360578,0.9999999999999993,0.0,4
er_3_p06_s5,55,0,2472,1.4,1.2,2.292481250360578,0.9999999999999993,0.0,4
er_3_p06_s5,56,0,4610,1.4,1.2,2.292481250360578,0.9999999999999993,0.0,4
er_3_p06_s5,57,0,4762,1.4,1.2,2.292481250360578,0.9999999999999993,0.0,4
er_3_p06_s5,58,1,35480,1.4,1.2,2.292481250360578,0.9999999999999993,0.0,4
er_3_p06_s5,59,0,2103,1.4,1.2,2.292481250360578,0.9999999999999993,0.0,4
er_3_p06_s5,60,0,7540,1.4,1.2,2.292481250360578,0.9999999999999993,0.0,4
er_3_p06_s5,61,0,42128,1.4,1.2,2.292481250360578,0.9999999999999993,0.0,4
er_3_p06_s5,62,0,15751,1.4,1.2,2.292481250360578,0.9999999999999993,0.0,4
er_3_p06_s5,63,0,70171,1.4,1.2,2.292481250360578,0.9999999999999993,0.0,4
er_3_p06_s5,64,0,5506,1.4,1.2,2.292481250360578,0.9999999999999993,0.0,4
er_3_p06_s5,65,0,16488,1.4,1.2,2.292481250360578,0.9999999999999993,0.0,4
er_3_p06_s5,66,0,24892,1.4,1.2,2.292481250360578,0.9999999999999993,0.0,4
er_3_p06_s5,67,0,36498,1.4,1.2,2.292481250360578,0.9999999999999993,0.0,4
er_3_p06_s5,68,1,2594,1.4,1.2,2.292481250360578,0.9999999999999993,0.0,4
er_3_p06_s5,69,0,5956,1.4,1.2,2.292481250360578,0.9999999999999993,0.0,4
er_3_p06_s5,70,0,3801,1.4,1.2,2.292481250360578,0.9999999999999993,0.0,4
er_3_p06_s5,71,1,42244,1.4,1.2,2.292481250360578,0.9999999999999993,0.0,4
er_3_p06_s5,72,0,2965,1.4,1.2,2.292481250360578,0.9999999999999993,0.0,4
er_3_p06_s5,73,0,1661,1.4,1.2,2.292481250360578,0.9999999999999993,0.0,4
er_3_p06_s5,74,0,2132,1.4,1.2,2.292481250360578,0.9999999999999993,0.0,4
er_3_p06_s5,75,0,11160,1.4,1.2,2.292481250360578,0.9999999999999993,0.0,4
er_3_p06_s5,76,1,74292,1.4,1.2,2.292481250360578,0.9999999999999993,0.0,4
er_3_p06_s5,77,0,38209,1.4,1.2,2.292481250360578,0.9999999999999993,0.0,4
er_3_p06_s5,78,1,37725,1.4,1.2,2.292481250360578,0.9999999999999993,0.0,4
er_3_p06_s5,79,1,130700,1.4,1.2,2.292481250360578,0.9999999999999993,0.0,4
er_3_p06_s5,80,0,98869,1.4,1.2,2.292481250360578,0.9999999999999993,0.0,4
er_3_p06_s5,81,1,4290,1.4,1.2,2.292481250360578,0.9999999999999993,0.0,4
er_3_p06_s5,82,1,121282,1.4,1.2,2.292481250360578,0.9999999999999993,0.0,4
er_3_p06_s5,83,0,2643,1.4,1.2,2.292481250360578,0.9999999999999993,0.0,4
er_3_p06_s5,84,0,66878,1.4,1.2,2.292481250360578,0.9999999999999993,0.0,4
er_3_p06_s5,85,0,14430,1.4,1.2,2.292481250360578,0.9999999999999993,0.0,4
er_3_p06_s5,86,1,43401,1.4,1.2,2.292481250360578,0.9999999999999993,0.0,4
er_3_p06_s5,87,0,7613,1.4,1.2,2.292481250360578,0.9999999999999993,0.0,4
er_3_p06_s5,88,0,14583,1.4,1.2,2.292481250360578,0.9999999999999993,0.0,4
er_3_p06_s5,89,0,36717,1.4,1.2,2.292481250360578,0.9999999999999993,0.0,4
er_3_p06_s5,90,0,208374,1.4,1.2,2.292481250360578,0.9999999999999993,0.0,4
er_3_p06_s5,91,0,76807,1.4,1.2,2.292481250360578,0.9999999999999993,0.0,4
er_3_p06_s5,92,0,101066,1.4,1.2,2.292481250360578,0.9999999999999993,0.0,4
er_3_p06_s5,93,0,42083,1.4,1.2,2.292481250360578,0.9999999999999993,0.0,4
er_3_p06_s5,94,0,27709,1.4,1.2,2.292481250360578,0.9999999999999993,0.0,4
er_3_p06_s5,95,0,23730,1.4,1.2,2.292481250360578,0.9999999999999993,0.0,4
er_3_p06_s5,96,0,1728,1.4,1.2,2.292481250360578,0.9999999999999993,0.0,4
er_3_p06_s5,97,0,3398,1.4,1.2,2.292481250360578,0.9999999999999993,0.0,4
er_3_p06_s5,98,0,11662,1.4,1.2,2.292481250360578,0.9999999999999993,0.0,4
er_3_p06_s5,99,1,64361,1.4,1.2,2.292481250360578,0.9999999999999993,0.0,4
er_5_p03_s1,0,0,20688,1.7142857142857142,1.2857142857142858,2.7527152789797045,0.45595766561815904,0.0,6
er_5_p03_s1,1,0,6785,1.7142857142857142,1.2857142857142858,2.7527152789797045,0.45595766561815904,0.0,6
er_5_p03_s1,2,0,34399,1.7142857142857142,1.2857142857142858,2.7527152789797045,0.45595766561815904,0.0,6
er_5_p03_s1,3,0,99245,1.7142857142857142,1.2857142857142858,2.7527152789797045,0.45595766561815904,0.0,6
er_5_p03_s1,4,0,114275,1.7142857142857142,1.2857142857142858,2.7527152789797045,0.45595766561815904,0.0,6
er_5_p03_s1,5,1,61101,1.7142857142857142,1.2857142857142858,2.7527152789797045,0.45595766561815904,0.0,6
er_5_p03_s1,6,0,74191,1.7142857142857142,1.2857142857142858,2.7527152789797045,0.45595766561815904,0.0,6
er_5_p03_s1,7,0,86246,1.7142857142857142,1.2857142857142858,2.7527152789797045,0.45595766561815904,0.0,6
er_5_p03_s1,8,1,89592,1.7142857142857142,1.2857142857142858,2.7527152789797045,0.45595766561815904,0.0,6
er_5_p03_s1,9,0,62475,1.7142857142857142,1.2857142857142858,2.7527152789797045,0.45595766561815904,0.0,6
er_5_p03_s1,10,0,67204,1.7142857142857142,1.2857142857142858,2.7527152789797045,0.45595766561815904,0.0,6
er_5_p03_s1,11,1,56986,1.7142857142857142,1.2857142857142858,2.7527152789797045,0.45595766561815904,0.0,6
er_5_p03_s1,12,0,7901,1.7142857142857142,1.2857142857142858,2.7527152789797045,0.45595766561815904,0.0,6
er_5_p03_s1,13,1,31277,1.7142857142857142,1.2857142857142858,2.7527152789797045,0.45595766561815904,0.0,6
er_5_p03_s1,14,1,74041,1.7142857142857142,1.2857142857142858,2.7527152789797045,0.45595766561815904,0.0,6
er_5_p03_s1,15,0,5661,1.7142857142857142,1.2857142857142858,2.7527152789797045,0.45595766561815904,0.0,6
er_5_p03_s1,16,0,8709,1.7142857142857142,1.2857142857142858,2.7527152789797045,0.45595766561815904,0.0,6
er_5_p03_s1,17,0,53759,1.7142857142857142,1.2857142857142858,2.7527152789797045,0.45595766561815904,0.0,6
er_5_p03_s1,18,0,11287,1.7142857142857142,1.2857142857142858,2.7527152789797045,0.45595766561815904,0.0,6
er_5_p03_s1,19,0,16142,1.7142857142857142,1.2857142857142858,2.7527152789797045,0.45595766561815904,0.0,6
er_5_p03_s1,20,0,2629,1.7142857142857142,1.2857142857142858,2.7527152789797045,0.45595766561815904,0.0,6
er_5_p03_s1,21,0,10174,1.7142857142857142,1.2857142857142858,2.7527152789797045,0.45595766561815904,0.0,6
er_5_p03_s1,22,1,134689,1.7142857142857142,1.2857142857142858,2.7527152789797045,0.45595766561815904,0.0,6
er_5_p03_s1,23,1,5398,1.7142857142857142,1.2857142857142858,2.7527152789797045,0.45595766561815904,0.0,6
er_5_p03_s1,24,0,124772,1.7142857142857142,1.2857142857142858,2.7527152789797045,0.45595766561815904,0.0,6
er_5_p03_s1,25,0,24684,1.7142857142857142,1.2857142857142858,2.7527152789797045,0.45595766561815904,0.0,6
er_5_p03_s1,26,1,101200,1.7142857142857142,1.2857142857142858,2.7527152789797045,0.45595766561815904,0.0,6
er_5_p03_s1,27,0,17790,1.7142857142857142,1.2857142857142858,2.7527152789797045,0.45595766561815904,0.0,6
er_5_p03_s1,28,0,79289,1.7142857142857142,1.2857142857142858,2.7527152789797045,0.45595766561815904,0.0,6
er_5_p03_s1,29,0,32539,1.7142857142857142,1.2857142857142858,2.7527152789797045,0.45595766561815904,0.0,6
er_5_p03_s1,30,0,18066,1.7142857142857142,1.2857142857142858,2.7527152789797045,0.45595766561815904,0.0,6
er_5_p03_s1,31,0,50401,1.7142857142857142,1.2857142857142858,2.7527152789797045,0.45595766561815904,0.0,6
er_5_p03_s1,32,0,24162,1.7142857142857142,1.2857142857142858,2.7527152789797045,0.45595766561815904,0.0,6
er_5_p03_s1,33,0,34880,1.7142857142857142,1.2857142857142858,2.7527152789797045,0.45595766561815904,0.0,6
er_5_p03_s1,34,0,84435,1.7142857142857142,1.2857142857142858,2.7527152789797045,0.45595766561815904,0.0,6
er_5_p03_s1,35,0,6105,1.7142857142857142,1.2857142857142858,2.7527152789797045,0.45595766561815904,0.0,6
er_5_p03_s1,36,0,3367,1.7142857142857142,1.2857142857142858,2.7527152789797045,0.45595766561815904,0.0,6
er_5_p03_s1,37,0,9193,1.7142857142857142,1.2857142857142858,2.7527152789797045,0.45595766561815904,0.0,6
er_5_p03_s1,38,0,46474,1.7142857142857142,1.2857142857142858,2.7527152789797045,0.45595766561815904,0.0,6
er_5_p03_s1,39,0,15597,1.7142857142857142,1.2857142857142858,2.7527152789797045,0.45595766561815904,0.0,6
er_5_p03_s1,40,0,60107,1.7142857142857142,1.2857142857142858,2.7527152789797045,0.45595766561815904,0.0,6
er_5_p03_s1,41,0,8475,1.7142857142857142,1.2857142857142858,2.7527152789797045,0.45595766561815904,0.0,6
er_5_p03_s1,42,1,29065,1.7142857142857142,1.2857142857142858,2.7527152789797045,0.45595766561815904,0.0,6
er_5_p03_s1,43,0,16349,1.7142857142857142,1.2857142857142858,2.7527152789797045,0.45595766561815904,0.0,6
er_5_p03_s1,44,0,233303,1.7142857142857142,1.2857142857142858,2.7527152789797045,0.45595766561815904,0.0,6
er_5_p03_s1,45,0,175944,1.7142857142857142,1.2857142857142858,2.7527152789797045,0.45595766561815904,0.0,6
er_5_p03_s1,46,0,12438,1.7142857142857142,1.2857142857142858,2.7527152789797045,0.45595766561815904,0.0,6
er_5_p03_s1,47,0,33686,1.7142857142857142,1.2857142857142858,2.7527152789797045,0.45595766561815904,0.0,6
er_5_p03_s1,48,1,9794,1.7142857142857142,1.2857142857142858,2.7527152789797045,0.45595766561815904,0.0,6
er_5_p03_s1,49,0,5809,1.7142857142857142,1.2857142857142858,2.7527152789797045,0.45595766561815904,0.0,6
er_5_p03_s1,50,0,71024,1.7142857142857142,1.2857142857142858,2.7527152789797045,0.45595766561815904,0.0,6
er_5_p03_s1,51,0,73278,1.7142857142857142,1.2857142857142858,2.7527152789797045,0.45595766561815904,0.0,6
er_5_p03_s1,52,1,240772,1.7142857142857142,1.2857142857142858,2.7527152789797045,0.45595766561815904,0.0,6
er_5_p03_s1,53,0,4292,1.7142857142857142,1.2857142857142858,2.7527152789797045,0.45595766561815904,0.0,6
er_5_p03_s1,54,0,27913,1.7142857142857142,1.2857142857142858,2.7527152789797045,0.45595766561815904,0.0,6
er_5_p03_s1,55,0,5082,1.7142857142857142,1.2857142857142858,2.7527152789797045,0.45595766561815904,0.0,6
er_5_p03_s1,56,0,18980,1.7142857142857142,1.2857142857142858,2.7527152789797045,0.45595766561815904,0.0,6
er_5_p03_s1,57,1,4934,1.7142857142857142,1.2857142857142858,2.7527152789797045,0.45595766561815904,0.0,6
er_5_p03_s1,58,1,59080,1.7142857142857142,1.2857142857142858,2.7527152789797045,0.45595766561815904,0.0,6
er_5_p03_s1,59,1,7266,1.7142857142857142,1.2857142857142858,2.7527152789797045,0.45595766561815904,0.0,6
er_5_p03_s1,60,1,18677,1.7142857142857142,1.2857142857142858,2.7527152789797045,0.45595766561815904,0.0,6
er_5_p03_s1,61,0,59409,1.7142857142857142,1.2857142857142858,2.7527152789797045,0.45595766561815904,0.0,6
er_5_p03_s1,62,0,13416,1.7142857142857142,1.2857142857142858,2.7527152789797045,0.45595766561815904,0.0,6
er_5_p03_s1,63,0,70902,1.7142857142857142,1.2857142857142858,2.7527152789797045,0.45595766561815904,0.0,6
er_5_p03_s1,64,0,4963,1.7142857142857142,1.2857142857142858,2.7527152789797045,0.45595766561815904,0.0,6
er_5_p03_s1,65,0,23968,1.7142857142857142,1.2857142857142858,2.7527152789797045,0.45595766561815904,0.0,6
er_5_p03_s1,66,0,67137,1.7142857142857142,1.2857142857142858,2.7527152789797045,0.45595766561815904,0.0,6
er_5_p03_s1,67,0,93313,1.7142857142857142,1.2857142857142858,2.7527152789797045,0.45595766561815904,0.0,6
er_5_p03_s1,68,0,16931,1.7142857142857142,1.2857142857142858,2.7527152789797045,0.45595766561815904,0.0,6
er_5_p03_s1,69,0,16348,1.7142857142857142,1.2857142857142858,2.7527152789797045,0.45595766561815904,0.0,6
er_5_p03_s1,70,1,10448,1.7142857142857142,1.2857142857142858,2.7527152789797045,0.45595766561815904,0.0,6
er_5_p03_s1,71,1,70775,1.7142857142857142,1.2857142857142858,2.7527152789797045,0.45595766561815904,0.0,6
er_5_p03_s1,72,0,8545,1.7142857142857142,1.2857142857142858,2.7527152789797045,0.45595766561815904,0.0,6
er_5_p03_s1,73,0,6881,1.7142857142857142,1.2857142857142858,2.7527152789797045,0.45595766561815904,0.0,6
er_5_p03_s1,74,0,3667,1.7142857142857142,1.2857142857142858,2.7527152789797045,0.45595766561815904,0.0,6
er_5_p03_s1,75,0,11873,1.7142857142857142,1.2857142857142858,2.7527152789797045,0.45595766561815904,0.0,6
er_5_p03_s1,76,0,106638,1.7142857142857142,1.2857142857142858,2.7527152789797045,0.45595766561815904,0.0,6
er_5_p03_s1,77,0,41380,1.7142857142857142,1.2857142857142858,2.7527152789797045,0.45595766561815904,0.0,6
er_5_p03_s1,78,1,41633,1.7142857142857142,1.2857142857142858,2.7527152789797045,0.45595766561815904,0.0,6
er_5_p03_s1,79,1,55755,1.7142857142857142,1.2857142857142858,2.7527152789797045,0.45595766561815904,0.0,6
er_5_p03_s1,80,0,206711,1.7142857142857142,1.2857142857142858,2.7527152789797045,0.45595766561815904,0.0,6
er_5_p03_s1,81,0,3220,1.7142857142857142,1.2857142857142858,2.7527152789797045,0.45595766561815904,0.0,6
er_5_p03_s1,82,1,98463,1.7142857142857142,1.2857142857142858,2.7527152789797045,0.45595766561815904,0.0,6
er_5_p03_s1,83,0,4815,1.7142857142857142,1.2857142857142858,2.7527152789797045,0.45595766561815904,0.0,6
er_5_p03_s1,84,0,87725,1.7142857142857142,1.2857142857142858,2.7527152789797045,0.45595766561815904,0.0,6
er_5_p03_s1,85,0,24581,1.7142857142857142,1.2857142857142858,2.7527152789797045,0.45595766561815904,0.0,6
er_5_p03_s1,86,0,24141,1.7142857142857142,1.2857142857142858,2.7527152789797045,0.45595766561815904,0.0,6
er_5_p03_s1,87,0,18552,1.7142857142857142,1.2857142857142858,2.7527152789797045,0.45595766561815904,0.0,6
er_5_p03_s1,88,0,11580,1.7142857142857142,1.2857142857142858,2.7527152789797045,0.45595766561815904,0.0,6
er_5_p03_s1,89,1,62366,1.7142857142857142,1.2857142857142858,2.7527152789797045,0.45595766561815904,0.0,6
er_5_p03_s1,90,0,170990,1.7142857142857142,1.2857142857142858,2.7527152789797045,0.45595766561815904,0.0,6
er_5_p03_s1,91,0,24772,1.7142857142857142,1.2857142857142858,2.7527152789797045,0.45595766561815904,0.0,6
er_5_p03_s1,92,0,104053,1.7142857142857142,1.2857142857142858,2.7527152789797045,0.45595766561815904,0.0,6
er_5_p03_s1,93,1,129597,1.7142857142857142,1.2857142857142858,2.7527152789797045,0.45595766561815904,0.0,6
er_5_p03_s1,94,0,9268,1.7142857142857142,1.2857142857142858,2.7527152789797045,0.45595766561815904,0.0,6
er_5_p03_s1,95,0,14710,1.7142857142857142,1.2857142857142858,2.7527152789797045,0.45595766561815904,0.0,6
er_5_p03_s1,96,0,139156,1.7142857142857142,1.2857142857142858,2.7527152789797045,0.45595766561815904,0.0,6
er_5_p03_s1,97,0,6820,1.7142857142857142,1.2857142857142858,2.7527152789797045,0.45595766561815904,0.0,6
er_5_p03_s1,98,0,11584,1.7142857142857142,1.2857142857142858,2.7527152789797045,0.45595766561815904,0.0,6
er_5_p03_s1,99,0,199768,1.7142857142857142,1.2857142857142858,2.7527152789797045,0.45595766561815904,0.0,6
er_5_p03_s2,0,0,24568,1.5714285714285714,1.2857142857142858,2.752715278979705,0.5657414540893352,0.0,6
er_5_p03_s2,1,1,7152,1.5714285714285714,1.2857142857142858,2.752715278979705,0.5657414540893352,0.0,6
er_5_p03_s2,2,0,20927,1.5714285714285714,1.2857142857142858,2.752715278979705,0.5657414540893352,0.0,6
er_5_p03_s2,3,0,64238,1.5714285714285714,1.2857142857142858,2.752715278979705,0.5657414540893352,0.0,6
er_5_p03_s2,4,0,92568,1.5714285714285714,1.2857142857142858,2.752715278979705,0.5657414540893352,0.0,6
er_5_p03_s2,5,0,54729,1.5714285714285714,1.2857142857142858,2.752715278979705,0.5657414540893352,0.0,6
er_5_p03_s2,6,0,68145,1.5714285714285714,1.2857142857142858,2.752715278979705,0.5657414540893352,0.0,6
er_5_p03_s2,7,0,251862,1.5714285714285714,1.2857142857142858,2.752715278979705,0.5657414540893352,0.0,6
er_5_p03_s2,8,0,187851,1.5714285714285714,1.2857142857142858,2.752715278979705,0.5657414540893352,0.0,6
er_5_p03_s2,9,0,7982,1.5714285714285714,1.2857142857142858,2.752715278979705,0.5657414540893352,0.0,6
er_5_p03_s2,10,0,59624,1.5714285714285714,1.2857142857142858,2.752715278979705,0.5657414540893352,0.0,6
er_5_p03_s2,11,1,21676,1.5714285714285714,1.2857142857142858,2.752715278979705,0.5657414540893352,0.0,6
er_5_p03_s2,12,0,9574,1.5714285714285714,1.2857142857142858,2.752715278979705,0.5657414540893352,0.0,6
er_5_p03_s2,13,1,9951,1.5714285714285714,1.2857142857142858,2.752715278979705,0.5657414540893352,0.0,6
er_5_p03_s2,14,1,70732,1.5714285714285714,1.2857142857142858,2.752715278979705,0.5657414540893352,0.0,6
er_5_p03_s2,15,0,4700,1.5714285714285714,1.2857142857142858,2.752715278979705,0.5657414540893352,0.0,6
er_5_p03_s2,16,0,45218,1.5714285714285714,1.2857142857142858,2.752715278979705,0.5657414540893352,0.0,6
er_5_p03_s2,17,0,157309,1.5714285714285714,1.2857142857142858,2.752715278979705,0.5657414540893352,0.0,6
er_5_p03_s2,18,0,21449,1.5714285714285714,1.2857142857142858,2.752715278979705,0.5657414540893352,0.0,6
er_5_p03_s2,19,0,243896,1.5714285714285714,1.2857142857142858,2.752715278979705,0.5657414540893352,0.0,6
er_5_p03_s2,20,0,2991,1.5714285714285714,1.2857142857142858,2.752715278979705,0.5657414540893352,0.0,6
er_5_p03_s2,21,0,20262,1.5714285714285714,1.2857142857142858,2.752715278979705,0.5657414540893352,0.0,6
er_5_p03_s2,22,0,264313,1.5714285714285714,1.2857142857142858,2.752715278979705,0.5657414540893352,0.0,6
er_5_p03_s2,23,1,4371,1.5714285714285714,1.2857142857142858,2.752715278979705,0.5657414540893352,0.0,6
er_5_p03_s2,24,1,222316,1.5714285714285714,1.2857142857142858,2.752715278979705,0.5657414540893352,0.0,6
er_5_p03_s2,25,0,20372,1.5714285714285714,1.2857142857142858,2.752715278979705,0.5657414540893352,0.0,6
er_5_p03_s2,26,1,63065,1.5714285714285714,1.2857142857142858,2.752715278979705,0.5657414540893352,0.0,6
er_5_p03_s2,27,0,24407,1.5714285714285714,1.2857142857142858,2.752715278979705,0.5657414540893352,0.0,6
er_5_p03_s2,28,1,61086,1.5714285714285714,1.2857142857142858,2.752715278979705,0.5657414540893352,0.0,6
er_5_p03_s2,29,0,23893,1.5714285714285714,1.2857142857142858,2.752715278979705,0.5657414540893352,0.0,6
er_5_p03_s2,30,0,15365,1.5714285714285714,1.2857142857142858,2.752715278979705,0.5657414540893352,0.0,6
er_5_p03_s2,31,0,69941,1.5714285714285714,1.2857142857142858,2.752715278979705,0.5657414540893352,0.0,6
er_5_p03_s2,32,0,13841,1.5714285714285714,1.2857142857142858,2.752715278979705,0.5657414540893352,0.0,6
er_5_p03_s2,33,0,90316,1.5714285714285714,1.2857142857142858,2.752715278979705,0.5657414540893352,0.0,6
er_5_p03_s2,34,0,116531,1.5714285714285714,1.2857142857142858,2.752715278979705,0.5657414540893352,0.0,6
er_5_p03_s2,35,0,9862,1.5714285714285714,1.2857142857142858,2.752715278979705,0.5657414540893352,0.0,6
er_5_p03_s2,36,0,6681,1.5714285714285714,1.2857142857142858,2.752715278979705,0.5657414540893352,0.0,6
er_5_p03_s2,37,0,5336,1.5714285714285714,1.2857142857142858,2.752715278979705,0.5657414540893352,0.0,6
er_5_p03_s2,38,0,59514,1.5714285714285714,1.2857142857142858,2.752715278979705,0.5657414540893352,0.0,6
er_5_p03_s2,39,0,8848,1.5714285714285714,1.2857142857142858,2.752715278979705,0.5657414540893352,0.0,6
er_5_p03_s2,40,0,150385,1.5714285714285714,1.2857142857142858,2.752715278979705,0.5657414540893352,0.0,6
er_5_p03_s2,41,0,8190,1.5714285714285714,1.2857142857142858,2.752715278979705,0.5657414540893352,0.0,6
er_5_p03_s2,42,1,34945,1.5714285714285714,1.2857142857142858,2.752715278979705,0.5657414540893352,0.0,6
er_5_p03_s2,43,0,28858,1.5714285714285714,1.2857142857142858,2.752715278979705,0.5657414540893352,0.0,6
er_5_p03_s2,44,0,263353,1.5714285714285714,1.2857142857142858,2.752715278979705,0.5657414540893352,0.0,6
er_5_p03_s2,45,0,95023,1.5714285714285714,1.2857142857142858,2.752715278979705,0.5657414540893352,0.0,6
er_5_p03_s2,46,0,8826,1.5714285714285714,1.2857142857142858,2.752715278979705,0.5657414540893352,0.0,6
er_5_p03_s2,47,1,40021,1.5714285714285714,1.2857142857142858,2.752715278979705,0.5657414540893352,0.0,6
er_5_p03_s2,48,0,5226,1.5714285714285714,1.2857142857142858,2.752715278979705,0.5657414540893352,0.0,6
er_5_p03_s2,49,1,29572,1.5714285714285714,1.2857142857142858,2.752715278979705,0.5657414540893352,0.0,6
er_5_p03_s2,50,0,108017,1.5714285714285714,1.2857142857142858,2.752715278979705,0.5657414540893352,0.0,6
er_5_p03_s2,51,0,25885,1.5714285714285714,1.2857142857142858,2.752715278979705,0.5657414540893352,0.0,6
er_5_p03_s2,52,0,247546,1.5714285714285714,1.2857142857142858,2.752715278979705,0.5657414540893352,0.0,6
er_5_p03_s2,53,0,14956,1.5714285714285714,1.2857142857142858,2.752715278979705,0.5657414540893352,0.0,6
er_5_p03_s2,54,0,29457,1.5714285714285714,1.2857142857142858,2.752715278979705,0.5657414540893352,0.0,6
er_5_p03_s2,55,0,5781,1.5714285714285714,1.2857142857142858,2.752715278979705,0.5657414540893352,0.0,6
er_5_p03_s2,56,0,28823,1.5714285714285714,1.2857142857142858,2.752715278979705,0.5657414540893352,0.0,6
er_5_p03_s2,57,0,6892,1.5714285714285714,1.2857142857142858,2.752715278979705,0.5657414540893352,0.0,6
er_5_p03_s2,58,0,49174,1.5714285714285714,1.2857142857142858,2.752715278979705,0.5657414540893352,0.0,6
er_5_p03_s2,59,0,7544,1.5714285714285714,1.2857142857142858,2.752715278979705,0.5657414540893352,0.0,6
er_5_p03_s2,60,1,32166,1.5714285714285714,1.2857142857142858,2.752715278979705,0.5657414540893352,0.0,6
er_5_p03_s2,61,0,35679,1.5714285714285714,1.2857142857142858,2.752715278979705,0.5657414540893352,0.0,6
er_5_p03_s2,62,0,35096,1.5714285714285714,1.2857142857142858,2.752715278979705,0.5657414540893352,0.0,6
er_5_p03_s2,63,0,45463,1.5714285714285714,1.2857142857142858,2.752715278979705,0.5657414540893352,0.0,6
er_5_p03_s2,64,0,4408,1.5714285714285714,1.2857142857142858,2.752715278979705,0.5657414540893352,0.0,6
er_5_p03_s2,65,0,35485,1.5714285714285714,1.2857142857142858,2.752715278979705,0.5657414540893352,0.0,6
er_5_p03_s2,66,0,27643,1.5714285714285714,1.2857142857142858,2.752715278979705,0.5657414540893352,0.0,6
er_5_p03_s2,67,0,20752,1.5714285714285714,1.2857142857142858,2.752715278979705,0.5657414540893352,0.0,6
er_5_p03_s2,68,0,4869,1.5714285714285714,1.2857142857142858,2.752715278979705,0.5657414540893352,0.0,6
er_5_p03_s2,69,0,8196,1.5714285714285714,1.2857142857142858,2.752715278979705,0.5657414540893352,0.0,6
er_5_p03_s2,70,1,10649,1.5714285714285714,1.2857142857142858,2.752715278979705,0.5657414540893352,0.0,6
er_5_p03_s2,71,0,57764,1.5714285714285714,1.2857142857142858,2.752715278979705,0.5657414540893352,0.0,6
er_5_p03_s2,72,0,12583,1.5714285714285714,1.2857142857142858,2.752715278979705,0.5657414540893352,0.0,6
er_5_p03_s2,73,0,9807,1.5714285714285714,1.2857142857142858,2.752715278979705,0.5657414540893352,0.0,6
er_5_p03_s2,74,0,6214,1.5714285714285714,1.2857142857142858,2.752715278979705,0.5657414540893352,0.0,6
er_5_p03_s2,75,1,14452,1.5714285714285714,1.2857142857142858,2.752715278979705,0.5657414540893352,0.0,6
er_5_p03_s2,76,0,58045,1.5714285714285714,1.2857142857142858,2.752715278979705,0.5657414540893352,0.0,6
er_5_p03_s2,77,0,40404,1.5714285714285714,1.2857142857142858,2.752715278979705,0.5657414540893352,0.0,6
er_5_p03_s2,78,1,72174,1.5714285714285714,1.2857142857142858,2.752715278979705,0.5657414540893352,0.0,6
er_5_p03_s2,79,1,115593,1.5714285714285714,1.2857142857142858,2.752715278979705,0.5657414540893352,0.0,6
er_5_p03_s2,80,0,39923,1.5714285714285714,1.2857142857142858,2.752715278979705,0.5657414540893352,0.0,6
er_5_p03_s2,81,0,2947,1.5714285714285714,1.2857142857142858,2.752715278979705,0.5657414540893352,0.0,6
er_5_p03_s2,82,1,97567,1.5714285714285714,1.2857142857142858,2.752715278979705,0.5657414540893352,0.0,6
er_5_p03_s2,83,0,6392,1.5714285714285714,1.2857142857142858,2.752715278979705,0.5657414540893352,0.0,6
er_5_p03_s2,84,0,59137,1.5714285714285714,1.2857142857142858,2.752715278979705,0.5657414540893352,0.0,6
er_5_p03_s2,85,0,18253,1.5714285714285714,1.2857142857142858,2.752715278979705,0.5657414540893352,0.0,6
er_5_p03_s2,86,0,44608,1.5714285714285714,1.2857142857142858,2.752715278979705,0.5657414540893352,0.0,6
er_5_p03_s2,87,0,16026,1.5714285714285714,1.2857142857142858,2.752715278979705,0.5657414540893352,0.0,6
er_5_p03_s2,88,0,13603,1.5714285714285714,1.2857142857142858,2.752715278979705,0.5657414540893352,0.0,6
er_5_p03_s2,89,0,138576,1.5714285714285714,1.2857142857142858,2.752715278979705,0.5657414540893352,0.0,6
er_5_p03_s2,90,0,212154,1.5714285714285714,1.2857142857142858,2.752715278979705,0.5657414540893352,0.0,6
er_5_p03_s2,91,0,24795,1.5714285714285714,1.2857142857142858,2.752715278979705,0.5657414540893352,0.0,6
er_5_p03_s2,92,0,61313,1.5714285714285714,1.2857142857142858,2.752715278979705,0.5657414540893352,0.0,6
er_5_p03_s2,93,1,174366,1.5714285714285714,1.2857142857142858,2.752715278979705,0.5657414540893352,0.0,6
er_5_p03_s2,94,0,18063,1.5714285714285714,1.2857142857142858,2.752715278979705,0.5657414540893352,0.0,6
er_5_p03_s2,95,0,14669,1.5714285714285714,1.2857142857142858,2.752715278979705,0.5657414540893352,0.0,6
er_5_p03_s2,96,0,5938,1.5714285714285714,1.2857142857142858,2.752715278979705,0.5657414540893352,0.0,6
er_5_p03_s2,97,0,2047,1.5714285714285714,1.2857142857142858,2.752715278979705,0.5657414540893352,0.0,6
er_5_p03_s2,98,0,17210,1.5714285714285714,1.2857142857142858,2.752715278979705,0.5657414540893352,0.0,6
er_5_p03_s2,99,1,201682,1.5714285714285714,1.2857142857142858,2.752715278979705,0.5657414540893352,0.0,6
er_5_p05_s1,0,0,18100,1.6666666666666667,1.1666666666666667,2.5027361715940035,0.5285954792089688,0.0,5
er_5_p05_s1,1,0,5572,1.6666666666666667,1.1666666666666667,2.5027361715940035,0.5285954792089688,0.0,5
er_5_p05_s1,2,0,11891,1.6666666666666667,1.1666666666666667,2.5027361715940035,0.5285954792089688,0.0,5
er_5_p05_s1,3,0,20692,1.6666666666666667,1.1666666666666667,2.5027361715940035,0.5285954792089688,0.0,5
er_5_p05_s1,4,1,99631,1.6666666666666667,1.1666666666666667,2.5027361715940035,0.5285954792089688,0.0,5
er_5_p05_s1,5,1,88463,1.6666666666666667,1.1666666666666667,2.5027361715940035,0.5285954792089688,0.0,5
er_5_p05_s1,6,0,100378,1.6666666666666667,1.1666666666666667,2.5027361715940035,0.5285954792089688,0.0,5
er_5_p05_s1,7,0,92997,1.6666666666666667,1.1666666666666667,2.5027361715940035,0.5285954792089688,0.0,5
er_5_p05_s1,8,0,91389,1.6666666666666667,1.1666666666666667,2.5027361715940035,0.5285954792089688,0.0,5
er_5_p05_s1,9,0,20987,1.6666666666666667,1.1666666666666667,2.5027361715940035,0.5285954792089688,0.0,5
er_5_p05_s1,10,0,25142,1.6666666666666667,1.1666666666666667,2.5027361715940035,0.5285954792089688,0.0,5
er_5_p05_s1,11,1,62219,1.6666666666666667,1.1666666666666667,2.5027361715940035,0.5285954792089688,0.0,5
er_5_p05_s1,12,0,3821,1.6666666666666667,1.1666666666666667,2.5027361715940035,0.5285954792089688,0.0,5
er_5_p05_s1,13,1,51629,1.6666666666666667,1.1666666666666667,2.5027361715940035,0.5285954792089688,0.0,5
er_5_p05_s1,14,0,27295,1.6666666666666667,1.1666666666666667,2.5027361715940035,0.5285954792089688,0.0,5
er_5_p05_s1,15,0,8337,1.6666666666666667,1.1666666666666667,2.5027361715940035,0.5285954792089688,0.0,5
er_5_p05_s1,16,0,23737,1.6666666666666667,1.1666666666666667,2.5027361715940035,0.5285954792089688,0.0,5
er_5_p05_s1,17,0,41882,1.6666666666666667,1.1666666666666667,2.5027361715940035,0.5285954792089688,0.0,5
er_5_p05_s1,18,0,8424,1.6666666666666667,1.1666666666666667,2.5027361715940035,0.5285954792089688,0.0,5
er_5_p05_s1,19,0,97825,1.6666666666666667,1.1666666666666667,2.5027361715940035,0.5285954792089688,0.0,5
er_5_p05_s1,20,0,5584,1.6666666666666667,1.1666666666666667,2.5027361715940035,0.5285954792089688,0.0,5
er_5_p05_s1,21,0,12079,1.6666666666666667,1.1666666666666667,2.5027361715940035,0.5285954792089688,0.0,5
er_5_p05_s1,22,1,85305,1.6666666666666667,1.1666666666666667,2.5027361715940035,0.5285954792089688,0.0,5
er_5_p05_s1,23,1,4437,1.6666666666666667,1.1666666666666667,2.5027361715940035,0.5285954792089688,0.0,5
er_5_p05_s1,24,0,177161,1.6666666666666667,1.1666666666666667,2.5027361715940035,0.5285954792089688,0.0,5
er_5_p05_s1,25,0,16384,1.6666666666666667,1.1666666666666667,2.5027361715940035,0.5285954792089688,0.0,5
er_5_p05_s1,26,0,37336,1.6666666666666667,1.1666666666666667,2.5027361715940035,0.5285954792089688,0.0,5
er_5_p05_s1,27,0,23337,1.6666666666666667,1.1666666666666667,2.5027361715940035,0.5285954792089688,0.0,5
er_5_p05_s1,28,0,36091,1.6666666666666667,1.1666666666666667,2.5027361715940035,0.5285954792089688,0.0,5
er_5_p05_s1,29,0,5030,1.6666666666666667,1.1666666666666667,2.5027361715940035,0.5285954792089688,0.0,5
er_5_p05_s1,30,0,12055,1.6666666666666667,1.1666666666666667,2.5027361715940035,0.5285954792089688,0.0,5
er_5_p05_s1,31,0,39576,1.6666666666666667,1.1666666666666667,2.5027361715940035,0.5285954792089688,0.0,5
er_5_p05_s1,32,0,13615,1.6666666666666667,1.1666666666666667,2.5027361715940035,0.5285954792089688,0.0,5
er_5_p05_s1,33,1,22247,1.6666666666666667,1.1666666666666667,2.5027361715940035,0.5285954792089688,0.0,5
er_5_p05_s1,34,0,13277,1.6666666666666667,1.1666666666666667,2.5027361715940035,0.5285954792089688,0.0,5
er_5_p05_s1,35,0,5431,1.6666666666666667,1.1666666666666667,2.5027361715940035,0.5285954792089688,0.0,5
er_5_p05_s1,36,0,11642,1.6666666666666667,1.1666666666666667,2.5027361715940035,0.5285954792089688,0.0,5
er_5_p05_s1,37,1,3400,1.6666666666666667,1.1666666666666667,2.5027361715940035,0.5285954792089688,0.0,5
er_5_p05_s1,38,0,36738,1.6666666666666667,1.1666666666666667,2.5027361715940035,0.5285954792089688,0.0,5
er_5_p05_s1,39,0,18782,1.6666666666666667,1.1666666666666667,2.5027361715940035,0.5285954792089688,0.0,5
er_5_p05_s1,40,0,81021,1.6666666666666667,1.1666666666666667,2.5027361715940035,0.5285954792089688,0.0,5
er_5_p05_s1,41,0,6541,1.6666666666666667,1.1666666666666667,2.5027361715940035,0.5285954792089688,0.0,5
er_5_p05_s1,42,0,26617,1.6666666666666667,1.1666666666666667,2.5027361715940035,0.5285954792089688,0.0,5
er_5_p05_s1,43,0,18164,1.6666666666666667,1.1666666666666667,2.5027361715940035,0.5285954792089688,0.0,5
er_5_p05_s1,44,1,109496,1.6666666666666667,1.1666666666666667,2.5027361715940035,0.5285954792089688,0.0,5
er_5_p05_s1,45,0,36336,1.6666666666666667,1.1666666666666667,2.5027361715940035,0.5285954792089688,0.0,5
er_5_p05_s1,46,0,10421,1.6666666666666667,1.1666666666666667,2.5027361715940035,0.5285954792089688,0.0,5
er_5_p05_s1,47,0,34005,1.6666666666666667,1.1666666666666667,2.5027361715940035,0.5285954792089688,0.0,5
er_5_p05_s1,48,0,8057,1.6666666666666667,1.1666666666666667,2.5027361715940035,0.5285954792089688,0.0,5
er_5_p05_s1,49,1,12822,1.6666666666666667,1.1666666666666667,2.5027361715940035,0.5285954792089688,0.0,5
er_5_p05_s1,50,0,83696,1.6666666666666667,1.1666666666666667,2.5027361715940035,0.5285954792089688,0.0,5
er_5_p05_s1,51,1,64712,1.6666666666666667,1.1666666666666667,2.5027361715940035,0.5285954792089688,0.0,5
er_5_p05_s1,52,0,144653,1.6666666666666667,1.1666666666666667,2.5027361715940035,0.5285954792089688,0.0,5
er_5_p05_s1,53,0,7885,1.6666666666666667,1.1666666666666667,2.5027361715940035,0.5285954792089688,0.0,5
er_5_p05_s1,54,0,34041,1.6666666666666667,1.1666666666666667,2.5027361715940035,0.5285954792089688,0.0,5
er_5_p05_s1,55,0,2872,1.6666666666666667,1.1666666666666667,2.5027361715940035,0.5285954792089688,0.0,5
er_5_p05_s1,56,0,5042,1.6666666666666667,1.1666666666666667,2.5027361715940035,0.5285954792089688,0.0,5
er_5_p05_s1,57,0,4226,1.6666666666666667,1.1666666666666667,2.5027361715940035,0.5285954792089688,0.0,5
er_5_p05_s1,58,1,39450,1.6666666666666667,1.1666666666666667,2.5027361715940035,0.5285954792089688,0.0,5
er_5_p05_s1,59,0,3968,1.6666666666666667,1.1666666666666667,2.5027361715940035,0.5285954792089688,0.0,5
er_5_p05_s1,60,1,45965,1.6666666666666667,1.1666666666666667,2.5027361715940035,0.5285954792089688,0.0,5
er_5_p05_s1,61,0,26079,1.6666666666666667,1.1666666666666667,2.5027361715940035,0.5285954792089688,0.0,5
er_5_p05_s1,62,0,6218,1.6666666666666667,1.1666666666666667,2.5027361715940035,0.5285954792089688,0.0,5
er_5_p05_s1,63,0,26252,1.6666666666666667,1.1666666666666667,2.5027361715940035,0.5285954792089688,0.0,5
er_5_p05_s1,64,0,13125,1.6666666666666667,1.1666666666666667,2.5027361715940035,0.5285954792089688,0.0,5
er_5_p05_s1,65,0,26196,1.6666666666666667,1.1666666666666667,2.5027361715940035,0.5285954792089688,0.0,5
er_5_p05_s1,66,0,10864,1.6666666666666667,1.1666666666666667,2.5027361715940035,0.5285954792089688,0.0,5
er_5_p05_s1,67,0,134733,1.6666666666666667,1.1666666666666667,2.5027361715940035,0.5285954792089688,0.0,5
er_5_p05_s1,68,0,4914,1.6666666666666667,1.1666666666666667,2.5027361715940035,0.5285954792089688,0.0,5
er_5_p05_s1,69,0,5215,1.6666666666666667,1.1666666666666667,2.5027361715940035,0.5285954792089688,0.0,5
er_5_p05_s1,70,1,11606,1.6666666666666667,1.1666666666666667,2.5027361715940035,0.5285954792089688,0.0,5
er_5_p05_s1,71,0,21042,1.6666666666666667,1.1666666666666667,2.5027361715940035,0.5285954792089688,0.0,5
er_5_p05_s1,72,0,4610,1.6666666666666667,1.1666666666666667,2.5027361715940035,0.5285954792089688,0.0,5
er_5_p05_s1,73,0,5993,1.6666666666666667,1.1666666666666667,2.5027361715940035,0.5285954792089688,0.0,5
er_5_p05_s1,74,0,763,1.6666666666666667,1.1666666666666667,2.5027361715940035,0.5285954792089688,0.0,5
er_5_p05_s1,75,0,9740,1.6666666666666667,1.1666666666666667,2.5027361715940035,0.5285954792089688,0.0,5
er_5_p05_s1,76,0,58796,1.6666666666666667,1.1666666666666667,2.5027361715940035,0.5285954792089688,0.0,5
er_5_p05_s1,77,0,37523,1.6666666666666667,1.1666666666666667,2.5027361715940035,0.5285954792089688,0.0,5
er_5_p05_s1,78,1,56703,1.6666666666666667,1.1666666666666667,2.5027361715940035,0.5285954792089688,0.0,5
er_5_p05_s1,79,1,34239,1.6666666666666667,1.1666666666666667,2.5027361715940035,0.5285954792089688,0.0,5
er_5_p05_s1,80,0,119492,1.6666666666666667,1.1666666666666667,2.5027361715940035,0.5285954792089688,0.0,5
er_5_p05_s1,81,1,4969,1.6666666666666667,1.1666666666666667,2.5027361715940035,0.5285954792089688,0.0,5
er_5_p05_s1,82,1,113192,1.6666666666666667,1.1666666666666667,2.5027361715940035,0.5285954792089688,0.0,5
er_5_p05_s1,83,0,3773,1.6666666666666667,1.1666666666666667,2.5027361715940035,0.5285954792089688,0.0,5
er_5_p05_s1,84,0,50668,1.6666666666666667,1.1666666666666667,2.5027361715940035,0.5285954792089688,0.0,5
er_5_p05_s1,85,0,14747,1.6666666666666667,1.1666666666666667,2.5027361715940035,0.5285954792089688,0.0,5
er_5_p05_s1,86,0,48889,1.6666666666666667,1.1666666666666667,2.5027361715940035,0.5285954792089688,0.0,5
er_5_p05_s1,87,0,9099,1.6666666666666667,1.1666666666666667,2.5027361715940035,0.5285954792089688,0.0,5
er_5_p05_s1,88,0,16013,1.6666666666666667,1.1666666666666667,2.5027361715940035,0.5285954792089688,0.0,5
er_5_p05_s1,89,0,6780,1.6666666666666667,1.1666666666666667,2.5027361715940035,0.5285954792089688,0.0,5
er_5_p05_s1,90,0,62929,1.6666666666666667,1.1666666666666667,2.5027361715940035,0.5285954792089688,0.0,5
er_5_p05_s1,91,0,26667,1.6666666666666667,1.1666666666666667,2.5027361715940035,0.5285954792089688,0.0,5
er_5_p05_s1,92,0,55730,1.6666666666666667,1.1666666666666667,2.5027361715940035,0.5285954792089688,0.0,5
er_5_p05_s1,93,1,45638,1.6666666666666667,1.1666666666666667,2.5027361715940035,0.5285954792089688,0.0,5
er_5_p05_s1,94,0,12507,1.6666666666666667,1.1666666666666667,2.5027361715940035,0.5285954792089688,0.0,5
er_5_p05_s1,95,1,29538,1.6666666666666667,1.1666666666666667,2.5027361715940035,0.5285954792089688,0.0,5
er_5_p05_s1,96,0,2081,1.6666666666666667,1.1666666666666667,2.5027361715940035,0.5285954792089688,0.0,5
er_5_p05_s1,97,0,2749,1.6666666666666667,1.1666666666666667,2.5027361715940035,0.5285954792089688,0.0,5
er_5_p05_s1,98,0,12373,1.6666666666666667,1.1666666666666667,2.5027361715940035,0.5285954792089688,0.0,5
er_5_p05_s1,99,1,51290,1.6666666666666667,1.1666666666666667,2.5027361715940035,0.5285954792089688,0.0,5
er_5_p05_s2,0,0,15565,1.619047619047619,1.2857142857142858,2.7799500009615414,0.5849794211971728,0.0,6
er_5_p05_s2,1,1,4546,1.619047619047619,1.2857142857142858,2.7799500009615414,0.5849794211971728,0.0,6
er_5_p05_s2,2,0,28899,1.619047619047619,1.2857142857142858,2.7799500009615414,0.5849794211971728,0.0,6
er_5_p05_s2,3,0,58211,1.619047619047619,1.2857142857142858,2.7799500009615414,0.5849794211971728,0.0,6
er_5_p05_s2,4,0,84885,1.619047619047619,1.2857142857142858,2.7799500009615414,0.5849794211971728,0.0,6
er_5_p05_s2,5,0,15979,1.619047619047619,1.2857142857142858,2.7799500009615414,0.5849794211971728,0.0,6
er_5_p05_s2,6,0,134177,1.619047619047619,1.2857142857142858,2.7799500009615414,0.5849794211971728,0.0,6
er_5_p05_s2,7,1,122450,1.619047619047619,1.2857142857142858,2.7799500009615414,0.5849794211971728,0.0,6
er_5_p05_s2,8,0,77280,1.619047619047619,1.2857142857142858,2.7799500009615414,0.5849794211971728,0.0,6
er_5_p05_s2,9,0,18679,1.619047619047619,1.2857142857142858,2.7799500009615414,0.5849794211971728,0.0,6
er_5_p05_s2,10,0,81702,1.619047619047619,1.2857142857142858,2.7799500009615414,0.5849794211971728,0.0,6
er_5_p05_s2,11,0,126509,1.619047619047619,1.2857142857142858,2.7799500009615414,0.5849794211971728,0.0,6
er_5_p05_s2,12,0,2733,1.619047619047619,1.2857142857142858,2.7799500009615414,0.5849794211971728,0.0,6
er_5_p05_s2,13,0,103817,1.619047619047619,1.2857142857142858,2.7799500009615414,0.5849794211971728,0.0,6
er_5_p05_s2,14,0,29311,1.619047619047619,1.2857142857142858,2.7799500009615414,0.5849794211971728,0.0,6
er_5_p05_s2,15,0,11389,1.619047619047619,1.2857142857142858,2.7799500009615414,0.5849794211971728,0.0,6
er_5_p05_s2,16,1,43185,1.619047619047619,1.2857142857142858,2.7799500009615414,0.5849794211971728,0.0,6
er_5_p05_s2,17,0,89194,1.619047619047619,1.2857142857142858,2.7799500009615414,0.5849794211971728,0.0,6
er_5_p05_s2,18,0,3968,1.619047619047619,1.2857142857142858,2.7799500009615414,0.5849794211971728,0.0,6
er_5_p05_s2,19,0,15586,1.619047619047619,1.2857142857142858,2.7799500009615414,0.5849794211971728,0.0,6
er_5_p05_s2,20,0,3471,1.619047619047619,1.2857142857142858,2.7799500009615414,0.5849794211971728,0.0,6
er_5_p05_s2,21,0,15305,1.619047619047619,1.2857142857142858,2.7799500009615414,0.5849794211971728,0.0,6
er_5_p05_s2,22,0,69634,1.619047619047619,1.2857142857142858,2.7799500009615414,0.5849794211971728,0.0,6
er_5_p05_s2,23,0,6206,1.619047619047619,1.2857142857142858,2.7799500009615414,0.5849794211971728,0.0,6
er_5_p05_s2,24,0,108894,1.619047619047619,1.2857142857142858,2.7799500009615414,0.5849794211971728,0.0,6
er_5_p05_s2,25,0,11545,1.619047619047619,1.2857142857142858,2.7799500009615414,0.5849794211971728,0.0,6
er_5_p05_s2,26,1,91416,1.619047619047619,1.2857142857142858,2.7799500009615414,0.5849794211971728,0.0,6
er_5_p05_s2,27,0,13357,1.619047619047619,1.2857142857142858,2.7799500009615414,0.5849794211971728,0.0,6
er_5_p05_s2,28,1,89105,1.619047619047619,1.2857142857142858,2.7799500009615414,0.5849794211971728,0.0,6
er_5_p05_s2,29,0,12879,1.619047619047619,1.2857142857142858,2.7799500009615414,0.5849794211971728,0.0,6
er_5_p05_s2,30,0,10003,1.619047619047619,1.2857142857142858,2.7799500009615414,0.5849794211971728,0.0,6
er_5_p05_s2,31,0,63908,1.619047619047619,1.2857142857142858,2.7799500009615414,0.5849794211971728,0.0,6
er_5_p05_s2,32,0,14368,1.619047619047619,1.2857142857142858,2.7799500009615414,0.5849794211971728,0.0,6
er_5_p05_s2,33,1,24173,1.619047619047619,1.2857142857142858,2.7799500009615414,0.5849794211971728,0.0,6
er_5_p05_s2,34,0,100392,1.619047619047619,1.2857142857142858,2.7799500009615414,0.5849794211971728,0.0,6
er_5_p05_s2,35,0,8138,1.619047619047619,1.2857142857142858,2.7799500009615414,0.5849794211971728,0.0,6
er_5_p05_s2,36,0,24122,1.619047619047619,1.2857142857142858,2.7799500009615414,0.5849794211971728,0.0,6
er_5_p05_s2,37,0,13104,1.619047619047619,1.2857142857142858,2.7799500009615414,0.5849794211971728,0.0,6
er_5_p05_s2,38,0,37437,1.619047619047619,1.2857142857142858,2.7799500009615414,0.5849794211971728,0.0,6
er_5_p05_s2,39,0,15010,1.619047619047619,1.2857142857142858,2.7799500009615414,0.5849794211971728,0.0,6
er_5_p05_s2,40,0,237457,1.619047619047619,1.2857142857142858,2.7799500009615414,0.5849794211971728,0.0,6
er_5_p05_s2,41,0,15451,1.619047619047619,1.2857142857142858,2.7799500009615414,0.5849794211971728,0.0,6
er_5_p05_s2,42,0,30883,1.619047619047619,1.2857142857142858,2.7799500009615414,0.5849794211971728,0.0,6
er_5_p05_s2,43,0,9359,1.619047619047619,1.2857142857142858,2.7799500009615414,0.5849794211971728,0.0,6
er_5_p05_s2,44,0,124721,1.619047619047619,1.2857142857142858,2.7799500009615414,0.5849794211971728,0.0,6
er_5_p05_s2,45,0,105290,1.619047619047619,1.2857142857142858,2.7799500009615414,0.5849794211971728,0.0,6
er_5_p05_s2,46,0,7584,1.619047619047619,1.2857142857142858,2.7799500009615414,0.5849794211971728,0.0,6
er_5_p05_s2,47,0,28434,1.619047619047619,1.2857142857142858,2.7799500009615414,0.5849794211971728,0.0,6
er_5_p05_s2,48,0,4303,1.619047619047619,1.2857142857142858,2.7799500009615414,0.5849794211971728,0.0,6
er_5_p05_s2,49,1,22240,1.619047619047619,1.2857142857142858,2.7799500009615414,0.5849794211971728,0.0,6
er_5_p05_s2,50,0,94240,1.619047619047619,1.2857142857142858,2.7799500009615414,0.5849794211971728,0.0,6
er_5_p05_s2,51,0,120441,1.619047619047619,1.2857142857142858,2.7799500009615414,0.5849794211971728,0.0,6
er_5_p05_s2,52,0,200117,1.619047619047619,1.2857142857142858,2.7799500009615414,0.5849794211971728,0.0,6
er_5_p05_s2,53,0,6499,1.619047619047619,1.2857142857142858,2.7799500009615414,0.5849794211971728,0.0,6
er_5_p05_s2,54,0,59940,1.619047619047619,1.2857142857142858,2.7799500009615414,0.5849794211971728,0.0,6
er_5_p05_s2,55,0,9431,1.619047619047619,1.2857142857142858,2.7799500009615414,0.5849794211971728,0.0,6
er_5_p05_s2,56,0,29961,1.619047619047619,1.2857142857142858,2.7799500009615414,0.5849794211971728,0.0,6
er_5_p05_s2,57,0,27246,1.619047619047619,1.2857142857142858,2.7799500009615414,0.5849794211971728,0.0,6
er_5_p05_s2,58,1,79463,1.619047619047619,1.2857142857142858,2.7799500009615414,0.5849794211971728,0.0,6
er_5_p05_s2,59,0,4250,1.619047619047619,1.2857142857142858,2.7799500009615414,0.5849794211971728,0.0,6
er_5_p05_s2,60,1,90530,1.619047619047619,1.2857142857142858,2.7799500009615414,0.5849794211971728,0.0,6
er_5_p05_s2,61,0,27011,1.619047619047619,1.2857142857142858,2.7799500009615414,0.5849794211971728,0.0,6
er_5_p05_s2,62,0,14313,1.619047619047619,1.2857142857142858,2.7799500009615414,0.5849794211971728,0.0,6
er_5_p05_s2,63,0,116803,1.619047619047619,1.2857142857142858,2.7799500009615414,0.5849794211971728,0.0,6
er_5_p05_s2,64,0,7300,1.619047619047619,1.2857142857142858,2.7799500009615414,0.5849794211971728,0.0,6
er_5_p05_s2,65,0,23280,1.619047619047619,1.2857142857142858,2.7799500009615414,0.5849794211971728,0.0,6
er_5_p05_s2,66,0,18584,1.619047619047619,1.2857142857142858,2.7799500009615414,0.5849794211971728,0.0,6
er_5_p05_s2,67,0,95875,1.619047619047619,1.2857142857142858,2.7799500009615414,0.5849794211971728,0.0,6
er_5_p05_s2,68,0,5425,1.619047619047619,1.2857142857142858,2.7799500009615414,0.5849794211971728,0.0,6
er_5_p05_s2,69,0,2722,1.619047619047619,1.2857142857142858,2.7799500009615414,0.5849794211971728,0.0,6
er_5_p05_s2,70,1,16102,1.619047619047619,1.2857142857142858,2.7799500009615414,0.5849794211971728,0.0,6
er_5_p05_s2,71,0,59682,1.619047619047619,1.2857142857142858,2.7799500009615414,0.5849794211971728,0.0,6
er_5_p05_s2,72,0,8085,1.619047619047619,1.2857142857142858,2.7799500009615414,0.5849794211971728,0.0,6
er_5_p05_s2,73,0,3714,1.619047619047619,1.2857142857142858,2.7799500009615414,0.5849794211971728,0.0,6
er_5_p05_s2,74,0,5550,1.619047619047619,1.2857142857142858,2.7799500009615414,0.5849794211971728,0.0,6
er_5_p05_s2,75,1,12869,1.619047619047619,1.2857142857142858,2.7799500009615414,0.5849794211971728,0.0,6
er_5_p05_s2,76,0,102168,1.619047619047619,1.2857142857142858,2.7799500009615414,0.5849794211971728,0.0,6
er_5_p05_s2,77,0,97698,1.619047619047619,1.2857142857142858,2.7799500009615414,0.5849794211971728,0.0,6
er_5_p05_s2,78,1,106505,1.619047619047619,1.2857142857142858,2.7799500009615414,0.5849794211971728,0.0,6
er_5_p05_s2,79,0,112679,1.619047619047619,1.2857142857142858,2.7799500009615414,0.5849794211971728,0.0,6
er_5_p05_s2,80,0,76390,1.619047619047619,1.2857142857142858,2.7799500009615414,0.5849794211971728,0.0,6
er_5_p05_s2,81,0,3222,1.619047619047619,1.2857142857142858,2.7799500009615414,0.5849794211971728,0.0,6
er_5_p05_s2,82,1,57441,1.619047619047619,1.2857142857142858,2.7799500009615414,0.5849794211971728,0.0,6
er_5_p05_s2,83,0,8643,1.619047619047619,1.2857142857142858,2.7799500009615414,0.5849794211971728,0.0,6
er_5_p05_s2,84,0,67242,1.619047619047619,1.2857142857142858,2.7799500009615414,0.5849794211971728,0.0,6
er_5_p05_s2,85,0,8744,1.619047619047619,1.2857142857142858,2.7799500009615414,0.5849794211971728,0.0,6
er_5_p05_s2,86,0,26012,1.619047619047619,1.2857142857142858,2.7799500009615414,0.5849794211971728,0.0,6
er_5_p05_s2,87,0,12282,1.619047619047619,1.2857142857142858,2.7799500009615414,0.5849794211971728,0.0,6
er_5_p05_s2,88,0,8974,1.619047619047619,1.2857142857142858,2.7799500009615414,0.5849794211971728,0.0,6
er_5_p05_s2,89,1,55826,1.619047619047619,1.2857142857142858,2.7799500009615414,0.5849794211971728,0.0,6
er_5_p05_s2,90,0,102134,1.619047619047619,1.2857142857142858,2.7799500009615414,0.5849794211971728,0.0,6
er_5_p05_s2,91,0,7745,1.619047619047619,1.2857142857142858,2.7799500009615414,0.5849794211971728,0.0,6
er_5_p05_s2,92,0,72274,1.619047619047619,1.2857142857142858,2.7799500009615414,0.5849794211971728,0.0,6
er_5_p05_s2,93,1,81362,1.619047619047619,1.2857142857142858,2.7799500009615414,0.5849794211971728,0.0,6
er_5_p05_s2,94,0,5583,1.619047619047619,1.2857142857142858,2.7799500009615414,0.5849794211971728,0.0,6
er_5_p05_s2,95,0,11161,1.619047619047619,1.2857142857142858,2.7799500009615414,0.5849794211971728,0.0,6
er_5_p05_s2,96,0,3598,1.619047619047619,1.2857142857142858,2.7799500009615414,0.5849794211971728,0.0,6
er_5_p05_s2,97,0,6743,1.619047619047619,1.2857142857142858,2.7799500009615414,0.5849794211971728,0.0,6
er_5_p05_s2,98,0,18317,1.619047619047619,1.2857142857142858,2.7799500009615414,0.5849794211971728,0.0,6
er_5_p05_s2,99,1,84974,1.619047619047619,1.2857142857142858,2.7799500009615414,0.5849794211971728,0.0,6
er_7_p04_s1,0,0,30291,1.7142857142857142,1.375,2.958542981880303,0.41671373581993765,0.0,7
er_7_p04_s1,1,1,6863,1.7142857142857142,1.375,2.958542981880303,0.41671373581993765,0.0,7
er_7_p04_s1,2,0,15537,1.7142857142857142,1.375,2.958542981880303,0.41671373581993765,0.0,7
er_7_p04_s1,3,0,96544,1.7142857142857142,1.375,2.958542981880303,0.41671373581993765,0.0,7
er_7_p04_s1,4,0,188358,1.7142857142857142,1.375,2.958542981880303,0.41671373581993765,0.0,7
er_7_p04_s1,5,0,50064,1.7142857142857142,1.375,2.958542981880303,0.41671373581993765,0.0,7
er_7_p04_s1,6,0,108297,1.7142857142857142,1.375,2.958542981880303,0.41671373581993765,0.0,7
er_7_p04_s1,7,1,119267,1.7142857142857142,1.375,2.958542981880303,0.41671373581993765,0.0,7
er_7_p04_s1,8,0,126629,1.7142857142857142,1.375,2.958542981880303,0.41671373581993765,0.0,7
er_7_p04_s1,9,0,102813,1.7142857142857142,1.375,2.958542981880303,0.41671373581993765,0.0,7
er_7_p04_s1,10,0,10132,1.7142857142857142,1.375,2.958542981880303,0.41671373581993765,0.0,7
er_7_p04_s1,11,1,32482,1.7142857142857142,1.375,2.958542981880303,0.41671373581993765,0.0,7
er_7_p04_s1,12,0,6588,1.7142857142857142,1.375,2.958542981880303,0.41671373581993765,0.0,7
er_7_p04_s1,13,1,57081,1.7142857142857142,1.375,2.958542981880303,0.41671373581993765,0.0,7
er_7_p04_s1,14,1,53289,1.7142857142857142,1.375,2.958542981880303,0.41671373581993765,0.0,7
er_7_p04_s1,15,0,59564,1.7142857142857142,1.375,2.958542981880303,0.41671373581993765,0.0,7
er_7_p04_s1,16,0,12795,1.7142857142857142,1.375,2.958542981880303,0.41671373581993765,0.0,7
er_7_p04_s1,17,0,29864,1.7142857142857142,1.375,2.958542981880303,0.41671373581993765,0.0,7
er_7_p04_s1,18,0,30156,1.7142857142857142,1.375,2.958542981880303,0.41671373581993765,0.0,7
er_7_p04_s1,19,0,7474,1.7142857142857142,1.375,2.958542981880303,0.41671373581993765,0.0,7
er_7_p04_s1,20,0,3705,1.7142857142857142,1.375,2.958542981880303,0.41671373581993765,0.0,7
er_7_p04_s1,21,0,10863,1.7142857142857142,1.375,2.958542981880303,0.41671373581993765,0.0,7
er_7_p04_s1,22,0,91988,1.7142857142857142,1.375,2.958542981880303,0.41671373581993765,0.0,7
er_7_p04_s1,23,1,5444,1.7142857142857142,1.375,2.958542981880303,0.41671373581993765,0.0,7
er_7_p04_s1,24,0,213815,1.7142857142857142,1.375,2.958542981880303,0.41671373581993765,0.0,7
er_7_p04_s1,25,0,10206,1.7142857142857142,1.375,2.958542981880303,0.41671373581993765,0.0,7
er_7_p04_s1,26,1,68477,1.7142857142857142,1.375,2.958542981880303,0.41671373581993765,0.0,7
er_7_p04_s1,27,0,13940,1.7142857142857142,1.375,2.958542981880303,0.41671373581993765,0.0,7
er_7_p04_s1,28,1,102333,1.7142857142857142,1.375,2.958542981880303,0.41671373581993765,0.0,7
er_7_p04_s1,29,0,26494,1.7142857142857142,1.375,2.958542981880303,0.41671373581993765,0.0,7
er_7_p04_s1,30,0,23475,1.7142857142857142,1.375,2.958542981880303,0.41671373581993765,0.0,7
er_7_p04_s1,31,0,27979,1.7142857142857142,1.375,2.958542981880303,0.41671373581993765,0.0,7
er_7_p04_s1,32,0,14274,1.7142857142857142,1.375,2.958542981880303,0.41671373581993765,0.0,7
er_7_p04_s1,33,1,57223,1.7142857142857142,1.375,2.958542981880303,0.41671373581993765,0.0,7
er_7_p04_s1,34,0,84207,1.7142857142857142,1.375,2.958542981880303,0.41671373581993765,0.0,7
er_7_p04_s1,35,0,7734,1.7142857142857142,1.375,2.958542981880303,0.41671373581993765,0.0,7
er_7_p04_s1,36,0,10237,1.7142857142857142,1.375,2.958542981880303,0.41671373581993765,0.0,7
er_7_p04_s1,37,0,3146,1.7142857142857142,1.375,2.958542981880303,0.41671373581993765,0.0,7
er_7_p04_s1,38,0,41630,1.7142857142857142,1.375,2.958542981880303,0.41671373581993765,0.0,7
er_7_p04_s1,39,0,19459,1.7142857142857142,1.375,2.958542981880303,0.41671373581993765,0.0,7
er_7_p04_s1,40,0,97747,1.7142857142857142,1.375,2.958542981880303,0.41671373581993765,0.0,7
er_7_p04_s1,41,0,16571,1.7142857142857142,1.375,2.958542981880303,0.41671373581993765,0.0,7
er_7_p04_s1,42,1,44633,1.7142857142857142,1.375,2.958542981880303,0.41671373581993765,0.0,7
er_7_p04_s1,43,0,14303,1.7142857142857142,1.375,2.958542981880303,0.41671373581993765,0.0,7
er_7_p04_s1,44,0,52034,1.7142857142857142,1.375,2.958542981880303,0.41671373581993765,0.0,7
er_7_p04_s1,45,0,266590,1.7142857142857142,1.375,2.958542981880303,0.41671373581993765,0.0,7
er_7_p04_s1,46,0,13547,1.7142857142857142,1.375,2.958542981880303,0.41671373581993765,0.0,7
er_7_p04_s1,47,0,28400,1.7142857142857142,1.375,2.958542981880303,0.41671373581993765,0.0,7
er_7_p04_s1,48,0,3926,1.7142857142857142,1.375,2.958542981880303,0.41671373581993765,0.0,7
er_7_p04_s1,49,1,30020,1.7142857142857142,1.375,2.958542981880303,0.41671373581993765,0.0,7
er_7_p04_s1,50,0,75339,1.7142857142857142,1.375,2.958542981880303,0.41671373581993765,0.0,7
er_7_p04_s1,51,1,58793,1.7142857142857142,1.375,2.958542981880303,0.41671373581993765,0.0,7
er_7_p04_s1,52,1,132712,1.7142857142857142,1.375,2.958542981880303,0.41671373581993765,0.0,7
er_7_p04_s1,53,0,18015,1.7142857142857142,1.375,2.958542981880303,0.41671373581993765,0.0,7
er_7_p04_s1,54,0,12224,1.7142857142857142,1.375,2.958542981880303,0.41671373581993765,0.0,7
er_7_p04_s1,55,0,8458,1.7142857142857142,1.375,2.958542981880303,0.41671373581993765,0.0,7
er_7_p04_s1,56,0,29309,1.7142857142857142,1.375,2.958542981880303,0.41671373581993765,0.0,7
er_7_p04_s1,57,1,5172,1.7142857142857142,1.375,2.958542981880303,0.41671373581993765,0.0,7
er_7_p04_s1,58,1,115398,1.7142857142857142,1.375,2.958542981880303,0.41671373581993765,0.0,7
er_7_p04_s1,59,0,17602,1.7142857142857142,1.375,2.958542981880303,0.41671373581993765,0.0,7
er_7_p04_s1,60,1,90270,1.7142857142857142,1.375,2.958542981880303,0.41671373581993765,0.0,7
er_7_p04_s1,61,0,78029,1.7142857142857142,1.375,2.958542981880303,0.41671373581993765,0.0,7
er_7_p04_s1,62,0,27374,1.7142857142857142,1.375,2.958542981880303,0.41671373581993765,0.0,7
er_7_p04_s1,63,0,26035,1.7142857142857142,1.375,2.958542981880303,0.41671373581993765,0.0,7
er_7_p04_s1,64,0,17352,1.7142857142857142,1.375,2.958542981880303,0.41671373581993765,0.0,7
er_7_p04_s1,65,0,36674,1.7142857142857142,1.375,2.958542981880303,0.41671373581993765,0.0,7
er_7_p04_s1,66,0,46862,1.7142857142857142,1.375,2.958542981880303,0.41671373581993765,0.0,7
er_7_p04_s1,67,0,70130,1.7142857142857142,1.375,2.958542981880303,0.41671373581993765,0.0,7
er_7_p04_s1,68,1,10423,1.7142857142857142,1.375,2.958542981880303,0.41671373581993765,0.0,7
er_7_p04_s1,69,0,7105,1.7142857142857142,1.375,2.958542981880303,0.41671373581993765,0.0,7
er_7_p04_s1,70,0,5769,1.7142857142857142,1.375,2.958542981880303,0.41671373581993765,0.0,7
er_7_p04_s1,71,0,51060,1.7142857142857142,1.375,2.958542981880303,0.41671373581993765,0.0,7
er_7_p04_s1,72,0,6731,1.7142857142857142,1.375,2.958542981880303,0.41671373581993765,0.0,7
er_7_p04_s1,73,0,6847,1.7142857142857142,1.375,2.958542981880303,0.41671373581993765,0.0,7
er_7_p04_s1,74,0,15258,1.7142857142857142,1.375,2.958542981880303,0.41671373581993765,0.0,7
er_7_p04_s1,75,1,18409,1.7142857142857142,1.375,2.958542981880303,0.41671373581993765,0.0,7
er_7_p04_s1,76,0,80099,1.7142857142857142,1.375,2.958542981880303,0.41671373581993765,0.0,7
er_7_p04_s1,77,0,67093,1.7142857142857142,1.375,2.958542981880303,0.41671373581993765,0.0,7
er_7_p04_s1,78,1,59609,1.7142857142857142,1.375,2.958542981880303,0.41671373581993765,0.0,7
er_7_p04_s1,79,0,145360,1.7142857142857142,1.375,2.958542981880303,0.41671373581993765,0.0,7
er_7_p04_s1,80,0,214906,1.7142857142857142,1.375,2.958542981880303,0.41671373581993765,0.0,7
er_7_p04_s1,81,1,6574,1.7142857142857142,1.375,2.958542981880303,0.41671373581993765,0.0,7
er_7_p04_s1,82,1,196886,1.7142857142857142,1.375,2.958542981880303,0.41671373581993765,0.0,7
er_7_p04_s1,83,0,5248,1.7142857142857142,1.375,2.958542981880303,0.41671373581993765,0.0,7
er_7_p04_s1,84,0,69132,1.7142857142857142,1.375,2.958542981880303,0.41671373581993765,0.0,7
er_7_p04_s1,85,0,17398,1.7142857142857142,1.375,2.958542981880303,0.41671373581993765,0.0,7
er_7_p04_s1,86,0,30086,1.7142857142857142,1.375,2.958542981880303,0.41671373581993765,0.0,7
er_7_p04_s1,87,0,16524,1.7142857142857142,1.375,2.958542981880303,0.41671373581993765,0.0,7
er_7_p04_s1,88,0,13577,1.7142857142857142,1.375,2.958542981880303,0.41671373581993765,0.0,7
er_7_p04_s1,89,1,131346,1.7142857142857142,1.375,2.958542981880303,0.41671373581993765,0.0,7
er_7_p04_s1,90,0,128600,1.7142857142857142,1.375,2.958542981880303,0.41671373581993765,0.0,7
er_7_p04_s1,91,0,57622,1.7142857142857142,1.375,2.958542981880303,0.41671373581993765,0.0,7
er_7_p04_s1,92,0,142620,1.7142857142857142,1.375,2.958542981880303,0.41671373581993765,0.0,7
er_7_p04_s1,93,0,118451,1.7142857142857142,1.375,2.958542981880303,0.41671373581993765,0.0,7
er_7_p04_s1,94,0,27591,1.7142857142857142,1.375,2.958542981880303,0.41671373581993765,0.0,7
er_7_p04_s1,95,0,39323,1.7142857142857142,1.375,2.958542981880303,0.41671373581993765,0.0,7
er_7_p04_s1,96,0,7807,1.7142857142857142,1.375,2.958542981880303,0.41671373581993765,0.0,7
er_7_p04_s1,97,0,4161,1.7142857142857142,1.375,2.958542981880303,0.41671373581993765,0.0,7
er_7_p04_s1,98,0,7586,1.7142857142857142,1.375,2.958542981880303,0.41671373581993765,0.0,7
er_7_p04_s1,99,0,180134,1.7142857142857142,1.375,2.958542981880303,0.41671373581993765,0.0,7
er_7_p04_s2,0,0,46645,1.8611111111111112,1.3333333333333333,3.1258145836939115,0.3931052410118397,0.0,8
er_7_p04_s2,1,1,24632,1.8611111111111112,1.3333333333333333,3.1258145836939115,0.3931052410118397,0.0,8
er_7_p04_s2,2,0,17169,1.8611111111111112,1.3333333333333333,3.1258145836939115,0.3931052410118397,0.0,8
er_7_p04_s2,3,0,117941,1.8611111111111112,1.3333333333333333,3.1258145836939115,0.3931052410118397,0.0,8
er_7_p04_s2,4,0,19751,1.8611111111111112,1.3333333333333333,3.1258145836939115,0.3931052410118397,0.0,8
er_7_p04_s2,5,0,62746,1.8611111111111112,1.3333333333333333,3.1258145836939115,0.3931052410118397,0.0,8
er_7_p04_s2,6,0,137702,1.8611111111111112,1.3333333333333333,3.1258145836939115,0.3931052410118397,0.0,8
er_7_p04_s2,7,0,178973,1.8611111111111112,1.3333333333333333,3.1258145836939115,0.3931052410118397,0.0,8
er_7_p04_s2,8,0,260409,1.8611111111111112,1.3333333333333333,3.1258145836939115,0.3931052410118397,0.0,8
er_7_p04_s2,9,0,26325,1.8611111111111112,1.3333333333333333,3.1258145836939115,0.3931052410118397,0.0,8
er_7_p04_s2,10,0,6734,1.8611111111111112,1.3333333333333333,3.1258145836939115,0.3931052410118397,0.0,8
er_7_p04_s2,11,1,95437,1.8611111111111112,1.3333333333333333,3.1258145836939115,0.3931052410118397,0.0,8
er_7_p04_s2,12,1,4164,1.8611111111111112,1.3333333333333333,3.1258145836939115,0.3931052410118397,0.0,8
er_7_p04_s2,13,1,33445,1.8611111111111112,1.3333333333333333,3.1258145836939115,0.3931052410118397,0.0,8
er_7_p04_s2,14,1,59137,1.8611111111111112,1.3333333333333333,3.1258145836939115,0.3931052410118397,0.0,8
er_7_p04_s2,15,0,10058,1.8611111111111112,1.3333333333333333,3.1258145836939115,0.3931052410118397,0.0,8
er_7_p04_s2,16,0,16340,1.8611111111111112,1.3333333333333333,3.1258145836939115,0.3931052410118397,0.0,8
er_7_p04_s2,17,0,108325,1.8611111111111112,1.3333333333333333,3.1258145836939115,0.3931052410118397,0.0,8
er_7_p04_s2,18,0,31055,1.8611111111111112,1.3333333333333333,3.1258145836939115,0.3931052410118397,0.0,8
er_7_p04_s2,19,0,67387,1.8611111111111112,1.3333333333333333,3.1258145836939115,0.3931052410118397,0.0,8
er_7_p04_s2,20,0,3502,1.8611111111111112,1.3333333333333333,3.1258145836939115,0.3931052410118397,0.0,8
er_7_p04_s2,21,0,13748,1.8611111111111112,1.3333333333333333,3.1258145836939115,0.3931052410118397,0.0,8
er_7_p04_s2,22,1,159169,1.8611111111111112,1.3333333333333333,3.1258145836939115,0.3931052410118397,0.0,8
er_7_p04_s2,23,0,6059,1.8611111111111112,1.3333333333333333,3.1258145836939115,0.3931052410118397,0.0,8
er_7_p04_s2,24,0,181338,1.8611111111111112,1.3333333333333333,3.1258145836939115,0.3931052410118397,0.0,8
er_7_p04_s2,25,0,4980,1.8611111111111112,1.3333333333333333,3.1258145836939115,0.3931052410118397,0.0,8
er_7_p04_s2,26,1,133670,1.8611111111111112,1.3333333333333333,3.1258145836939115,0.3931052410118397,0.0,8
er_7_p04_s2,27,0,21396,1.8611111111111112,1.3333333333333333,3.1258145836939115,0.3931052410118397,0.0,8
er_7_p04_s2,28,0,50252,1.8611111111111112,1.3333333333333333,3.1258145836939115,0.3931052410118397,0.0,8
er_7_p04_s2,29,0,15634,1.8611111111111112,1.3333333333333333,3.1258145836939115,0.3931052410118397,0.0,8
er_7_p04_s2,30,0,13181,1.8611111111111112,1.3333333333333333,3.1258145836939115,0.3931052410118397,0.0,8
er_7_p04_s2,31,0,108391,1.8611111111111112,1.3333333333333333,3.1258145836939115,0.3931052410118397,0.0,8
er_7_p04_s2,32,0,16958,1.8611111111111112,1.3333333333333333,3.1258145836939115,0.3931052410118397,0.0,8
er_7_p04_s2,33,1,49562,1.8611111111111112,1.3333333333333333,3.1258145836939115,0.3931052410118397,0.0,8
er_7_p04_s2,34,0,65251,1.8611111111111112,1.3333333333333333,3.1258145836939115,0.3931052410118397,0.0,8
er_7_p04_s2,35,0,9478,1.8611111111111112,1.3333333333333333,3.1258145836939115,0.3931052410118397,0.0,8
er_7_p04_s2,36,0,22122,1.8611111111111112,1.3333333333333333,3.1258145836939115,0.3931052410118397,0.0,8
er_7_p04_s2,37,0,5087,1.8611111111111112,1.3333333333333333,3.1258145836939115,0.3931052410118397,0.0,8
er_7_p04_s2,38,0,45392,1.8611111111111112,1.3333333333333333,3.1258145836939115,0.3931052410118397,0.0,8
er_7_p04_s2,39,0,10495,1.8611111111111112,1.3333333333333333,3.1258145836939115,0.3931052410118397,0.0,8
er_7_p04_s2,40,0,116507,1.8611111111111112,1.3333333333333333,3.1258145836939115,0.3931052410118397,0.0,8
er_7_p04_s2,41,0,11100,1.8611111111111112,1.3333333333333333,3.1258145836939115,0.3931052410118397,0.0,8
er_7_p04_s2,42,1,41268,1.8611111111111112,1.3333333333333333,3.1258145836939115,0.3931052410118397,0.0,8
er_7_p04_s2,43,1,35425,1.8611111111111112,1.3333333333333333,3.1258145836939115,0.3931052410118397,0.0,8
er_7_p04_s2,44,0,111024,1.8611111111111112,1.3333333333333333,3.1258145836939115,0.3931052410118397,0.0,8
er_7_p04_s2,45,0,476241,1.8611111111111112,1.3333333333333333,3.1258145836939115,0.3931052410118397,0.0,8
er_7_p04_s2,46,0,10071,1.8611111111111112,1.3333333333333333,3.1258145836939115,0.3931052410118397,0.0,8
er_7_p04_s2,47,0,65546,1.8611111111111112,1.3333333333333333,3.1258145836939115,0.3931052410118397,0.0,8
er_7_p04_s2,48,0,7927,1.8611111111111112,1.3333333333333333,3.1258145836939115,0.3931052410118397,0.0,8
er_7_p04_s2,49,1,17980,1.8611111111111112,1.3333333333333333,3.1258145836939115,0.3931052410118397,0.0,8
er_7_p04_s2,50,0,85413,1.8611111111111112,1.3333333333333333,3.1258145836939115,0.3931052410118397,0.0,8
er_7_p04_s2,51,0,79455,1.8611111111111112,1.3333333333333333,3.1258145836939115,0.3931052410118397,0.0,8
er_7_p04_s2,52,0,147759,1.8611111111111112,1.3333333333333333,3.1258145836939115,0.3931052410118397,0.0,8
er_7_p04_s2,53,0,6204,1.8611111111111112,1.3333333333333333,3.1258145836939115,0.3931052410118397,0.0,8
er_7_p04_s2,54,0,33169,1.8611111111111112,1.3333333333333333,3.1258145836939115,0.3931052410118397,0.0,8
er_7_p04_s2,55,0,7833,1.8611111111111112,1.3333333333333333,3.1258145836939115,0.3931052410118397,0.0,8
er_7_p04_s2,56,0,39038,1.8611111111111112,1.3333333333333333,3.1258145836939115,0.3931052410118397,0.0,8
er_7_p04_s2,57,0,11878,1.8611111111111112,1.3333333333333333,3.1258145836939115,0.3931052410118397,0.0,8
er_7_p04_s2,58,1,91671,1.8611111111111112,1.3333333333333333,3.1258145836939115,0.3931052410118397,0.0,8
er_7_p04_s2,59,0,10012,1.8611111111111112,1.3333333333333333,3.1258145836939115,0.3931052410118397,0.0,8
er_7_p04_s2,60,1,60016,1.8611111111111112,1.3333333333333333,3.1258145836939115,0.3931052410118397,0.0,8
er_7_p04_s2,61,0,49118,1.8611111111111112,1.3333333333333333,3.1258145836939115,0.3931052410118397,0.0,8
er_7_p04_s2,62,0,23505,1.8611111111111112,1.3333333333333333,3.1258145836939115,0.3931052410118397,0.0,8
er_7_p04_s2,63,0,183246,1.8611111111111112,1.3333333333333333,3.1258145836939115,0.3931052410118397,0.0,8
er_7_p04_s2,64,0,18610,1.8611111111111112,1.3333333333333333,3.1258145836939115,0.3931052410118397,0.0,8
er_7_p04_s2,65,0,38383,1.8611111111111112,1.3333333333333333,3.1258145836939115,0.3931052410118397,0.0,8
er_7_p04_s2,66,0,58031,1.8611111111111112,1.3333333333333333,3.1258145836939115,0.3931052410118397,0.0,8
er_7_p04_s2,67,0,19153,1.8611111111111112,1.3333333333333333,3.1258145836939115,0.3931052410118397,0.0,8
er_7_p04_s2,68,1,7129,1.8611111111111112,1.3333333333333333,3.1258145836939115,0.3931052410118397,0.0,8
er_7_p04_s2,69,0,8357,1.8611111111111112,1.3333333333333333,3.1258145836939115,0.3931052410118397,0.0,8
er_7_p04_s2,70,0,10628,1.8611111111111112,1.3333333333333333,3.1258145836939115,0.3931052410118397,0.0,8
er_7_p04_s2,71,1,137834,1.8611111111111112,1.3333333333333333,3.1258145836939115,0.3931052410118397,0.0,8
er_7_p04_s2,72,0,9908,1.8611111111111112,1.3333333333333333,3.1258145836939115,0.3931052410118397,0.0,8
er_7_p04_s2,73,0,3402,1.8611111111111112,1.3333333333333333,3.1258145836939115,0.3931052410118397,0.0,8
er_7_p04_s2,74,0,7041,1.8611111111111112,1.3333333333333333,3.1258145836939115,0.3931052410118397,0.0,8
er_7_p04_s2,75,1,22111,1.8611111111111112,1.3333333333333333,3.1258145836939115,0.3931052410118397,0.0,8
er_7_p04_s2,76,0,130795,1.8611111111111112,1.3333333333333333,3.1258145836939115,0.3931052410118397,0.0,8
er_7_p04_s2,77,0,52213,1.8611111111111112,1.3333333333333333,3.1258145836939115,0.3931052410118397,0.0,8
er_7_p04_s2,78,1,42457,1.8611111111111112,1.3333333333333333,3.1258145836939115,0.3931052410118397,0.0,8
er_7_p04_s2,79,1,127832,1.8611111111111112,1.3333333333333333,3.1258145836939115,0.3931052410118397,0.0,8
er_7_p04_s2,80,0,171752,1.8611111111111112,1.3333333333333333,3.1258145836939115,0.3931052410118397,0.0,8
er_7_p04_s2,81,0,7311,1.8611111111111112,1.3333333333333333,3.1258145836939115,0.3931052410118397,0.0,8
er_7_p04_s2,82,0,78698,1.8611111111111112,1.3333333333333333,3.1258145836939115,0.3931052410118397,0.0,8
er_7_p04_s2,83,0,5518,1.8611111111111112,1.3333333333333333,3.1258145836939115,0.3931052410118397,0.0,8
er_7_p04_s2,84,0,86154,1.8611111111111112,1.3333333333333333,3.1258145836939115,0.3931052410118397,0.0,8
er_7_p04_s2,85,0,21474,1.8611111111111112,1.3333333333333333,3.1258145836939115,0.3931052410118397,0.0,8
er_7_p04_s2,86,0,20905,1.8611111111111112,1.3333333333333333,3.1258145836939115,0.3931052410118397,0.0,8
er_7_p04_s2,87,0,17615,1.8611111111111112,1.3333333333333333,3.1258145836939115,0.3931052410118397,0.0,8
er_7_p04_s2,88,0,32188,1.8611111111111112,1.3333333333333333,3.1258145836939115,0.3931052410118397,0.0,8
er_7_p04_s2,89,0,94601,1.8611111111111112,1.3333333333333333,3.1258145836939115,0.3931052410118397,0.0,8
er_7_p04_s2,90,0,217894,1.8611111111111112,1.3333333333333333,3.1258145836939115,0.3931052410118397,0.0,8
er_7_p04_s2,91,0,36197,1.8611111111111112,1.3333333333333333,3.1258145836939115,0.3931052410118397,0.0,8
er_7_p04_s2,92,0,243881,1.8611111111111112,1.3333333333333333,3.1258145836939115,0.3931052410118397,0.0,8
er_7_p04_s2,93,1,113942,1.8611111111111112,1.3333333333333333,3.1258145836939115,0.3931052410118397,0.0,8
er_7_p04_s2,94,0,4069,1.8611111111111112,1.3333333333333333,3.1258145836939115,0.3931052410118397,0.0,8
er_7_p04_s2,95,0,13703,1.8611111111111112,1.3333333333333333,3.1258145836939115,0.3931052410118397,0.0,8
er_7_p04_s2,96,0,4644,1.8611111111111112,1.3333333333333333,3.1258145836939115,0.3931052410118397,0.0,8
er_7_p04_s2,97,0,7563,1.8611111111111112,1.3333333333333333,3.1258145836939115,0.3931052410118397,0.0,8
er_7_p04_s2,98,0,15245,1.8611111111111112,1.3333333333333333,3.1258145836939115,0.3931052410118397,0.0,8
er_7_p04_s2,99,0,153275,1.8611111111111112,1.3333333333333333,3.1258145836939115,0.3931052410118397,0.0,8
fc_3,0,0,2058,1.0,1.5,2.0,1.333333333333333,0.0,3
fc_3,1,0,5510,1.0,1.5,2.0,1.333333333333333,0.0,3
fc_3,2,0,2548,1.0,1.5,2.0,1.333333333333333,0.0,3
fc_3,3,0,40125,1.0,1.5,2.0,1.333333333333333,0.0,3
fc_3,4,0,2717,1.0,1.5,2.0,1.333333333333333,0.0,3
fc_3,5,0,34271,1.0,1.5,2.0,1.333333333333333,0.0,3
fc_3,6,0,62781,1.0,1.5,2.0,1.333333333333333,0.0,3
fc_3,7,0,85171,1.0,1.5,2.0,1.333333333333333,0.0,3
fc_3,8,0,133695,1.0,1.5,2.0,1.333333333333333,0.0,3
fc_3,9,0,14625,1.0,1.5,2.0,1.333333333333333,0.0,3
fc_3,10,0,23970,1.0,1.5,2.0,1.333333333333333,0.0,3
fc_3,11,1,13017,1.0,1.5,2.0,1.333333333333333,0.0,3
fc_3,12,0,1894,1.0,1.5,2.0,1.333333333333333,0.0,3
fc_3,13,0,3612,1.0,1.5,2.0,1.333333333333333,0.0,3
fc_3,14,1,24409,1.0,1.5,2.0,1.333333333333333,0.0,3
fc_3,15,0,1632,1.0,1.5,2.0,1.333333333333333,0.0,3
fc_3,16,0,23284,1.0,1.5,2.0,1.333333333333333,0.0,3
fc_3,17,0,2119,1.0,1.5,2.0,1.333333333333333,0.0,3
fc_3,18,0,10137,1.0,1.5,2.0,1.333333333333333,0.0,3
fc_3,19,0,4796,1.0,1.5,2.0,1.333333333333333,0.0,3
fc_3,20,0,2393,1.0,1.5,2.0,1.333333333333333,0.0,3
fc_3,21,0,3865,1.0,1.5,2.0,1.333333333333333,0.0,3
fc_3,22,0,10145,1.0,1.5,2.0,1.333333333333333,0.0,3
fc_3,23,0,840,1.0,1.5,2.0,1.333333333333333,0.0,3
fc_3,24,1,50461,1.0,1.5,2.0,1.333333333333333,0.0,3
fc_3,25,0,12005,1.0,1.5,2.0,1.333333333333333,0.0,3
fc_3,26,0,34034,1.0,1.5,2.0,1.333333333333333,0.0,3
fc_3,27,0,4259,1.0,1.5,2.0,1.333333333333333,0.0,3
fc_3,28,1,47873,1.0,1.5,2.0,1.333333333333333,0.0,3
fc_3,29,0,9439,1.0,1.5,2.0,1.333333333333333,0.0,3
fc_3,30,0,3089,1.0,1.5,2.0,1.333333333333333,0.0,3
fc_3,31,0,17558,1.0,1.5,2.0,1.333333333333333,0.0,3
fc_3,32,0,8121,1.0,1.5,2.0,1.333333333333333,0.0,3
fc_3,33,0,1468,1.0,1.5,2.0,1.333333333333333,0.0,3
fc_3,34,1,42996,1.0,1.5,2.0,1.333333333333333,0.0,3
fc_3,35,0,3528,1.0,1.5,2.0,1.333333333333333,0.0,3
fc_3,36,0,1063,1.0,1.5,2.0,1.333333333333333,0.0,3
fc_3,37,0,2704,1.0,1.5,2.0,1.333333333333333,0.0,3
fc_3,38,0,25484,1.0,1.5,2.0,1.333333333333333,0.0,3
fc_3,39,1,11185,1.0,1.5,2.0,1.333333333333333,0.0,3
fc_3,40,0,70509,1.0,1.5,2.0,1.333333333333333,0.0,3
fc_3,41,0,7508,1.0,1.5,2.0,1.333333333333333,0.0,3
fc_3,42,1,16779,1.0,1.5,2.0,1.333333333333333,0.0,3
fc_3,43,0,17254,1.0,1.5,2.0,1.333333333333333,0.0,3
fc_3,44,0,7881,1.0,1.5,2.0,1.333333333333333,0.0,3
fc_3,45,0,21795,1.0,1.5,2.0,1.333333333333333,0.0,3
fc_3,46,0,6374,1.0,1.5,2.0,1.333333333333333,0.0,3
fc_3,47,0,32227,1.0,1.5,2.0,1.333333333333333,0.0,3
fc_3,48,0,2096,1.0,1.5,2.0,1.333333333333333,0.0,3
fc_3,49,1,4749,1.0,1.5,2.0,1.333333333333333,0.0,3
fc_3,50,0,53035,1.0,1.5,2.0,1.333333333333333,0.0,3
fc_3,51,0,27601,1.0,1.5,2.0,1.333333333333333,0.0,3
fc_3,52,0,214563,1.0,1.5,2.0,1.333333333333333,0.0,3
fc_3,53,0,4301,1.0,1.5,2.0,1.333333333333333,0.0,3
fc_3,54,0,2515,1.0,1.5,2.0,1.333333333333333,0.0,3
fc_3,55,0,2275,1.0,1.5,2.0,1.333333333333333,0.0,3
fc_3,56,0,4315,1.0,1.5,2.0,1.333333333333333,0.0,3
fc_3,57,0,10372,1.0,1.5,2.0,1.333333333333333,0.0,3
fc_3,58,0,8921,1.0,1.5,2.0,1.333333333333333,0.0,3
fc_3,59,0,5285,1.0,1.5,2.0,1.333333333333333,0.0,3
fc_3,60,1,16251,1.0,1.5,2.0,1.333333333333333,0.0,3
fc_3,61,0,23699,1.0,1.5,2.0,1.333333333333333,0.0,3
fc_3,62,0,12368,1.0,1.5,2.0,1.333333333333333,0.0,3
fc_3,63,0,67754,1.0,1.5,2.0,1.333333333333333,0.0,3
fc_3,64,0,7916,1.0,1.5,2.0,1.333333333333333,0.0,3
fc_3,65,0,6005,1.0,1.5,2.0,1.333333333333333,0.0,3
fc_3,66,0,18954,1.0,1.5,2.0,1.333333333333333,0.0,3
fc_3,67,0,88572,1.0,1.5,2.0,1.333333333333333,0.0,3
fc_3,68,1,903,1.0,1.5,2.0,1.333333333333333,0.0,3
fc_3,69,0,2907,1.0,1.5,2.0,1.333333333333333,0.0,3
fc_3,70,0,6904,1.0,1.5,2.0,1.333333333333333,0.0,3
fc_3,71,0,24458,1.0,1.5,2.0,1.333333333333333,0.0,3
fc_3,72,0,4081,1.0,1.5,2.0,1.333333333333333,0.0,3
fc_3,73,0,3346,1.0,1.5,2.0,1.333333333333333,0.0,3
fc_3,74,0,25986,1.0,1.5,2.0,1.333333333333333,0.0,3
fc_3,75,1,4217,1.0,1.5,2.0,1.333333333333333,0.0,3
fc_3,76,0,62948,1.0,1.5,2.0,1.333333333333333,0.0,3
fc_3,77,0,31818,1.0,1.5,2.0,1.333333333333333,0.0,3
fc_3,78,0,16897,1.0,1.5,2.0,1.333333333333333,0.0,3
fc_3,79,0,85484,1.0,1.5,2.0,1.333333333333333,0.0,3
fc_3,80,0,69902,1.0,1.5,2.0,1.333333333333333,0.0,3
fc_3,81,0,1034,1.0,1.5,2.0,1.333333333333333,0.0,3
fc_3,82,1,41566,1.0,1.5,2.0,1.333333333333333,0.0,3
fc_3,83,0,2537,1.0,1.5,2.0,1.333333333333333,0.0,3
fc_3,84,0,35330,1.0,1.5,2.0,1.333333333333333,0.0,3
fc_3,85,0,4305,1.0,1.5,2.0,1.333333333333333,0.0,3
fc_3,86,0,8776,1.0,1.5,2.0,1.333333333333333,0.0,3
fc_3,87,0,7077,1.0,1.5,2.0,1.333333333333333,0.0,3
fc_3,88,0,7688,1.0,1.5,2.0,1.333333333333333,0.0,3
fc_3,89,1,19457,1.0,1.5,2.0,1.333333333333333,0.0,3
fc_3,90,0,76260,1.0,1.5,2.0,1.333333333333333,0.0,3
fc_3,91,0,3643,1.0,1.5,2.0,1.333333333333333,0.0,3
fc_3,92,0,63588,1.0,1.5,2.0,1.333333333333333,0.0,3
fc_3,93,1,34496,1.0,1.5,2.0,1.333333333333333,0.0,3
fc_3,94,0,4470,1.0,1.5,2.0,1.333333333333333,0.0,3
fc_3,95,0,2674,1.0,1.5,2.0,1.333333333333333,0.0,3
fc_3,96,0,3268,1.0,1.5,2.0,1.333333333333333,0.0,3
fc_3,97,0,4333,1.0,1.5,2.0,1.333333333333333,0.0,3
fc_3,98,0,9489,1.0,1.5,2.0,1.333333333333333,0.0,3
fc_3,99,1,44072,1.0,1.5,2.0,1.333333333333333,0.0,3
fc_5,0,0,38512,1.0,2.5,2.584962500721156,1.1999999999999997,0.0,5
fc_5,1,1,4141,1.0,2.5,2.584962500721156,1.1999999999999997,0.0,5
fc_5,2,0,7560,1.0,2.5,2.584962500721156,1.1999999999999997,0.0,5
fc_5,3,0,46534,1.0,2.5,2.584962500721156,1.1999999999999997,0.0,5
fc_5,4,0,27831,1.0,2.5,2.584962500721156,1.1999999999999997,0.0,5
fc_5,5,1,33277,1.0,2.5,2.584962500721156,1.1999999999999997,0.0,5
fc_5,6,0,60298,1.0,2.5,2.584962500721156,1.1999999999999997,0.0,5
fc_5,7,0,32913,1.0,2.5,2.584962500721156,1.1999999999999997,0.0,5
fc_5,8,0,63642,1.0,2.5,2.584962500721156,1.1999999999999997,0.0,5
fc_5,9,0,5635,1.0,2.5,2.584962500721156,1.1999999999999997,0.0,5
fc_5,10,0,39402,1.0,2.5,2.584962500721156,1.1999999999999997,0.0,5
fc_5,11,1,17204,1.0,2.5,2.584962500721156,1.1999999999999997,0.0,5
fc_5,12,0,3219,1.0,2.5,2.584962500721156,1.1999999999999997,0.0,5
fc_5,13,0,45037,1.0,2.5,2.584962500721156,1.1999999999999997,0.0,5
fc_5,14,1,28639,1.0,2.5,2.584962500721156,1.1999999999999997,0.0,5
fc_5,15,0,3235,1.0,2.5,2.584962500721156,1.1999999999999997,0.0,5
fc_5,16,1,5896,1.0,2.5,2.584962500721156,1.1999999999999997,0.0,5
fc_5,17,0,4281,1.0,2.5,2.584962500721156,1.1999999999999997,0.0,5
fc_5,18,0,21010,1.0,2.5,2.584962500721156,1.1999999999999997,0.0,5
fc_5,19,0,4046,1.0,2.5,2.584962500721156,1.1999999999999997,0.0,5
fc_5,20,0,3930,1.0,2.5,2.584962500721156,1.1999999999999997,0.0,5
fc_5,21,0,6601,1.0,2.5,2.584962500721156,1.1999999999999997,0.0,5
fc_5,22,0,96128,1.0,2.5,2.584962500721156,1.1999999999999997,0.0,5
fc_5,23,0,1726,1.0,2.5,2.584962500721156,1.1999999999999997,0.0,5
fc_5,24,0,128144,1.0,2.5,2.584962500721156,1.1999999999999997,0.0,5
fc_5,25,0,12243,1.0,2.5,2.584962500721156,1.1999999999999997,0.0,5
fc_5,26,1,44913,1.0,2.5,2.584962500721156,1.1999999999999997,0.0,5
fc_5,27,0,22202,1.0,2.5,2.584962500721156,1.1999999999999997,0.0,5
fc_5,28,1,60929,1.0,2.5,2.584962500721156,1.1999999999999997,0.0,5
fc_5,29,0,21216,1.0,2.5,2.584962500721156,1.1999999999999997,0.0,5
fc_5,30,0,8054,1.0,2.5,2.584962500721156,1.1999999999999997,0.0,5
fc_5,31,0,17857,1.0,2.5,2.584962500721156,1.1999999999999997,0.0,5
fc_5,32,0,14673,1.0,2.5,2.584962500721156,1.1999999999999997,0.0,5
fc_5,33,0,4071,1.0,2.5,2.584962500721156,1.1999999999999997,0.0,5
fc_5,34,0,80194,1.0,2.5,2.584962500721156,1.1999999999999997,0.0,5
fc_5,35,0,6645,1.0,2.5,2.584962500721156,1.1999999999999997,0.0,5
fc_5,36,0,2943,1.0,2.5,2.584962500721156,1.1999999999999997,0.0,5
fc_5,37,0,4930,1.0,2.5,2.584962500721156,1.1999999999999997,0.0,5
fc_5,38,0,47254,1.0,2.5,2.584962500721156,1.1999999999999997,0.0,5
fc_5,39,0,9275,1.0,2.5,2.584962500721156,1.1999999999999997,0.0,5
fc_5,40,0,103051,1.0,2.5,2.584962500721156,1.1999999999999997,0.0,5
fc_5,41,0,3628,1.0,2.5,2.584962500721156,1.1999999999999997,0.0,5
fc_5,42,1,34670,1.0,2.5,2.584962500721156,1.1999999999999997,0.0,5
fc_5,43,0,15002,1.0,2.5,2.584962500721156,1.1999999999999997,0.0,5
fc_5,44,0,144709,1.0,2.5,2.584962500721156,1.1999999999999997,0.0,5
fc_5,45,0,159042,1.0,2.5,2.584962500721156,1.1999999999999997,0.0,5
fc_5,46,0,11080,1.0,2.5,2.584962500721156,1.1999999999999997,0.0,5
fc_5,47,0,20585,1.0,2.5,2.584962500721156,1.1999999999999997,0.0,5
fc_5,48,1,4906,1.0,2.5,2.584962500721156,1.1999999999999997,0.0,5
fc_5,49,1,8195,1.0,2.5,2.584962500721156,1.1999999999999997,0.0,5
fc_5,50,0,91452,1.0,2.5,2.584962500721156,1.1999999999999997,0.0,5
fc_5,51,1,49312,1.0,2.5,2.584962500721156,1.1999999999999997,0.0,5
fc_5,52,0,144800,1.0,2.5,2.584962500721156,1.1999999999999997,0.0,5
fc_5,53,0,7988,1.0,2.5,2.584962500721156,1.1999999999999997,0.0,5
fc_5,54,0,18211,1.0,2.5,2.584962500721156,1.1999999999999997,0.0,5
fc_5,55,0,4347,1.0,2.5,2.584962500721156,1.1999999999999997,0.0,5
fc_5,56,0,31500,1.0,2.5,2.584962500721156,1.1999999999999997,0.0,5
fc_5,57,0,7086,1.0,2.5,2.584962500721156,1.1999999999999997,0.0,5
fc_5,58,1,74238,1.0,2.5,2.584962500721156,1.1999999999999997,0.0,5
fc_5,59,1,8942,1.0,2.5,2.584962500721156,1.1999999999999997,0.0,5
fc_5,60,1,44488,1.0,2.5,2.584962500721156,1.1999999999999997,0.0,5
fc_5,61,0,41411,1.0,2.5,2.584962500721156,1.1999999999999997,0.0,5
fc_5,62,0,13302,1.0,2.5,2.584962500721156,1.1999999999999997,0.0,5
fc_5,63,0,27318,1.0,2.5,2.584962500721156,1.1999999999999997,0.0,5
fc_5,64,0,8828,1.0,2.5,2.584962500721156,1.1999999999999997,0.0,5
fc_5,65,0,5790,1.0,2.5,2.584962500721156,1.1999999999999997,0.0,5
fc_5,66,0,4841,1.0,2.5,2.584962500721156,1.1999999999999997,0.0,5
fc_5,67,0,11540,1.0,2.5,2.584962500721156,1.1999999999999997,0.0,5
fc_5,68,0,3035,1.0,2.5,2.584962500721156,1.1999999999999997,0.0,5
fc_5,69,0,6654,1.0,2.5,2.584962500721156,1.1999999999999997,0.0,5
fc_5,70,0,5543,1.0,2.5,2.584962500721156,1.1999999999999997,0.0,5
fc_5,71,0,22874,1.0,2.5,2.584962500721156,1.1999999999999997,0.0,5
fc_5,72,0,12819,1.0,2.5,2.584962500721156,1.1999999999999997,0.0,5
fc_5,73,0,4398,1.0,2.5,2.584962500721156,1.1999999999999997,0.0,5
fc_5,74,0,5015,1.0,2.5,2.584962500721156,1.1999999999999997,0.0,5
fc_5,75,0,18566,1.0,2.5,2.584962500721156,1.1999999999999997,0.0,5
fc_5,76,0,89424,1.0,2.5,2.584962500721156,1.1999999999999997,0.0,5
fc_5,77,0,26651,1.0,2.5,2.584962500721156,1.1999999999999997,0.0,5
fc_5,78,1,26404,1.0,2.5,2.584962500721156,1.1999999999999997,0.0,5
fc_5,79,0,73902,1.0,2.5,2.584962500721156,1.1999999999999997,0.0,5
fc_5,80,0,75415,1.0,2.5,2.584962500721156,1.1999999999999997,0.0,5
fc_5,81,0,3684,1.0,2.5,2.584962500721156,1.1999999999999997,0.0,5
fc_5,82,1,92481,1.0,2.5,2.584962500721156,1.1999999999999997,0.0,5
fc_5,83,0,4356,1.0,2.5,2.584962500721156,1.1999999999999997,0.0,5
fc_5,84,0,62537,1.0,2.5,2.584962500721156,1.1999999999999997,0.0,5
fc_5,85,0,11641,1.0,2.5,2.584962500721156,1.1999999999999997,0.0,5
fc_5,86,0,31563,1.0,2.5,2.584962500721156,1.1999999999999997,0.0,5
fc_5,87,0,11451,1.0,2.5,2.584962500721156,1.1999999999999997,0.0,5
fc_5,88,0,17009,1.0,2.5,2.584962500721156,1.1999999999999997,0.0,5
fc_5,89,1,25747,1.0,2.5,2.584962500721156,1.1999999999999997,0.0,5
fc_5,90,0,92015,1.0,2.5,2.584962500721156,1.1999999999999997,0.0,5
fc_5,91,0,9196,1.0,2.5,2.584962500721156,1.1999999999999997,0.0,5
fc_5,92,0,42495,1.0,2.5,2.584962500721156,1.1999999999999997,0.0,5
fc_5,93,0,17940,1.0,2.5,2.584962500721156,1.1999999999999997,0.0,5
fc_5,94,0,11258,1.0,2.5,2.584962500721156,1.1999999999999997,0.0,5
fc_5,95,0,5495,1.0,2.5,2.584962500721156,1.1999999999999997,0.0,5
fc_5,96,0,13496,1.0,2.5,2.584962500721156,1.1999999999999997,0.0,5
fc_5,97,0,2708,1.0,2.5,2.584962500721156,1.1999999999999997,0.0,5
fc_5,98,0,12819,1.0,2.5,2.584962500721156,1.1999999999999997,0.0,5
fc_5,99,0,111891,1.0,2.5,2.584962500721156,1.1999999999999997,0.0,5
fc_then_sink,0,0,20713,1.1,1.8,2.3082708345352603,1.0,0.0,4
fc_then_sink,1,0,1471,1.1,1.8,2.3082708345352603,1.0,0.0,4
fc_then_sink,2,0,3818,1.1,1.8,2.3082708345352603,1.0,0.0,4
fc_then_sink,3,0,30430,1.1,1.8,2.3082708345352603,1.0,0.0,4
fc_then_sink,4,0,22035,1.1,1.8,2.3082708345352603,1.0,0.0,4
fc_then_sink,5,1,21147,1.1,1.8,2.3082708345352603,1.0,0.0,4
fc_then_sink,6,0,91507,1.1,1.8,2.3082708345352603,1.0,0.0,4
fc_then_sink,7,0,131046,1.1,1.8,2.3082708345352603,1.0,0.0,4
fc_then_sink,8,1,76392,1.1,1.8,2.3082708345352603,1.0,0.0,4
fc_then_sink,9,0,36003,1.1,1.8,2.3082708345352603,1.0,0.0,4
fc_then_sink,10,0,32543,1.1,1.8,2.3082708345352603,1.0,0.0,4
fc_then_sink,11,1,34534,1.1,1.8,2.3082708345352603,1.0,0.0,4
fc_then_sink,12,0,1380,1.1,1.8,2.3082708345352603,1.0,0.0,4
fc_then_sink,13,1,26494,1.1,1.8,2.3082708345352603,1.0,0.0,4
fc_then_sink,14,1,18575,1.1,1.8,2.3082708345352603,1.0,0.0,4
fc_then_sink,15,0,1561,1.1,1.8,2.3082708345352603,1.0,0.0,4
fc_then_sink,16,1,46099,1.1,1.8,2.3082708345352603,1.0,0.0,4
fc_then_sink,17,0,17758,1.1,1.8,2.3082708345352603,1.0,0.0,4
fc_then_sink,18,0,11161,1.1,1.8,2.3082708345352603,1.0,0.0,4
fc_then_sink,19,0,95887,1.1,1.8,2.3082708345352603,1.0,0.0,4
fc_then_sink,20,0,1402,1.1,1.8,2.3082708345352603,1.0,0.0,4
fc_then_sink,21,0,1935,1.1,1.8,2.3082708345352603,1.0,0.0,4
fc_then_sink,22,0,3644,1.1,1.8,2.3082708345352603,1.0,0.0,4
fc_then_sink,23,1,2862,1.1,1.8,2.3082708345352603,1.0,0.0,4
fc_then_sink,24,0,46908,1.1,1.8,2.3082708345352603,1.0,0.0,4
fc_then_sink,25,0,14413,1.1,1.8,2.3082708345352603,1.0,0.0,4
fc_then_sink,26,1,49419,1.1,1.8,2.3082708345352603,1.0,0.0,4
fc_then_sink,27,0,7756,1.1,1.8,2.3082708345352603,1.0,0.0,4
fc_then_sink,28,1,68123,1.1,1.8,2.3082708345352603,1.0,0.0,4
fc_then_sink,29,0,18979,1.1,1.8,2.3082708345352603,1.0,0.0,4
fc_then_sink,30,0,3747,1.1,1.8,2.3082708345352603,1.0,0.0,4
fc_then_sink,31,0,7416,1.1,1.8,2.3082708345352603,1.0,0.0,4
fc_then_sink,32,0,10548,1.1,1.8,2.3082708345352603,1.0,0.0,4
fc_then_sink,33,1,16841,1.1,1.8,2.3082708345352603,1.0,0.0,4
fc_then_sink,34,0,93823,1.1,1.8,2.3082708345352603,1.0,0.0,4
fc_then_sink,35,0,4642,1.1,1.8,2.3082708345352603,1.0,0.0,4
fc_then_sink,36,0,1025,1.1,1.8,2.3082708345352603,1.0,0.0,4
fc_then_sink,37,0,1598,1.1,1.8,2.3082708345352603,1.0,0.0,4
fc_then_sink,38,0,26531,1.1,1.8,2.3082708345352603,1.0,0.0,4
fc_then_sink,39,0,3997,1.1,1.8,2.3082708345352603,1.0,0.0,4
fc_then_sink,40,1,139133,1.1,1.8,2.3082708345352603,1.0,0.0,4
fc_then_sink,41,0,3612,1.1,1.8,2.3082708345352603,1.0,0.0,4
fc_then_sink,42,1,21919,1.1,1.8,2.3082708345352603,1.0,0.0,4
fc_then_sink,43,0,16781,1.1,1.8,2.3082708345352603,1.0,0.0,4
fc_then_sink,44,0,32185,1.1,1.8,2.3082708345352603,1.0,0.0,4
fc_then_sink,45,0,152542,1.1,1.8,2.3082708345352603,1.0,0.0,4
fc_then_sink,46,0,6098,1.1,1.8,2.3082708345352603,1.0,0.0,4
fc_then_sink,47,0,18556,1.1,1.8,2.3082708345352603,1.0,0.0,4
fc_then_sink,48,0,2524,1.1,1.8,2.3082708345352603,1.0,0.0,4
fc_then_sink,49,1,9304,1.1,1.8,2.3082708345352603,1.0,0.0,4
fc_then_sink,50,0,33285,1.1,1.8,2.3082708345352603,1.0,0.0,4
fc_then_sink,51,1,54544,1.1,1.8,2.3082708345352603,1.0,0.0,4
fc_then_sink,52,0,42068,1.1,1.8,2.3082708345352603,1.0,0.0,4
fc_then_sink,53,0,5150,1.1,1.8,2.3082708345352603,1.0,0.0,4
fc_then_sink,54,0,11134,1.1,1.8,2.3082708345352603,1.0,0.0,4
fc_then_sink,55,0,2722,1.1,1.8,2.3082708345352603,1.0,0.0,4
fc_then_sink,56,0,4816,1.1,1.8,2.3082708345352603,1.0,0.0,4
fc_then_sink,57,0,3032,1.1,1.8,2.3082708345352603,1.0,0.0,4
fc_then_sink,58,1,34597,1.1,1.8,2.3082708345352603,1.0,0.0,4
fc_then_sink,59,0,3011,1.1,1.8,2.3082708345352603,1.0,0.0,4
fc_then_sink,60,1,47768,1.1,1.8,2.3082708345352603,1.0,0.0,4
fc_then_sink,61,0,7748,1.1,1.8,2.3082708345352603,1.0,0.0,4
fc_then_sink,62,0,11569,1.1,1.8,2.3082708345352603,1.0,0.0,4
fc_then_sink,63,0,26882,1.1,1.8,2.3082708345352603,1.0,0.0,4
fc_then_sink,64,0,3936,1.1,1.8,2.3082708345352603,1.0,0.0,4
fc_then_sink,65,0,4217,1.1,1.8,2.3082708345352603,1.0,0.0,4
fc_then_sink,66,0,7023,1.1,1.8,2.3082708345352603,1.0,0.0,4
fc_then_sink,67,0,35102,1.1,1.8,2.3082708345352603,1.0,0.0,4
fc_then_sink,68,1,1158,1.1,1.8,2.3082708345352603,1.0,0.0,4
fc_then_sink,69,0,6170,1.1,1.8,2.3082708345352603,1.0,0.0,4
fc_then_sink,70,1,6663,1.1,1.8,2.3082708345352603,1.0,0.0,4
fc_then_sink,71,0,2680,1.1,1.8,2.3082708345352603,1.0,0.0,4
fc_then_sink,72,0,3215,1.1,1.8,2.3082708345352603,1.0,0.0,4
fc_then_sink,73,0,1234,1.1,1.8,2.3082708345352603,1.0,0.0,4
fc_then_sink,74,0,1517,1.1,1.8,2.3082708345352603,1.0,0.0,4
fc_then_sink,75,1,13814,1.1,1.8,2.3082708345352603,1.0,0.0,4
fc_then_sink,76,0,3994,1.1,1.8,2.3082708345352603,1.0,0.0,4
fc_then_sink,77,0,6755,1.1,1.8,2.3082708345352603,1.0,0.0,4
fc_then_sink,78,1,36253,1.1,1.8,2.3082708345352603,1.0,0.0,4
fc_then_sink,79,0,5214,1.1,1.8,2.3082708345352603,1.0,0.0,4
fc_then_sink,80,0,6307,1.1,1.8,2.3082708345352603,1.0,0.0,4
fc_then_sink,81,0,4008,1.1,1.8,2.3082708345352603,1.0,0.0,4
fc_then_sink,82,0,11282,1.1,1.8,2.3082708345352603,1.0,0.0,4
fc_then_sink,83,0,2099,1.1,1.8,2.3082708345352603,1.0,0.0,4
fc_then_sink,84,0,42963,1.1,1.8,2.3082708345352603,1.0,0.0,4
fc_then_sink,85,0,7528,1.1,1.8,2.3082708345352603,1.0,0.0,4
fc_then_sink,86,0,19597,1.1,1.8,2.3082708345352603,1.0,0.0,4
fc_then_sink,87,0,9754,1.1,1.8,2.3082708345352603,1.0,0.0,4
fc_then_sink,88,0,11091,1.1,1.8,2.3082708345352603,1.0,0.0,4
fc_then_sink,89,1,38568,1.1,1.8,2.3082708345352603,1.0,0.0,4
fc_then_sink,90,0,84185,1.1,1.8,2.3082708345352603,1.0,0.0,4
fc_then_sink,91,0,20290,1.1,1.8,2.3082708345352603,1.0,0.0,4
fc_then_sink,92,0,67938,1.1,1.8,2.3082708345352603,1.0,0.0,4
fc_then_sink,93,1,33194,1.1,1.8,2.3082708345352603,1.0,0.0,4
fc_then_sink,94,0,1748,1.1,1.8,2.3082708345352603,1.0,0.0,4
fc_then_sink,95,0,3868,1.1,1.8,2.3082708345352603,1.0,0.0,4
fc_then_sink,96,0,2618,1.1,1.8,2.3082708345352603,1.0,0.0,4
fc_then_sink,97,0,2395,1.1,1.8,2.3082708345352603,1.0,0.0,4
fc_then_sink,98,0,4159,1.1,1.8,2.3082708345352603,1.0,0.0,4
fc_then_sink,99,1,48378,1.1,1.8,2.3082708345352603,1.0,0.0,4
hierarchical_3,0,0,49623,1.6,1.1666666666666667,2.467720100474499,0.6464466094067263,0.0,5
hierarchical_3,1,0,3214,1.6,1.1666666666666667,2.467720100474499,0.6464466094067263,0.0,5
hierarchical_3,2,0,12474,1.6,1.1666666666666667,2.467720100474499,0.6464466094067263,0.0,5
hierarchical_3,3,0,40164,1.6,1.1666666666666667,2.467720100474499,0.6464466094067263,0.0,5
hierarchical_3,4,0,87858,1.6,1.1666666666666667,2.467720100474499,0.6464466094067263,0.0,5
hierarchical_3,5,1,46574,1.6,1.1666666666666667,2.467720100474499,0.6464466094067263,0.0,5
hierarchical_3,6,0,193705,1.6,1.1666666666666667,2.467720100474499,0.6464466094067263,0.0,5
hierarchical_3,7,0,100119,1.6,1.1666666666666667,2.467720100474499,0.6464466094067263,0.0,5
hierarchical_3,8,0,49655,1.6,1.1666666666666667,2.467720100474499,0.6464466094067263,0.0,5
hierarchical_3,9,0,8974,1.6,1.1666666666666667,2.467720100474499,0.6464466094067263,0.0,5
hierarchical_3,10,1,68600,1.6,1.1666666666666667,2.467720100474499,0.6464466094067263,0.0,5
hierarchical_3,11,1,4913,1.6,1.1666666666666667,2.467720100474499,0.6464466094067263,0.0,5
hierarchical_3,12,0,2498,1.6,1.1666666666666667,2.467720100474499,0.6464466094067263,0.0,5
hierarchical_3,13,1,32490,1.6,1.1666666666666667,2.467720100474499,0.6464466094067263,0.0,5
hierarchical_3,14,1,10091,1.6,1.1666666666666667,2.467720100474499,0.6464466094067263,0.0,5
hierarchical_3,15,0,4030,1.6,1.1666666666666667,2.467720100474499,0.6464466094067263,0.0,5
hierarchical_3,16,0,8259,1.6,1.1666666666666667,2.467720100474499,0.6464466094067263,0.0,5
hierarchical_3,17,0,17925,1.6,1.1666666666666667,2.467720100474499,0.6464466094067263,0.0,5
hierarchical_3,18,0,21098,1.6,1.1666666666666667,2.467720100474499,0.6464466094067263,0.0,5
hierarchical_3,19,0,7397,1.6,1.1666666666666667,2.467720100474499,0.6464466094067263,0.0,5
hierarchical_3,20,0,2779,1.6,1.1666666666666667,2.467720100474499,0.6464466094067263,0.0,5
hierarchical_3,21,0,3531,1.6,1.1666666666666667,2.467720100474499,0.6464466094067263,0.0,5
hierarchical_3,22,0,25848,1.6,1.1666666666666667,2.467720100474499,0.6464466094067263,0.0,5
hierarchical_3,23,1,2244,1.6,1.1666666666666667,2.467720100474499,0.6464466094067263,0.0,5
hierarchical_3,24,0,91240,1.6,1.1666666666666667,2.467720100474499,0.6464466094067263,0.0,5
hierarchical_3,25,0,16413,1.6,1.1666666666666667,2.467720100474499,0.6464466094067263,0.0,5
hierarchical_3,26,0,36489,1.6,1.1666666666666667,2.467720100474499,0.6464466094067263,0.0,5
hierarchical_3,27,0,13662,1.6,1.1666666666666667,2.467720100474499,0.6464466094067263,0.0,5
hierarchical_3,28,1,41249,1.6,1.1666666666666667,2.467720100474499,0.6464466094067263,0.0,5
hierarchical_3,29,0,29365,1.6,1.1666666666666667,2.467720100474499,0.6464466094067263,0.0,5
hierarchical_3,30,0,17680,1.6,1.1666666666666667,2.467720100474499,0.6464466094067263,0.0,5
hierarchical_3,31,0,42698,1.6,1.1666666666666667,2.467720100474499,0.6464466094067263,0.0,5
hierarchical_3,32,0,10566,1.6,1.1666666666666667,2.467720100474499,0.6464466094067263,0.0,5
hierarchical_3,33,1,23572,1.6,1.1666666666666667,2.467720100474499,0.6464466094067263,0.0,5
hierarchical_3,34,0,25145,1.6,1.1666666666666667,2.467720100474499,0.6464466094067263,0.0,5
hierarchical_3,35,0,5920,1.6,1.1666666666666667,2.467720100474499,0.6464466094067263,0.0,5
hierarchical_3,36,0,12190,1.6,1.1666666666666667,2.467720100474499,0.6464466094067263,0.0,5
hierarchical_3,37,1,5490,1.6,1.1666666666666667,2.467720100474499,0.6464466094067263,0.0,5
hierarchical_3,38,0,46207,1.6,1.1666666666666667,2.467720100474499,0.6464466094067263,0.0,5
hierarchical_3,39,0,6144,1.6,1.1666666666666667,2.467720100474499,0.6464466094067263,0.0,5
hierarchical_3,40,0,92192,1.6,1.1666666666666667,2.467720100474499,0.6464466094067263,0.0,5
hierarchical_3,41,0,7039,1.6,1.1666666666666667,2.467720100474499,0.6464466094067263,0.0,5
hierarchical_3,42,1,21462,1.6,1.1666666666666667,2.467720100474499,0.6464466094067263,0.0,5
hierarchical_3,43,0,10080,1.6,1.1666666666666667,2.467720100474499,0.6464466094067263,0.0,5
hierarchical_3,44,0,62906,1.6,1.1666666666666667,2.467720100474499,0.6464466094067263,0.0,5
hierarchical_3,45,0,57560,1.6,1.1666666666666667,2.467720100474499,0.6464466094067263,0.0,5
hierarchical_3,46,0,9086,1.6,1.1666666666666667,2.467720100474499,0.6464466094067263,0.0,5
hierarchical_3,47,0,31818,1.6,1.1666666666666667,2.467720100474499,0.6464466094067263,0.0,5
hierarchical_3,48,0,2507,1.6,1.1666666666666667,2.467720100474499,0.6464466094067263,0.0,5
hierarchical_3,49,1,10426,1.6,1.1666666666666667,2.467720100474499,0.6464466094067263,0.0,5
hierarchical_3,50,0,90098,1.6,1.1666666666666667,2.467720100474499,0.6464466094067263,0.0,5
hierarchical_3,51,1,60380,1.6,1.1666666666666667,2.467720100474499,0.6464466094067263,0.0,5
hierarchical_3,52,0,282182,1.6,1.1666666666666667,2.467720100474499,0.6464466094067263,0.0,5
hierarchical_3,53,0,7056,1.6,1.1666666666666667,2.467720100474499,0.6464466094067263,0.0,5
hierarchical_3,54,0,25838,1.6,1.1666666666666667,2.467720100474499,0.6464466094067263,0.0,5
hierarchical_3,55,0,5208,1.6,1.1666666666666667,2.467720100474499,0.6464466094067263,0.0,5
hierarchical_3,56,0,4792,1.6,1.1666666666666667,2.467720100474499,0.6464466094067263,0.0,5
hierarchical_3,57,0,3243,1.6,1.1666666666666667,2.467720100474499,0.6464466094067263,0.0,5
hierarchical_3,58,1,65116,1.6,1.1666666666666667,2.467720100474499,0.6464466094067263,0.0,5
hierarchical_3,59,1,8745,1.6,1.1666666666666667,2.467720100474499,0.6464466094067263,0.0,5
hierarchical_3,60,0,44449,1.6,1.1666666666666667,2.467720100474499,0.6464466094067263,0.0,5
hierarchical_3,61,0,11208,1.6,1.1666666666666667,2.467720100474499,0.6464466094067263,0.0,5
hierarchical_3,62,0,4833,1.6,1.1666666666666667,2.467720100474499,0.6464466094067263,0.0,5
hierarchical_3,63,0,8633,1.6,1.1666666666666667,2.467720100474499,0.6464466094067263,0.0,5
hierarchical_3,64,0,6443,1.6,1.1666666666666667,2.467720100474499,0.6464466094067263,0.0,5
hierarchical_3,65,0,2382,1.6,1.1666666666666667,2.467720100474499,0.6464466094067263,0.0,5
hierarchical_3,66,0,17771,1.6,1.1666666666666667,2.467720100474499,0.6464466094067263,0.0,5
hierarchical_3,67,0,20859,1.6,1.1666666666666667,2.467720100474499,0.6464466094067263,0.0,5
hierarchical_3,68,1,1277,1.6,1.1666666666666667,2.467720100474499,0.6464466094067263,0.0,5
hierarchical_3,69,0,1235,1.6,1.1666666666666667,2.467720100474499,0.6464466094067263,0.0,5
hierarchical_3,70,0,3892,1.6,1.1666666666666667,2.467720100474499,0.6464466094067263,0.0,5
hierarchical_3,71,0,10405,1.6,1.1666666666666667,2.467720100474499,0.6464466094067263,0.0,5
hierarchical_3,72,0,3865,1.6,1.1666666666666667,2.467720100474499,0.6464466094067263,0.0,5
hierarchical_3,73,0,5412,1.6,1.1666666666666667,2.467720100474499,0.6464466094067263,0.0,5
hierarchical_3,74,0,1951,1.6,1.1666666666666667,2.467720100474499,0.6464466094067263,0.0,5
hierarchical_3,75,1,5330,1.6,1.1666666666666667,2.467720100474499,0.6464466094067263,0.0,5
hierarchical_3,76,0,31131,1.6,1.1666666666666667,2.467720100474499,0.6464466094067263,0.0,5
hierarchical_3,77,0,43305,1.6,1.1666666666666667,2.467720100474499,0.6464466094067263,0.0,5
hierarchical_3,78,0,16306,1.6,1.1666666666666667,2.467720100474499,0.6464466094067263,0.0,5
hierarchical_3,79,1,9365,1.6,1.1666666666666667,2.467720100474499,0.6464466094067263,0.0,5
hierarchical_3,80,0,58754,1.6,1.1666666666666667,2.467720100474499,0.6464466094067263,0.0,5
hierarchical_3,81,0,3235,1.6,1.1666666666666667,2.467720100474499,0.6464466094067263,0.0,5
hierarchical_3,82,1,65968,1.6,1.1666666666666667,2.467720100474499,0.6464466094067263,0.0,5
hierarchical_3,83,0,4049,1.6,1.1666666666666667,2.467720100474499,0.6464466094067263,0.0,5
hierarchical_3,84,0,40913,1.6,1.1666666666666667,2.467720100474499,0.6464466094067263,0.0,5
hierarchical_3,85,0,10514,1.6,1.1666666666666667,2.467720100474499,0.6464466094067263,0.0,5
hierarchical_3,86,0,38476,1.6,1.1666666666666667,2.467720100474499,0.6464466094067263,0.0,5
hierarchical_3,87,0,10009,1.6,1.1666666666666667,2.467720100474499,0.6464466094067263,0.0,5
hierarchical_3,88,0,11123,1.6,1.1666666666666667,2.467720100474499,0.6464466094067263,0.0,5
hierarchical_3,89,1,102935,1.6,1.1666666666666667,2.467720100474499,0.6464466094067263,0.0,5
hierarchical_3,90,0,103252,1.6,1.1666666666666667,2.467720100474499,0.6464466094067263,0.0,5
hierarchical_3,91,0,19645,1.6,1.1666666666666667,2.467720100474499,0.6464466094067263,0.0,5
hierarchical_3,92,0,69293,1.6,1.1666666666666667,2.467720100474499,0.6464466094067263,0.0,5
hierarchical_3,93,0,27499,1.6,1.1666666666666667,2.467720100474499,0.6464466094067263,0.0,5
hierarchical_3,94,0,7898,1.6,1.1666666666666667,2.467720100474499,0.6464466094067263,0.0,5
hierarchical_3,95,0,4320,1.6,1.1666666666666667,2.467720100474499,0.6464466094067263,0.0,5
hierarchical_3,96,0,4835,1.6,1.1666666666666667,2.467720100474499,0.6464466094067263,0.0,5
hierarchical_3,97,0,4249,1.6,1.1666666666666667,2.467720100474499,0.6464466094067263,0.0,5
hierarchical_3,98,0,8291,1.6,1.1666666666666667,2.467720100474499,0.6464466094067263,0.0,5
hierarchical_3,99,1,68132,1.6,1.1666666666666667,2.467720100474499,0.6464466094067263,0.0,5
hierarchical_5,0,0,14499,1.6428571428571428,1.375,2.7721854605116727,0.7113248654051872,0.0,7
hierarchical_5,1,1,3019,1.6428571428571428,1.375,2.7721854605116727,0.7113248654051872,0.0,7
hierarchical_5,2,0,20457,1.6428571428571428,1.375,2.7721854605116727,0.7113248654051872,0.0,7
hierarchical_5,3,0,18497,1.6428571428571428,1.375,2.7721854605116727,0.7113248654051872,0.0,7
hierarchical_5,4,0,36386,1.6428571428571428,1.375,2.7721854605116727,0.7113248654051872,0.0,7
hierarchical_5,5,0,60658,1.6428571428571428,1.375,2.7721854605116727,0.7113248654051872,0.0,7
hierarchical_5,6,0,128878,1.6428571428571428,1.375,2.7721854605116727,0.7113248654051872,0.0,7
hierarchical_5,7,0,149320,1.6428571428571428,1.375,2.7721854605116727,0.7113248654051872,0.0,7
hierarchical_5,8,0,169669,1.6428571428571428,1.375,2.7721854605116727,0.7113248654051872,0.0,7
hierarchical_5,9,0,14464,1.6428571428571428,1.375,2.7721854605116727,0.7113248654051872,0.0,7
hierarchical_5,10,0,108572,1.6428571428571428,1.375,2.7721854605116727,0.7113248654051872,0.0,7
hierarchical_5,11,0,38436,1.6428571428571428,1.375,2.7721854605116727,0.7113248654051872,0.0,7
hierarchical_5,12,0,2354,1.6428571428571428,1.375,2.7721854605116727,0.7113248654051872,0.0,7
hierarchical_5,13,1,17550,1.6428571428571428,1.375,2.7721854605116727,0.7113248654051872,0.0,7
hierarchical_5,14,0,12865,1.6428571428571428,1.375,2.7721854605116727,0.7113248654051872,0.0,7
hierarchical_5,15,0,5894,1.6428571428571428,1.375,2.7721854605116727,0.7113248654051872,0.0,7
hierarchical_5,16,0,30700,1.6428571428571428,1.375,2.7721854605116727,0.7113248654051872,0.0,7
hierarchical_5,17,0,18159,1.6428571428571428,1.375,2.7721854605116727,0.7113248654051872,0.0,7
hierarchical_5,18,0,41622,1.6428571428571428,1.375,2.7721854605116727,0.7113248654051872,0.0,7
hierarchical_5,19,0,83475,1.6428571428571428,1.375,2.7721854605116727,0.7113248654051872,0.0,7
hierarchical_5,20,0,4938,1.6428571428571428,1.375,2.7721854605116727,0.7113248654051872,0.0,7
hierarchical_5,21,0,12469,1.6428571428571428,1.375,2.7721854605116727,0.7113248654051872,0.0,7
hierarchical_5,22,0,107846,1.6428571428571428,1.375,2.7721854605116727,0.7113248654051872,0.0,7
hierarchical_5,23,1,4772,1.6428571428571428,1.375,2.7721854605116727,0.7113248654051872,0.0,7
hierarchical_5,24,0,22141,1.6428571428571428,1.375,2.7721854605116727,0.7113248654051872,0.0,7
hierarchical_5,25,0,23995,1.6428571428571428,1.375,2.7721854605116727,0.7113248654051872,0.0,7
hierarchical_5,26,0,56601,1.6428571428571428,1.375,2.7721854605116727,0.7113248654051872,0.0,7
hierarchical_5,27,0,12445,1.6428571428571428,1.375,2.7721854605116727,0.7113248654051872,0.0,7
hierarchical_5,28,0,31599,1.6428571428571428,1.375,2.7721854605116727,0.7113248654051872,0.0,7
hierarchical_5,29,0,15459,1.6428571428571428,1.375,2.7721854605116727,0.7113248654051872,0.0,7
hierarchical_5,30,0,11610,1.6428571428571428,1.375,2.7721854605116727,0.7113248654051872,0.0,7
hierarchical_5,31,0,33822,1.6428571428571428,1.375,2.7721854605116727,0.7113248654051872,0.0,7
hierarchical_5,32,0,13388,1.6428571428571428,1.375,2.7721854605116727,0.7113248654051872,0.0,7
hierarchical_5,33,1,19640,1.6428571428571428,1.375,2.7721854605116727,0.7113248654051872,0.0,7
hierarchical_5,34,0,71947,1.6428571428571428,1.375,2.7721854605116727,0.7113248654051872,0.0,7
hierarchical_5,35,0,6196,1.6428571428571428,1.375,2.7721854605116727,0.7113248654051872,0.0,7
hierarchical_5,36,0,8330,1.6428571428571428,1.375,2.7721854605116727,0.7113248654051872,0.0,7
hierarchical_5,37,0,6181,1.6428571428571428,1.375,2.7721854605116727,0.7113248654051872,0.0,7
hierarchical_5,38,0,36751,1.6428571428571428,1.375,2.7721854605116727,0.7113248654051872,0.0,7
hierarchical_5,39,0,17865,1.6428571428571428,1.375,2.7721854605116727,0.7113248654051872,0.0,7
hierarchical_5,40,0,53953,1.6428571428571428,1.375,2.7721854605116727,0.7113248654051872,0.0,7
hierarchical_5,41,0,11536,1.6428571428571428,1.375,2.7721854605116727,0.7113248654051872,0.0,7
hierarchical_5,42,0,30645,1.6428571428571428,1.375,2.7721854605116727,0.7113248654051872,0.0,7
hierarchical_5,43,0,41188,1.6428571428571428,1.375,2.7721854605116727,0.7113248654051872,0.0,7
hierarchical_5,44,0,184970,1.6428571428571428,1.375,2.7721854605116727,0.7113248654051872,0.0,7
hierarchical_5,45,0,192167,1.6428571428571428,1.375,2.7721854605116727,0.7113248654051872,0.0,7
hierarchical_5,46,0,5338,1.6428571428571428,1.375,2.7721854605116727,0.7113248654051872,0.0,7
hierarchical_5,47,0,24821,1.6428571428571428,1.375,2.7721854605116727,0.7113248654051872,0.0,7
hierarchical_5,48,0,3637,1.6428571428571428,1.375,2.7721854605116727,0.7113248654051872,0.0,7
hierarchical_5,49,1,13202,1.6428571428571428,1.375,2.7721854605116727,0.7113248654051872,0.0,7
hierarchical_5,50,0,66890,1.6428571428571428,1.375,2.7721854605116727,0.7113248654051872,0.0,7
hierarchical_5,51,1,73650,1.6428571428571428,1.375,2.7721854605116727,0.7113248654051872,0.0,7
hierarchical_5,52,0,196150,1.6428571428571428,1.375,2.7721854605116727,0.7113248654051872,0.0,7
hierarchical_5,53,0,9831,1.6428571428571428,1.375,2.7721854605116727,0.7113248654051872,0.0,7
hierarchical_5,54,0,56774,1.6428571428571428,1.375,2.7721854605116727,0.7113248654051872,0.0,7
hierarchical_5,55,0,6113,1.6428571428571428,1.375,2.7721854605116727,0.7113248654051872,0.0,7
hierarchical_5,56,0,14699,1.6428571428571428,1.375,2.7721854605116727,0.7113248654051872,0.0,7
hierarchical_5,57,1,13756,1.6428571428571428,1.375,2.7721854605116727,0.7113248654051872,0.0,7
hierarchical_5,58,1,135832,1.6428571428571428,1.375,2.7721854605116727,0.7113248654051872,0.0,7
hierarchical_5,59,0,13037,1.6428571428571428,1.375,2.7721854605116727,0.7113248654051872,0.0,7
hierarchical_5,60,1,15340,1.6428571428571428,1.375,2.7721854605116727,0.7113248654051872,0.0,7
hierarchical_5,61,0,5316,1.6428571428571428,1.375,2.7721854605116727,0.7113248654051872,0.0,7
hierarchical_5,62,0,20468,1.6428571428571428,1.375,2.7721854605116727,0.7113248654051872,0.0,7
hierarchical_5,63,0,138319,1.6428571428571428,1.375,2.7721854605116727,0.7113248654051872,0.0,7
hierarchical_5,64,0,3799,1.6428571428571428,1.375,2.7721854605116727,0.7113248654051872,0.0,7
hierarchical_5,65,0,24001,1.6428571428571428,1.375,2.7721854605116727,0.7113248654051872,0.0,7
hierarchical_5,66,0,33890,1.6428571428571428,1.375,2.7721854605116727,0.7113248654051872,0.0,7
hierarchical_5,67,0,33174,1.6428571428571428,1.375,2.7721854605116727,0.7113248654051872,0.0,7
hierarchical_5,68,1,2635,1.6428571428571428,1.375,2.7721854605116727,0.7113248654051872,0.0,7
hierarchical_5,69,0,3913,1.6428571428571428,1.375,2.7721854605116727,0.7113248654051872,0.0,7
hierarchical_5,70,0,5322,1.6428571428571428,1.375,2.7721854605116727,0.7113248654051872,0.0,7
hierarchical_5,71,0,10140,1.6428571428571428,1.375,2.7721854605116727,0.7113248654051872,0.0,7
hierarchical_5,72,0,4351,1.6428571428571428,1.375,2.7721854605116727,0.7113248654051872,0.0,7
hierarchical_5,73,0,13897,1.6428571428571428,1.375,2.7721854605116727,0.7113248654051872,0.0,7
hierarchical_5,74,0,2738,1.6428571428571428,1.375,2.7721854605116727,0.7113248654051872,0.0,7
hierarchical_5,75,1,14081,1.6428571428571428,1.375,2.7721854605116727,0.7113248654051872,0.0,7
hierarchical_5,76,0,54294,1.6428571428571428,1.375,2.7721854605116727,0.7113248654051872,0.0,7
hierarchical_5,77,0,20146,1.6428571428571428,1.375,2.7721854605116727,0.7113248654051872,0.0,7
hierarchical_5,78,1,84264,1.6428571428571428,1.375,2.7721854605116727,0.7113248654051872,0.0,7
hierarchical_5,79,0,139765,1.6428571428571428,1.375,2.7721854605116727,0.7113248654051872,0.0,7
hierarchical_5,80,0,112725,1.6428571428571428,1.375,2.7721854605116727,0.7113248654051872,0.0,7
hierarchical_5,81,1,6166,1.6428571428571428,1.375,2.7721854605116727,0.7113248654051872,0.0,7
hierarchical_5,82,1,67557,1.6428571428571428,1.375,2.7721854605116727,0.7113248654051872,0.0,7
hierarchical_5,83,0,6174,1.6428571428571428,1.375,2.7721854605116727,0.7113248654051872,0.0,7
hierarchical_5,84,0,51167,1.6428571428571428,1.375,2.7721854605116727,0.7113248654051872,0.0,7
hierarchical_5,85,0,22542,1.6428571428571428,1.375,2.7721854605116727,0.7113248654051872,0.0,7
hierarchical_5,86,0,9214,1.6428571428571428,1.375,2.7721854605116727,0.7113248654051872,0.0,7
hierarchical_5,87,0,22311,1.6428571428571428,1.375,2.7721854605116727,0.7113248654051872,0.0,7
hierarchical_5,88,0,16593,1.6428571428571428,1.375,2.7721854605116727,0.7113248654051872,0.0,7
hierarchical_5,89,1,99173,1.6428571428571428,1.375,2.7721854605116727,0.7113248654051872,0.0,7
hierarchical_5,90,0,312224,1.6428571428571428,1.375,2.7721854605116727,0.7113248654051872,0.0,7
hierarchical_5,91,0,16219,1.6428571428571428,1.375,2.7721854605116727,0.7113248654051872,0.0,7
hierarchical_5,92,0,125366,1.6428571428571428,1.375,2.7721854605116727,0.7113248654051872,0.0,7
hierarchical_5,93,1,99166,1.6428571428571428,1.375,2.7721854605116727,0.7113248654051872,0.0,7
hierarchical_5,94,0,11248,1.6428571428571428,1.375,2.7721854605116727,0.7113248654051872,0.0,7
hierarchical_5,95,0,6619,1.6428571428571428,1.375,2.7721854605116727,0.7113248654051872,0.0,7
hierarchical_5,96,0,12016,1.6428571428571428,1.375,2.7721854605116727,0.7113248654051872,0.0,7
hierarchical_5,97,0,5297,1.6428571428571428,1.375,2.7721854605116727,0.7113248654051872,0.0,7
hierarchical_5,98,0,10237,1.6428571428571428,1.375,2.7721854605116727,0.7113248654051872,0.0,7
hierarchical_5,99,1,183364,1.6428571428571428,1.375,2.7721854605116727,0.7113248654051872,0.0,7
pipeline_with_critic,0,0,0,1.3333333333333333,1.0,1.9056390622295665,0.771286446121831,0.0,3
pipeline_with_critic,1,0,0,1.3333333333333333,1.0,1.9056390622295665,0.771286446121831,0.0,3
pipeline_with_critic,2,0,0,1.3333333333333333,1.0,1.9056390622295665,0.771286446121831,0.0,3
pipeline_with_critic,3,0,0,1.3333333333333333,1.0,1.9056390622295665,0.771286446121831,0.0,3
pipeline_with_critic,4,0,0,1.3333333333333333,1.0,1.9056390622295665,0.771286446121831,0.0,3
pipeline_with_critic,5,0,0,1.3333333333333333,1.0,1.9056390622295665,0.771286446121831,0.0,3
pipeline_with_critic,6,0,0,1.3333333333333333,1.0,1.9056390622295665,0.771286446121831,0.0,3
pipeline_with_critic,7,0,0,1.3333333333333333,1.0,1.9056390622295665,0.771286446121831,0.0,3
pipeline_with_critic,8,0,0,1.3333333333333333,1.0,1.9056390622295665,0.771286446121831,0.0,3
pipeline_with_critic,9,0,1552,1.3333333333333333,1.0,1.9056390622295665,0.771286446121831,0.0,3
pipeline_with_critic,10,0,1559,1.3333333333333333,1.0,1.9056390622295665,0.771286446121831,0.0,3
pipeline_with_critic,11,0,33908,1.3333333333333333,1.0,1.9056390622295665,0.771286446121831,0.0,3
pipeline_with_critic,12,0,1913,1.3333333333333333,1.0,1.9056390622295665,0.771286446121831,0.0,3
pipeline_with_critic,13,1,10320,1.3333333333333333,1.0,1.9056390622295665,0.771286446121831,0.0,3
pipeline_with_critic,14,1,31662,1.3333333333333333,1.0,1.9056390622295665,0.771286446121831,0.0,3
pipeline_with_critic,15,0,2910,1.3333333333333333,1.0,1.9056390622295665,0.771286446121831,0.0,3
pipeline_with_critic,16,0,3607,1.3333333333333333,1.0,1.9056390622295665,0.771286446121831,0.0,3
pipeline_with_critic,17,0,23016,1.3333333333333333,1.0,1.9056390622295665,0.771286446121831,0.0,3
pipeline_with_critic,18,0,11880,1.3333333333333333,1.0,1.9056390622295665,0.771286446121831,0.0,3
pipeline_with_critic,19,0,29129,1.3333333333333333,1.0,1.9056390622295665,0.771286446121831,0.0,3
pipeline_with_critic,20,0,1664,1.3333333333333333,1.0,1.9056390622295665,0.771286446121831,0.0,3
pipeline_with_critic,21,0,4736,1.3333333333333333,1.0,1.9056390622295665,0.771286446121831,0.0,3
pipeline_with_critic,22,0,30193,1.3333333333333333,1.0,1.9056390622295665,0.771286446121831,0.0,3
pipeline_with_critic,23,0,1247,1.3333333333333333,1.0,1.9056390622295665,0.771286446121831,0.0,3
pipeline_with_critic,24,0,84926,1.3333333333333333,1.0,1.9056390622295665,0.771286446121831,0.0,3
pipeline_with_critic,25,0,7330,1.3333333333333333,1.0,1.9056390622295665,0.771286446121831,0.0,3
pipeline_with_critic,26,1,103491,1.3333333333333333,1.0,1.9056390622295665,0.771286446121831,0.0,3
pipeline_with_critic,27,0,16321,1.3333333333333333,1.0,1.9056390622295665,0.771286446121831,0.0,3
pipeline_with_critic,28,0,35665,1.3333333333333333,1.0,1.9056390622295665,0.771286446121831,0.0,3
pipeline_with_critic,29,0,22422,1.3333333333333333,1.0,1.9056390622295665,0.771286446121831,0.0,3
pipeline_with_critic,30,0,5624,1.3333333333333333,1.0,1.9056390622295665,0.771286446121831,0.0,3
pipeline_with_critic,31,0,26095,1.3333333333333333,1.0,1.9056390622295665,0.771286446121831,0.0,3
pipeline_with_critic,32,0,21042,1.3333333333333333,1.0,1.9056390622295665,0.771286446121831,0.0,3
pipeline_with_critic,33,1,15127,1.3333333333333333,1.0,1.9056390622295665,0.771286446121831,0.0,3
pipeline_with_critic,34,0,35207,1.3333333333333333,1.0,1.9056390622295665,0.771286446121831,0.0,3
pipeline_with_critic,35,0,3360,1.3333333333333333,1.0,1.9056390622295665,0.771286446121831,0.0,3
pipeline_with_critic,36,0,5678,1.3333333333333333,1.0,1.9056390622295665,0.771286446121831,0.0,3
pipeline_with_critic,37,0,4147,1.3333333333333333,1.0,1.9056390622295665,0.771286446121831,0.0,3
pipeline_with_critic,38,0,31933,1.3333333333333333,1.0,1.9056390622295665,0.771286446121831,0.0,3
pipeline_with_critic,39,0,9030,1.3333333333333333,1.0,1.9056390622295665,0.771286446121831,0.0,3
pipeline_with_critic,40,0,41594,1.3333333333333333,1.0,1.9056390622295665,0.771286446121831,0.0,3
pipeline_with_critic,41,0,5674,1.3333333333333333,1.0,1.9056390622295665,0.771286446121831,0.0,3
pipeline_with_critic,42,0,3619,1.3333333333333333,1.0,1.9056390622295665,0.771286446121831,0.0,3
pipeline_with_critic,43,1,18628,1.3333333333333333,1.0,1.9056390622295665,0.771286446121831,0.0,3
pipeline_with_critic,44,0,57253,1.3333333333333333,1.0,1.9056390622295665,0.771286446121831,0.0,3
pipeline_with_critic,45,0,92547,1.3333333333333333,1.0,1.9056390622295665,0.771286446121831,0.0,3
pipeline_with_critic,46,0,3828,1.3333333333333333,1.0,1.9056390622295665,0.771286446121831,0.0,3
pipeline_with_critic,47,0,42525,1.3333333333333333,1.0,1.9056390622295665,0.771286446121831,0.0,3
pipeline_with_critic,48,0,1407,1.3333333333333333,1.0,1.9056390622295665,0.771286446121831,0.0,3
pipeline_with_critic,49,1,6726,1.3333333333333333,1.0,1.9056390622295665,0.771286446121831,0.0,3
pipeline_with_critic,50,0,68844,1.3333333333333333,1.0,1.9056390622295665,0.771286446121831,0.0,3
pipeline_with_critic,51,1,50593,1.3333333333333333,1.0,1.9056390622295665,0.771286446121831,0.0,3
pipeline_with_critic,52,0,90009,1.3333333333333333,1.0,1.9056390622295665,0.771286446121831,0.0,3
pipeline_with_critic,53,0,10400,1.3333333333333333,1.0,1.9056390622295665,0.771286446121831,0.0,3
pipeline_with_critic,54,0,1959,1.3333333333333333,1.0,1.9056390622295665,0.771286446121831,0.0,3
pipeline_with_critic,55,0,1421,1.3333333333333333,1.0,1.9056390622295665,0.771286446121831,0.0,3
pipeline_with_critic,56,0,12919,1.3333333333333333,1.0,1.9056390622295665,0.771286446121831,0.0,3
pipeline_with_critic,57,0,6725,1.3333333333333333,1.0,1.9056390622295665,0.771286446121831,0.0,3
pipeline_with_critic,58,1,19159,1.3333333333333333,1.0,1.9056390622295665,0.771286446121831,0.0,3
pipeline_with_critic,59,0,3125,1.3333333333333333,1.0,1.9056390622295665,0.771286446121831,0.0,3
pipeline_with_critic,60,1,23694,1.3333333333333333,1.0,1.9056390622295665,0.771286446121831,0.0,3
pipeline_with_critic,61,0,16982,1.3333333333333333,1.0,1.9056390622295665,0.771286446121831,0.0,3
pipeline_with_critic,62,0,8750,1.3333333333333333,1.0,1.9056390622295665,0.771286446121831,0.0,3
pipeline_with_critic,63,0,68537,1.3333333333333333,1.0,1.9056390622295665,0.771286446121831,0.0,3
pipeline_with_critic,64,0,4157,1.3333333333333333,1.0,1.9056390622295665,0.771286446121831,0.0,3
pipeline_with_critic,65,0,3436,1.3333333333333333,1.0,1.9056390622295665,0.771286446121831,0.0,3
pipeline_with_critic,66,0,7211,1.3333333333333333,1.0,1.9056390622295665,0.771286446121831,0.0,3
pipeline_with_critic,67,0,28896,1.3333333333333333,1.0,1.9056390622295665,0.771286446121831,0.0,3
pipeline_with_critic,68,1,1491,1.3333333333333333,1.0,1.9056390622295665,0.771286446121831,0.0,3
pipeline_with_critic,69,0,4121,1.3333333333333333,1.0,1.9056390622295665,0.771286446121831,0.0,3
pipeline_with_critic,70,0,4643,1.3333333333333333,1.0,1.9056390622295665,0.771286446121831,0.0,3
pipeline_with_critic,71,0,6885,1.3333333333333333,1.0,1.9056390622295665,0.771286446121831,0.0,3
pipeline_with_critic,72,0,2219,1.3333333333333333,1.0,1.9056390622295665,0.771286446121831,0.0,3
pipeline_with_critic,73,0,3615,1.3333333333333333,1.0,1.9056390622295665,0.771286446121831,0.0,3
pipeline_with_critic,74,0,1575,1.3333333333333333,1.0,1.9056390622295665,0.771286446121831,0.0,3
pipeline_with_critic,75,1,7521,1.3333333333333333,1.0,1.9056390622295665,0.771286446121831,0.0,3
pipeline_with_critic,76,0,3450,1.3333333333333333,1.0,1.9056390622295665,0.771286446121831,0.0,3
pipeline_with_critic,77,0,4740,1.3333333333333333,1.0,1.9056390622295665,0.771286446121831,0.0,3
pipeline_with_critic,78,1,35195,1.3333333333333333,1.0,1.9056390622295665,0.771286446121831,0.0,3
pipeline_with_critic,79,1,56354,1.3333333333333333,1.0,1.9056390622295665,0.771286446121831,0.0,3
pipeline_with_critic,80,0,129202,1.3333333333333333,1.0,1.9056390622295665,0.771286446121831,0.0,3
pipeline_with_critic,81,0,7099,1.3333333333333333,1.0,1.9056390622295665,0.771286446121831,0.0,3
pipeline_with_critic,82,0,8438,1.3333333333333333,1.0,1.9056390622295665,0.771286446121831,0.0,3
pipeline_with_critic,83,0,2738,1.3333333333333333,1.0,1.9056390622295665,0.771286446121831,0.0,3
pipeline_with_critic,84,0,34314,1.3333333333333333,1.0,1.9056390622295665,0.771286446121831,0.0,3
pipeline_with_critic,85,0,7273,1.3333333333333333,1.0,1.9056390622295665,0.771286446121831,0.0,3
pipeline_with_critic,86,0,13298,1.3333333333333333,1.0,1.9056390622295665,0.771286446121831,0.0,3
pipeline_with_critic,87,0,6133,1.3333333333333333,1.0,1.9056390622295665,0.771286446121831,0.0,3
pipeline_with_critic,88,0,6388,1.3333333333333333,1.0,1.9056390622295665,0.771286446121831,0.0,3
pipeline_with_critic,89,0,23627,1.3333333333333333,1.0,1.9056390622295665,0.771286446121831,0.0,3
pipeline_with_critic,90,0,62959,1.3333333333333333,1.0,1.9056390622295665,0.771286446121831,0.0,3
pipeline_with_critic,91,0,20956,1.3333333333333333,1.0,1.9056390622295665,0.771286446121831,0.0,3
pipeline_with_critic,92,0,58422,1.3333333333333333,1.0,1.9056390622295665,0.771286446121831,0.0,3
pipeline_with_critic,93,1,13621,1.3333333333333333,1.0,1.9056390622295665,0.771286446121831,0.0,3
pipeline_with_critic,94,0,3638,1.3333333333333333,1.0,1.9056390622295665,0.771286446121831,0.0,3
pipeline_with_critic,95,0,2833,1.3333333333333333,1.0,1.9056390622295665,0.771286446121831,0.0,3
pipeline_with_critic,96,0,5512,1.3333333333333333,1.0,1.9056390622295665,0.771286446121831,0.0,3
pipeline_with_critic,97,0,4021,1.3333333333333333,1.0,1.9056390622295665,0.771286446121831,0.0,3
pipeline_with_critic,98,0,9254,1.3333333333333333,1.0,1.9056390622295665,0.771286446121831,0.0,3
pipeline_with_critic,99,1,36421,1.3333333333333333,1.0,1.9056390622295665,0.771286446121831,0.0,3
star_3,0,0,39713,1.4,1.2,2.292481250360578,0.9999999999999993,0.0,4
star_3,1,0,1055,1.4,1.2,2.292481250360578,0.9999999999999993,0.0,4
star_3,2,0,7589,1.4,1.2,2.292481250360578,0.9999999999999993,0.0,4
star_3,3,0,8355,1.4,1.2,2.292481250360578,0.9999999999999993,0.0,4
star_3,4,0,21156,1.4,1.2,2.292481250360578,0.9999999999999993,0.0,4
star_3,5,0,17949,1.4,1.2,2.292481250360578,0.9999999999999993,0.0,4
star_3,6,0,50287,1.4,1.2,2.292481250360578,0.9999999999999993,0.0,4
star_3,7,0,88317,1.4,1.2,2.292481250360578,0.9999999999999993,0.0,4
star_3,8,0,100018,1.4,1.2,2.292481250360578,0.9999999999999993,0.0,4
star_3,9,0,15354,1.4,1.2,2.292481250360578,0.9999999999999993,0.0,4
star_3,10,0,22157,1.4,1.2,2.292481250360578,0.9999999999999993,0.0,4
star_3,11,1,31708,1.4,1.2,2.292481250360578,0.9999999999999993,0.0,4
star_3,12,0,2679,1.4,1.2,2.292481250360578,0.9999999999999993,0.0,4
star_3,13,1,42493,1.4,1.2,2.292481250360578,0.9999999999999993,0.0,4
star_3,14,0,18518,1.4,1.2,2.292481250360578,0.9999999999999993,0.0,4
star_3,15,0,1824,1.4,1.2,2.292481250360578,0.9999999999999993,0.0,4
star_3,16,0,5072,1.4,1.2,2.292481250360578,0.9999999999999993,0.0,4
star_3,17,0,24089,1.4,1.2,2.292481250360578,0.9999999999999993,0.0,4
star_3,18,0,40089,1.4,1.2,2.292481250360578,0.9999999999999993,0.0,4
star_3,19,0,62159,1.4,1.2,2.292481250360578,0.9999999999999993,0.0,4
star_3,20,0,2548,1.4,1.2,2.292481250360578,0.9999999999999993,0.0,4
star_3,21,0,7682,1.4,1.2,2.292481250360578,0.9999999999999993,0.0,4
star_3,22,0,28726,1.4,1.2,2.292481250360578,0.9999999999999993,0.0,4
star_3,23,1,1519,1.4,1.2,2.292481250360578,0.9999999999999993,0.0,4
star_3,24,0,109902,1.4,1.2,2.292481250360578,0.9999999999999993,0.0,4
star_3,25,0,2577,1.4,1.2,2.292481250360578,0.9999999999999993,0.0,4
star_3,26,1,20100,1.4,1.2,2.292481250360578,0.9999999999999993,0.0,4
star_3,27,0,6465,1.4,1.2,2.292481250360578,0.9999999999999993,0.0,4
star_3,28,1,60407,1.4,1.2,2.292481250360578,0.9999999999999993,0.0,4
star_3,29,0,12932,1.4,1.2,2.292481250360578,0.9999999999999993,0.0,4
star_3,30,0,9416,1.4,1.2,2.292481250360578,0.9999999999999993,0.0,4
star_3,31,0,35077,1.4,1.2,2.292481250360578,0.9999999999999993,0.0,4
star_3,32,0,17214,1.4,1.2,2.292481250360578,0.9999999999999993,0.0,4
star_3,33,0,62095,1.4,1.2,2.292481250360578,0.9999999999999993,0.0,4
star_3,34,0,14891,1.4,1.2,2.292481250360578,0.9999999999999993,0.0,4
star_3,35,0,4171,1.4,1.2,2.292481250360578,0.9999999999999993,0.0,4
star_3,36,0,12462,1.4,1.2,2.292481250360578,0.9999999999999993,0.0,4
star_3,37,0,4090,1.4,1.2,2.292481250360578,0.9999999999999993,0.0,4
star_3,38,0,37928,1.4,1.2,2.292481250360578,0.9999999999999993,0.0,4
star_3,39,0,14596,1.4,1.2,2.292481250360578,0.9999999999999993,0.0,4
star_3,40,0,97409,1.4,1.2,2.292481250360578,0.9999999999999993,0.0,4
star_3,41,0,4969,1.4,1.2,2.292481250360578,0.9999999999999993,0.0,4
star_3,42,1,18764,1.4,1.2,2.292481250360578,0.9999999999999993,0.0,4
star_3,43,1,15071,1.4,1.2,2.292481250360578,0.9999999999999993,0.0,4
star_3,44,0,209928,1.4,1.2,2.292481250360578,0.9999999999999993,0.0,4
star_3,45,0,112813,1.4,1.2,2.292481250360578,0.9999999999999993,0.0,4
star_3,46,0,6132,1.4,1.2,2.292481250360578,0.9999999999999993,0.0,4
star_3,47,0,29009,1.4,1.2,2.292481250360578,0.9999999999999993,0.0,4
star_3,48,0,2223,1.4,1.2,2.292481250360578,0.9999999999999993,0.0,4
star_3,49,1,6470,1.4,1.2,2.292481250360578,0.9999999999999993,0.0,4
star_3,50,1,37236,1.4,1.2,2.292481250360578,0.9999999999999993,0.0,4
star_3,51,0,43740,1.4,1.2,2.292481250360578,0.9999999999999993,0.0,4
star_3,52,0,113310,1.4,1.2,2.292481250360578,0.9999999999999993,0.0,4
star_3,53,0,6130,1.4,1.2,2.292481250360578,0.9999999999999993,0.0,4
star_3,54,0,2233,1.4,1.2,2.292481250360578,0.9999999999999993,0.0,4
star_3,55,0,3932,1.4,1.2,2.292481250360578,0.9999999999999993,0.0,4
star_3,56,0,20870,1.4,1.2,2.292481250360578,0.9999999999999993,0.0,4
star_3,57,0,3635,1.4,1.2,2.292481250360578,0.9999999999999993,0.0,4
star_3,58,1,47155,1.4,1.2,2.292481250360578,0.9999999999999993,0.0,4
star_3,59,0,3406,1.4,1.2,2.292481250360578,0.9999999999999993,0.0,4
star_3,60,1,64357,1.4,1.2,2.292481250360578,0.9999999999999993,0.0,4
star_3,61,0,32286,1.4,1.2,2.292481250360578,0.9999999999999993,0.0,4
star_3,62,0,18732,1.4,1.2,2.292481250360578,0.9999999999999993,0.0,4
star_3,63,0,165681,1.4,1.2,2.292481250360578,0.9999999999999993,0.0,4
star_3,64,0,5486,1.4,1.2,2.292481250360578,0.9999999999999993,0.0,4
star_3,65,0,6780,1.4,1.2,2.292481250360578,0.9999999999999993,0.0,4
star_3,66,0,45589,1.4,1.2,2.292481250360578,0.9999999999999993,0.0,4
star_3,67,0,23295,1.4,1.2,2.292481250360578,0.9999999999999993,0.0,4
star_3,68,0,1039,1.4,1.2,2.292481250360578,0.9999999999999993,0.0,4
star_3,69,0,6177,1.4,1.2,2.292481250360578,0.9999999999999993,0.0,4
star_3,70,1,6012,1.4,1.2,2.292481250360578,0.9999999999999993,0.0,4
star_3,71,0,31667,1.4,1.2,2.292481250360578,0.9999999999999993,0.0,4
star_3,72,0,3020,1.4,1.2,2.292481250360578,0.9999999999999993,0.0,4
star_3,73,0,9831,1.4,1.2,2.292481250360578,0.9999999999999993,0.0,4
star_3,74,0,6294,1.4,1.2,2.292481250360578,0.9999999999999993,0.0,4
star_3,75,0,8106,1.4,1.2,2.292481250360578,0.9999999999999993,0.0,4
star_3,76,0,103136,1.4,1.2,2.292481250360578,0.9999999999999993,0.0,4
star_3,77,0,58872,1.4,1.2,2.292481250360578,0.9999999999999993,0.0,4
star_3,78,1,28930,1.4,1.2,2.292481250360578,0.9999999999999993,0.0,4
star_3,79,1,90575,1.4,1.2,2.292481250360578,0.9999999999999993,0.0,4
star_3,80,0,103950,1.4,1.2,2.292481250360578,0.9999999999999993,0.0,4
star_3,81,1,4004,1.4,1.2,2.292481250360578,0.9999999999999993,0.0,4
star_3,82,0,11472,1.4,1.2,2.292481250360578,0.9999999999999993,0.0,4
star_3,83,0,3790,1.4,1.2,2.292481250360578,0.9999999999999993,0.0,4
star_3,84,0,45298,1.4,1.2,2.292481250360578,0.9999999999999993,0.0,4
star_3,85,0,6631,1.4,1.2,2.292481250360578,0.9999999999999993,0.0,4
star_3,86,0,22651,1.4,1.2,2.292481250360578,0.9999999999999993,0.0,4
star_3,87,0,8176,1.4,1.2,2.292481250360578,0.9999999999999993,0.0,4
star_3,88,0,9280,1.4,1.2,2.292481250360578,0.9999999999999993,0.0,4
star_3,89,0,38927,1.4,1.2,2.292481250360578,0.9999999999999993,0.0,4
star_3,90,1,133130,1.4,1.2,2.292481250360578,0.9999999999999993,0.0,4
star_3,91,0,41146,1.4,1.2,2.292481250360578,0.9999999999999993,0.0,4
star_3,92,0,77611,1.4,1.2,2.292481250360578,0.9999999999999993,0.0,4
star_3,93,1,50392,1.4,1.2,2.292481250360578,0.9999999999999993,0.0,4
star_3,94,0,9733,1.4,1.2,2.292481250360578,0.9999999999999993,0.0,4
star_3,95,0,6711,1.4,1.2,2.292481250360578,0.9999999999999993,0.0,4
star_3,96,0,1739,1.4,1.2,2.292481250360578,0.9999999999999993,0.0,4
star_3,97,0,4137,1.4,1.2,2.292481250360578,0.9999999999999993,0.0,4
star_3,98,0,9500,1.4,1.2,2.292481250360578,0.9999999999999993,0.0,4
star_3,99,0,53013,1.4,1.2,2.292481250360578,0.9999999999999993,0.0,4
star_5,0,0,22725,1.5238095238095237,1.4285714285714286,2.6609640474436813,0.9999999999999998,0.0,6
star_5,1,1,9452,1.5238095238095237,1.4285714285714286,2.6609640474436813,0.9999999999999998,0.0,6
star_5,2,1,22076,1.5238095238095237,1.4285714285714286,2.6609640474436813,0.9999999999999998,0.0,6
star_5,3,0,91274,1.5238095238095237,1.4285714285714286,2.6609640474436813,0.9999999999999998,0.0,6
star_5,4,0,88325,1.5238095238095237,1.4285714285714286,2.6609640474436813,0.9999999999999998,0.0,6
star_5,5,0,78489,1.5238095238095237,1.4285714285714286,2.6609640474436813,0.9999999999999998,0.0,6
star_5,6,0,186256,1.5238095238095237,1.4285714285714286,2.6609640474436813,0.9999999999999998,0.0,6
star_5,7,1,156134,1.5238095238095237,1.4285714285714286,2.6609640474436813,0.9999999999999998,0.0,6
star_5,8,0,108725,1.5238095238095237,1.4285714285714286,2.6609640474436813,0.9999999999999998,0.0,6
star_5,9,0,45280,1.5238095238095237,1.4285714285714286,2.6609640474436813,0.9999999999999998,0.0,6
star_5,10,0,69874,1.5238095238095237,1.4285714285714286,2.6609640474436813,0.9999999999999998,0.0,6
star_5,11,1,36081,1.5238095238095237,1.4285714285714286,2.6609640474436813,0.9999999999999998,0.0,6
star_5,12,0,6230,1.5238095238095237,1.4285714285714286,2.6609640474436813,0.9999999999999998,0.0,6
star_5,13,0,79609,1.5238095238095237,1.4285714285714286,2.6609640474436813,0.9999999999999998,0.0,6
star_5,14,1,48612,1.5238095238095237,1.4285714285714286,2.6609640474436813,0.9999999999999998,0.0,6
star_5,15,0,5630,1.5238095238095237,1.4285714285714286,2.6609640474436813,0.9999999999999998,0.0,6
star_5,16,0,5631,1.5238095238095237,1.4285714285714286,2.6609640474436813,0.9999999999999998,0.0,6
star_5,17,0,17499,1.5238095238095237,1.4285714285714286,2.6609640474436813,0.9999999999999998,0.0,6
star_5,18,0,30283,1.5238095238095237,1.4285714285714286,2.6609640474436813,0.9999999999999998,0.0,6
star_5,19,0,159062,1.5238095238095237,1.4285714285714286,2.6609640474436813,0.9999999999999998,0.0,6
star_5,20,0,5868,1.5238095238095237,1.4285714285714286,2.6609640474436813,0.9999999999999998,0.0,6
star_5,21,0,7896,1.5238095238095237,1.4285714285714286,2.6609640474436813,0.9999999999999998,0.0,6
star_5,22,0,114344,1.5238095238095237,1.4285714285714286,2.6609640474436813,0.9999999999999998,0.0,6
star_5,23,1,3322,1.5238095238095237,1.4285714285714286,2.6609640474436813,0.9999999999999998,0.0,6
star_5,24,0,129545,1.5238095238095237,1.4285714285714286,2.6609640474436813,0.9999999999999998,0.0,6
star_5,25,0,20764,1.5238095238095237,1.4285714285714286,2.6609640474436813,0.9999999999999998,0.0,6
star_5,26,1,81465,1.5238095238095237,1.4285714285714286,2.6609640474436813,0.9999999999999998,0.0,6
star_5,27,0,9162,1.5238095238095237,1.4285714285714286,2.6609640474436813,0.9999999999999998,0.0,6
star_5,28,0,37791,1.5238095238095237,1.4285714285714286,2.6609640474436813,0.9999999999999998,0.0,6
star_5,29,0,20787,1.5238095238095237,1.4285714285714286,2.6609640474436813,0.9999999999999998,0.0,6
star_5,30,0,13214,1.5238095238095237,1.4285714285714286,2.6609640474436813,0.9999999999999998,0.0,6
star_5,31,0,72020,1.5238095238095237,1.4285714285714286,2.6609640474436813,0.9999999999999998,0.0,6
star_5,32,0,22240,1.5238095238095237,1.4285714285714286,2.6609640474436813,0.9999999999999998,0.0,6
star_5,33,1,12695,1.5238095238095237,1.4285714285714286,2.6609640474436813,0.9999999999999998,0.0,6
star_5,34,0,44293,1.5238095238095237,1.4285714285714286,2.6609640474436813,0.9999999999999998,0.0,6
star_5,35,0,6646,1.5238095238095237,1.4285714285714286,2.6609640474436813,0.9999999999999998,0.0,6
star_5,36,0,15643,1.5238095238095237,1.4285714285714286,2.6609640474436813,0.9999999999999998,0.0,6
star_5,37,0,11426,1.5238095238095237,1.4285714285714286,2.6609640474436813,0.9999999999999998,0.0,6
star_5,38,0,33310,1.5238095238095237,1.4285714285714286,2.6609640474436813,0.9999999999999998,0.0,6
star_5,39,0,11907,1.5238095238095237,1.4285714285714286,2.6609640474436813,0.9999999999999998,0.0,6
star_5,40,0,105955,1.5238095238095237,1.4285714285714286,2.6609640474436813,0.9999999999999998,0.0,6
star_5,41,0,5074,1.5238095238095237,1.4285714285714286,2.6609640474436813,0.9999999999999998,0.0,6
star_5,42,1,34570,1.5238095238095237,1.4285714285714286,2.6609640474436813,0.9999999999999998,0.0,6
star_5,43,0,17654,1.5238095238095237,1.4285714285714286,2.6609640474436813,0.9999999999999998,0.0,6
star_5,44,0,281613,1.5238095238095237,1.4285714285714286,2.6609640474436813,0.9999999999999998,0.0,6
star_5,45,0,142783,1.5238095238095237,1.4285714285714286,2.6609640474436813,0.9999999999999998,0.0,6
star_5,46,0,11479,1.5238095238095237,1.4285714285714286,2.6609640474436813,0.9999999999999998,0.0,6
star_5,47,0,5462,1.5238095238095237,1.4285714285714286,2.6609640474436813,0.9999999999999998,0.0,6
star_5,48,0,3731,1.5238095238095237,1.4285714285714286,2.6609640474436813,0.9999999999999998,0.0,6
star_5,49,0,13297,1.5238095238095237,1.4285714285714286,2.6609640474436813,0.9999999999999998,0.0,6
star_5,50,0,29237,1.5238095238095237,1.4285714285714286,2.6609640474436813,0.9999999999999998,0.0,6
star_5,51,0,59617,1.5238095238095237,1.4285714285714286,2.6609640474436813,0.9999999999999998,0.0,6
star_5,52,0,212943,1.5238095238095237,1.4285714285714286,2.6609640474436813,0.9999999999999998,0.0,6
star_5,53,0,18268,1.5238095238095237,1.4285714285714286,2.6609640474436813,0.9999999999999998,0.0,6
star_5,54,0,32795,1.5238095238095237,1.4285714285714286,2.6609640474436813,0.9999999999999998,0.0,6
star_5,55,0,6508,1.5238095238095237,1.4285714285714286,2.6609640474436813,0.9999999999999998,0.0,6
star_5,56,0,25594,1.5238095238095237,1.4285714285714286,2.6609640474436813,0.9999999999999998,0.0,6
star_5,57,1,2570,1.5238095238095237,1.4285714285714286,2.6609640474436813,0.9999999999999998,0.0,6
star_5,58,0,50381,1.5238095238095237,1.4285714285714286,2.6609640474436813,0.9999999999999998,0.0,6
star_5,59,0,4560,1.5238095238095237,1.4285714285714286,2.6609640474436813,0.9999999999999998,0.0,6
star_5,60,0,23009,1.5238095238095237,1.4285714285714286,2.6609640474436813,0.9999999999999998,0.0,6
star_5,61,0,9399,1.5238095238095237,1.4285714285714286,2.6609640474436813,0.9999999999999998,0.0,6
star_5,62,0,16878,1.5238095238095237,1.4285714285714286,2.6609640474436813,0.9999999999999998,0.0,6
star_5,63,0,176151,1.5238095238095237,1.4285714285714286,2.6609640474436813,0.9999999999999998,0.0,6
star_5,64,0,9847,1.5238095238095237,1.4285714285714286,2.6609640474436813,0.9999999999999998,0.0,6
star_5,65,0,15043,1.5238095238095237,1.4285714285714286,2.6609640474436813,0.9999999999999998,0.0,6
star_5,66,0,7604,1.5238095238095237,1.4285714285714286,2.6609640474436813,0.9999999999999998,0.0,6
star_5,67,0,15287,1.5238095238095237,1.4285714285714286,2.6609640474436813,0.9999999999999998,0.0,6
star_5,68,0,6778,1.5238095238095237,1.4285714285714286,2.6609640474436813,0.9999999999999998,0.0,6
star_5,69,0,12344,1.5238095238095237,1.4285714285714286,2.6609640474436813,0.9999999999999998,0.0,6
star_5,70,0,5652,1.5238095238095237,1.4285714285714286,2.6609640474436813,0.9999999999999998,0.0,6
star_5,71,0,41109,1.5238095238095237,1.4285714285714286,2.6609640474436813,0.9999999999999998,0.0,6
star_5,72,0,48799,1.5238095238095237,1.4285714285714286,2.6609640474436813,0.9999999999999998,0.0,6
star_5,73,0,2633,1.5238095238095237,1.4285714285714286,2.6609640474436813,0.9999999999999998,0.0,6
star_5,74,0,3814,1.5238095238095237,1.4285714285714286,2.6609640474436813,0.9999999999999998,0.0,6
star_5,75,1,19935,1.5238095238095237,1.4285714285714286,2.6609640474436813,0.9999999999999998,0.0,6
star_5,76,0,70816,1.5238095238095237,1.4285714285714286,2.6609640474436813,0.9999999999999998,0.0,6
star_5,77,0,31133,1.5238095238095237,1.4285714285714286,2.6609640474436813,0.9999999999999998,0.0,6
star_5,78,0,24712,1.5238095238095237,1.4285714285714286,2.6609640474436813,0.9999999999999998,0.0,6
star_5,79,1,69477,1.5238095238095237,1.4285714285714286,2.6609640474436813,0.9999999999999998,0.0,6
star_5,80,0,175985,1.5238095238095237,1.4285714285714286,2.6609640474436813,0.9999999999999998,0.0,6
star_5,81,0,6817,1.5238095238095237,1.4285714285714286,2.6609640474436813,0.9999999999999998,0.0,6
star_5,82,1,84836,1.5238095238095237,1.4285714285714286,2.6609640474436813,0.9999999999999998,0.0,6
star_5,83,0,8500,1.5238095238095237,1.4285714285714286,2.6609640474436813,0.9999999999999998,0.0,6
star_5,84,0,141116,1.5238095238095237,1.4285714285714286,2.6609640474436813,0.9999999999999998,0.0,6
star_5,85,1,16604,1.5238095238095237,1.4285714285714286,2.6609640474436813,0.9999999999999998,0.0,6
star_5,86,0,45725,1.5238095238095237,1.4285714285714286,2.6609640474436813,0.9999999999999998,0.0,6
star_5,87,0,21028,1.5238095238095237,1.4285714285714286,2.6609640474436813,0.9999999999999998,0.0,6
star_5,88,0,15669,1.5238095238095237,1.4285714285714286,2.6609640474436813,0.9999999999999998,0.0,6
star_5,89,1,97615,1.5238095238095237,1.4285714285714286,2.6609640474436813,0.9999999999999998,0.0,6
star_5,90,0,150255,1.5238095238095237,1.4285714285714286,2.6609640474436813,0.9999999999999998,0.0,6
star_5,91,0,81683,1.5238095238095237,1.4285714285714286,2.6609640474436813,0.9999999999999998,0.0,6
star_5,92,0,106423,1.5238095238095237,1.4285714285714286,2.6609640474436813,0.9999999999999998,0.0,6
star_5,93,1,65233,1.5238095238095237,1.4285714285714286,2.6609640474436813,0.9999999999999998,0.0,6
star_5,94,0,13483,1.5238095238095237,1.4285714285714286,2.6609640474436813,0.9999999999999998,0.0,6
star_5,95,0,25973,1.5238095238095237,1.4285714285714286,2.6609640474436813,0.9999999999999998,0.0,6
star_5,96,0,8125,1.5238095238095237,1.4285714285714286,2.6609640474436813,0.9999999999999998,0.0,6
star_5,97,0,8124,1.5238095238095237,1.4285714285714286,2.6609640474436813,0.9999999999999998,0.0,6
star_5,98,0,16695,1.5238095238095237,1.4285714285714286,2.6609640474436813,0.9999999999999998,0.0,6
star_5,99,0,112635,1.5238095238095237,1.4285714285714286,2.6609640474436813,0.9999999999999998,0.0,6
star_then_chain,0,0,76927,1.8095238095238095,1.1428571428571428,2.7806390622295662,0.4226497308103743,0.0,6
star_then_chain,1,1,11607,1.8095238095238095,1.1428571428571428,2.7806390622295662,0.4226497308103743,0.0,6
star_then_chain,2,0,25649,1.8095238095238095,1.1428571428571428,2.7806390622295662,0.4226497308103743,0.0,6
star_then_chain,3,0,84387,1.8095238095238095,1.1428571428571428,2.7806390622295662,0.4226497308103743,0.0,6
star_then_chain,4,0,74572,1.8095238095238095,1.1428571428571428,2.7806390622295662,0.4226497308103743,0.0,6
star_then_chain,5,1,25051,1.8095238095238095,1.1428571428571428,2.7806390622295662,0.4226497308103743,0.0,6
star_then_chain,6,0,123128,1.8095238095238095,1.1428571428571428,2.7806390622295662,0.4226497308103743,0.0,6
star_then_chain,7,0,127339,1.8095238095238095,1.1428571428571428,2.7806390622295662,0.4226497308103743,0.0,6
star_then_chain,8,0,163702,1.8095238095238095,1.1428571428571428,2.7806390622295662,0.4226497308103743,0.0,6
star_then_chain,9,0,102523,1.8095238095238095,1.1428571428571428,2.7806390622295662,0.4226497308103743,0.0,6
star_then_chain,10,0,67332,1.8095238095238095,1.1428571428571428,2.7806390622295662,0.4226497308103743,0.0,6
star_then_chain,11,1,95819,1.8095238095238095,1.1428571428571428,2.7806390622295662,0.4226497308103743,0.0,6
star_then_chain,12,0,6749,1.8095238095238095,1.1428571428571428,2.7806390622295662,0.4226497308103743,0.0,6
star_then_chain,13,1,99537,1.8095238095238095,1.1428571428571428,2.7806390622295662,0.4226497308103743,0.0,6
star_then_chain,14,1,42396,1.8095238095238095,1.1428571428571428,2.7806390622295662,0.4226497308103743,0.0,6
star_then_chain,15,0,4884,1.8095238095238095,1.1428571428571428,2.7806390622295662,0.4226497308103743,0.0,6
star_then_chain,16,0,7533,1.8095238095238095,1.1428571428571428,2.7806390622295662,0.4226497308103743,0.0,6
star_then_chain,17,0,60121,1.8095238095238095,1.1428571428571428,2.7806390622295662,0.4226497308103743,0.0,6
star_then_chain,18,0,59487,1.8095238095238095,1.1428571428571428,2.7806390622295662,0.4226497308103743,0.0,6
star_then_chain,19,0,33012,1.8095238095238095,1.1428571428571428,2.7806390622295662,0.4226497308103743,0.0,6
star_then_chain,20,0,4148,1.8095238095238095,1.1428571428571428,2.7806390622295662,0.4226497308103743,0.0,6
star_then_chain,21,0,25596,1.8095238095238095,1.1428571428571428,2.7806390622295662,0.4226497308103743,0.0,6
star_then_chain,22,0,155009,1.8095238095238095,1.1428571428571428,2.7806390622295662,0.4226497308103743,0.0,6
star_then_chain,23,1,5605,1.8095238095238095,1.1428571428571428,2.7806390622295662,0.4226497308103743,0.0,6
star_then_chain,24,0,53358,1.8095238095238095,1.1428571428571428,2.7806390622295662,0.4226497308103743,0.0,6
star_then_chain,25,0,18837,1.8095238095238095,1.1428571428571428,2.7806390622295662,0.4226497308103743,0.0,6
star_then_chain,26,1,80830,1.8095238095238095,1.1428571428571428,2.7806390622295662,0.4226497308103743,0.0,6
star_then_chain,27,0,19228,1.8095238095238095,1.1428571428571428,2.7806390622295662,0.4226497308103743,0.0,6
star_then_chain,28,1,95865,1.8095238095238095,1.1428571428571428,2.7806390622295662,0.4226497308103743,0.0,6
star_then_chain,29,0,56556,1.8095238095238095,1.1428571428571428,2.7806390622295662,0.4226497308103743,0.0,6
star_then_chain,30,0,15270,1.8095238095238095,1.1428571428571428,2.7806390622295662,0.4226497308103743,0.0,6
star_then_chain,31,0,40268,1.8095238095238095,1.1428571428571428,2.7806390622295662,0.4226497308103743,0.0,6
star_then_chain,32,0,35637,1.8095238095238095,1.1428571428571428,2.7806390622295662,0.4226497308103743,0.0,6
star_then_chain,33,1,113474,1.8095238095238095,1.1428571428571428,2.7806390622295662,0.4226497308103743,0.0,6
star_then_chain,34,0,166692,1.8095238095238095,1.1428571428571428,2.7806390622295662,0.4226497308103743,0.0,6
star_then_chain,35,0,6536,1.8095238095238095,1.1428571428571428,2.7806390622295662,0.4226497308103743,0.0,6
star_then_chain,36,0,9830,1.8095238095238095,1.1428571428571428,2.7806390622295662,0.4226497308103743,0.0,6
star_then_chain,37,0,15516,1.8095238095238095,1.1428571428571428,2.7806390622295662,0.4226497308103743,0.0,6
star_then_chain,38,0,54094,1.8095238095238095,1.1428571428571428,2.7806390622295662,0.4226497308103743,0.0,6
star_then_chain,39,0,15428,1.8095238095238095,1.1428571428571428,2.7806390622295662,0.4226497308103743,0.0,6
star_then_chain,40,0,171925,1.8095238095238095,1.1428571428571428,2.7806390622295662,0.4226497308103743,0.0,6
star_then_chain,41,0,12946,1.8095238095238095,1.1428571428571428,2.7806390622295662,0.4226497308103743,0.0,6
star_then_chain,42,0,41257,1.8095238095238095,1.1428571428571428,2.7806390622295662,0.4226497308103743,0.0,6
star_then_chain,43,0,31732,1.8095238095238095,1.1428571428571428,2.7806390622295662,0.4226497308103743,0.0,6
star_then_chain,44,0,304071,1.8095238095238095,1.1428571428571428,2.7806390622295662,0.4226497308103743,0.0,6
star_then_chain,45,0,122094,1.8095238095238095,1.1428571428571428,2.7806390622295662,0.4226497308103743,0.0,6
star_then_chain,46,0,20285,1.8095238095238095,1.1428571428571428,2.7806390622295662,0.4226497308103743,0.0,6
star_then_chain,47,0,28729,1.8095238095238095,1.1428571428571428,2.7806390622295662,0.4226497308103743,0.0,6
star_then_chain,48,0,3540,1.8095238095238095,1.1428571428571428,2.7806390622295662,0.4226497308103743,0.0,6
star_then_chain,49,1,34075,1.8095238095238095,1.1428571428571428,2.7806390622295662,0.4226497308103743,0.0,6
star_then_chain,50,1,98310,1.8095238095238095,1.1428571428571428,2.7806390622295662,0.4226497308103743,0.0,6
star_then_chain,51,0,54766,1.8095238095238095,1.1428571428571428,2.7806390622295662,0.4226497308103743,0.0,6
star_then_chain,52,0,147945,1.8095238095238095,1.1428571428571428,2.7806390622295662,0.4226497308103743,0.0,6
star_then_chain,53,0,8334,1.8095238095238095,1.1428571428571428,2.7806390622295662,0.4226497308103743,0.0,6
star_then_chain,54,0,54547,1.8095238095238095,1.1428571428571428,2.7806390622295662,0.4226497308103743,0.0,6
star_then_chain,55,0,3589,1.8095238095238095,1.1428571428571428,2.7806390622295662,0.4226497308103743,0.0,6
star_then_chain,56,0,29672,1.8095238095238095,1.1428571428571428,2.7806390622295662,0.4226497308103743,0.0,6
star_then_chain,57,0,12910,1.8095238095238095,1.1428571428571428,2.7806390622295662,0.4226497308103743,0.0,6
star_then_chain,58,1,62997,1.8095238095238095,1.1428571428571428,2.7806390622295662,0.4226497308103743,0.0,6
star_then_chain,59,0,5274,1.8095238095238095,1.1428571428571428,2.7806390622295662,0.4226497308103743,0.0,6
star_then_chain,60,0,14194,1.8095238095238095,1.1428571428571428,2.7806390622295662,0.4226497308103743,0.0,6
star_then_chain,61,0,26999,1.8095238095238095,1.1428571428571428,2.7806390622295662,0.4226497308103743,0.0,6
star_then_chain,62,0,4158,1.8095238095238095,1.1428571428571428,2.7806390622295662,0.4226497308103743,0.0,6
star_then_chain,63,0,131837,1.8095238095238095,1.1428571428571428,2.7806390622295662,0.4226497308103743,0.0,6
star_then_chain,64,0,29968,1.8095238095238095,1.1428571428571428,2.7806390622295662,0.4226497308103743,0.0,6
star_then_chain,65,0,39132,1.8095238095238095,1.1428571428571428,2.7806390622295662,0.4226497308103743,0.0,6
star_then_chain,66,0,7274,1.8095238095238095,1.1428571428571428,2.7806390622295662,0.4226497308103743,0.0,6
star_then_chain,67,0,45315,1.8095238095238095,1.1428571428571428,2.7806390622295662,0.4226497308103743,0.0,6
star_then_chain,68,1,4616,1.8095238095238095,1.1428571428571428,2.7806390622295662,0.4226497308103743,0.0,6
star_then_chain,69,0,5128,1.8095238095238095,1.1428571428571428,2.7806390622295662,0.4226497308103743,0.0,6
star_then_chain,70,1,6174,1.8095238095238095,1.1428571428571428,2.7806390622295662,0.4226497308103743,0.0,6
star_then_chain,71,1,41609,1.8095238095238095,1.1428571428571428,2.7806390622295662,0.4226497308103743,0.0,6
star_then_chain,72,0,30299,1.8095238095238095,1.1428571428571428,2.7806390622295662,0.4226497308103743,0.0,6
star_then_chain,73,0,20651,1.8095238095238095,1.1428571428571428,2.7806390622295662,0.4226497308103743,0.0,6
star_then_chain,74,0,15090,1.8095238095238095,1.1428571428571428,2.7806390622295662,0.4226497308103743,0.0,6
star_then_chain,75,0,19349,1.8095238095238095,1.1428571428571428,2.7806390622295662,0.4226497308103743,0.0,6
star_then_chain,76,0,45653,1.8095238095238095,1.1428571428571428,2.7806390622295662,0.4226497308103743,0.0,6
star_then_chain,77,0,82728,1.8095238095238095,1.1428571428571428,2.7806390622295662,0.4226497308103743,0.0,6
star_then_chain,78,1,79979,1.8095238095238095,1.1428571428571428,2.7806390622295662,0.4226497308103743,0.0,6
star_then_chain,79,1,142970,1.8095238095238095,1.1428571428571428,2.7806390622295662,0.4226497308103743,0.0,6
star_then_chain,80,0,110917,1.8095238095238095,1.1428571428571428,2.7806390622295662,0.4226497308103743,0.0,6
star_then_chain,81,1,13770,1.8095238095238095,1.1428571428571428,2.7806390622295662,0.4226497308103743,0.0,6
star_then_chain,82,1,92789,1.8095238095238095,1.1428571428571428,2.7806390622295662,0.4226497308103743,0.0,6
star_then_chain,83,0,8816,1.8095238095238095,1.1428571428571428,2.7806390622295662,0.4226497308103743,0.0,6
star_then_chain,84,0,75515,1.8095238095238095,1.1428571428571428,2.7806390622295662,0.4226497308103743,0.0,6
star_then_chain,85,0,15493,1.8095238095238095,1.1428571428571428,2.7806390622295662,0.4226497308103743,0.0,6
star_then_chain,86,0,35890,1.8095238095238095,1.1428571428571428,2.7806390622295662,0.4226497308103743,0.0,6
star_then_chain,87,0,12361,1.8095238095238095,1.1428571428571428,2.7806390622295662,0.4226497308103743,0.0,6
star_then_chain,88,0,17040,1.8095238095238095,1.1428571428571428,2.7806390622295662,0.4226497308103743,0.0,6
star_then_chain,89,0,164513,1.8095238095238095,1.1428571428571428,2.7806390622295662,0.4226497308103743,0.0,6
star_then_chain,90,0,194807,1.8095238095238095,1.1428571428571428,2.7806390622295662,0.4226497308103743,0.0,6
star_then_chain,91,0,56767,1.8095238095238095,1.1428571428571428,2.7806390622295662,0.4226497308103743,0.0,6
star_then_chain,92,0,59161,1.8095238095238095,1.1428571428571428,2.7806390622295662,0.4226497308103743,0.0,6
star_then_chain,93,1,119416,1.8095238095238095,1.1428571428571428,2.7806390622295662,0.4226497308103743,0.0,6
star_then_chain,94,0,37078,1.8095238095238095,1.1428571428571428,2.7806390622295662,0.4226497308103743,0.0,6
star_then_chain,95,0,8946,1.8095238095238095,1.1428571428571428,2.7806390622295662,0.4226497308103743,0.0,6
star_then_chain,96,0,12246,1.8095238095238095,1.1428571428571428,2.7806390622295662,0.4226497308103743,0.0,6
star_then_chain,97,0,11867,1.8095238095238095,1.1428571428571428,2.7806390622295662,0.4226497308103743,0.0,6
star_then_chain,98,0,14505,1.8095238095238095,1.1428571428571428,2.7806390622295662,0.4226497308103743,0.0,6
star_then_chain,99,0,75630,1.8095238095238095,1.1428571428571428,2.7806390622295662,0.4226497308103743,0.0,6
star_with_chain_backbone,0,0,21738,1.1666666666666667,1.25,1.9709505944546686,0.9999999999999998,0.0,3
star_with_chain_backbone,1,1,2448,1.1666666666666667,1.25,1.9709505944546686,0.9999999999999998,0.0,3
star_with_chain_backbone,2,0,10450,1.1666666666666667,1.25,1.9709505944546686,0.9999999999999998,0.0,3
star_with_chain_backbone,3,0,7272,1.1666666666666667,1.25,1.9709505944546686,0.9999999999999998,0.0,3
star_with_chain_backbone,4,0,58345,1.1666666666666667,1.25,1.9709505944546686,0.9999999999999998,0.0,3
star_with_chain_backbone,5,1,23106,1.1666666666666667,1.25,1.9709505944546686,0.9999999999999998,0.0,3
star_with_chain_backbone,6,0,32258,1.1666666666666667,1.25,1.9709505944546686,0.9999999999999998,0.0,3
star_with_chain_backbone,7,0,4768,1.1666666666666667,1.25,1.9709505944546686,0.9999999999999998,0.0,3
star_with_chain_backbone,8,0,132218,1.1666666666666667,1.25,1.9709505944546686,0.9999999999999998,0.0,3
star_with_chain_backbone,9,0,22576,1.1666666666666667,1.25,1.9709505944546686,0.9999999999999998,0.0,3
star_with_chain_backbone,10,0,48522,1.1666666666666667,1.25,1.9709505944546686,0.9999999999999998,0.0,3
star_with_chain_backbone,11,1,21302,1.1666666666666667,1.25,1.9709505944546686,0.9999999999999998,0.0,3
star_with_chain_backbone,12,0,4042,1.1666666666666667,1.25,1.9709505944546686,0.9999999999999998,0.0,3
star_with_chain_backbone,13,1,32365,1.1666666666666667,1.25,1.9709505944546686,0.9999999999999998,0.0,3
star_with_chain_backbone,14,1,38552,1.1666666666666667,1.25,1.9709505944546686,0.9999999999999998,0.0,3
star_with_chain_backbone,15,0,3701,1.1666666666666667,1.25,1.9709505944546686,0.9999999999999998,0.0,3
star_with_chain_backbone,16,0,9714,1.1666666666666667,1.25,1.9709505944546686,0.9999999999999998,0.0,3
star_with_chain_backbone,17,0,24414,1.1666666666666667,1.25,1.9709505944546686,0.9999999999999998,0.0,3
star_with_chain_backbone,18,0,5222,1.1666666666666667,1.25,1.9709505944546686,0.9999999999999998,0.0,3
star_with_chain_backbone,19,0,50363,1.1666666666666667,1.25,1.9709505944546686,0.9999999999999998,0.0,3
star_with_chain_backbone,20,0,2239,1.1666666666666667,1.25,1.9709505944546686,0.9999999999999998,0.0,3
star_with_chain_backbone,21,0,2054,1.1666666666666667,1.25,1.9709505944546686,0.9999999999999998,0.0,3
star_with_chain_backbone,22,0,132051,1.1666666666666667,1.25,1.9709505944546686,0.9999999999999998,0.0,3
star_with_chain_backbone,23,0,679,1.1666666666666667,1.25,1.9709505944546686,0.9999999999999998,0.0,3
star_with_chain_backbone,24,1,78215,1.1666666666666667,1.25,1.9709505944546686,0.9999999999999998,0.0,3
star_with_chain_backbone,25,0,3530,1.1666666666666667,1.25,1.9709505944546686,0.9999999999999998,0.0,3
star_with_chain_backbone,26,0,5685,1.1666666666666667,1.25,1.9709505944546686,0.9999999999999998,0.0,3
star_with_chain_backbone,27,0,10197,1.1666666666666667,1.25,1.9709505944546686,0.9999999999999998,0.0,3
star_with_chain_backbone,28,1,57460,1.1666666666666667,1.25,1.9709505944546686,0.9999999999999998,0.0,3
star_with_chain_backbone,29,0,11055,1.1666666666666667,1.25,1.9709505944546686,0.9999999999999998,0.0,3
star_with_chain_backbone,30,0,6387,1.1666666666666667,1.25,1.9709505944546686,0.9999999999999998,0.0,3
star_with_chain_backbone,31,0,48946,1.1666666666666667,1.25,1.9709505944546686,0.9999999999999998,0.0,3
star_with_chain_backbone,32,0,10288,1.1666666666666667,1.25,1.9709505944546686,0.9999999999999998,0.0,3
star_with_chain_backbone,33,1,24708,1.1666666666666667,1.25,1.9709505944546686,0.9999999999999998,0.0,3
star_with_chain_backbone,34,0,70418,1.1666666666666667,1.25,1.9709505944546686,0.9999999999999998,0.0,3
star_with_chain_backbone,35,0,6910,1.1666666666666667,1.25,1.9709505944546686,0.9999999999999998,0.0,3
star_with_chain_backbone,36,0,7803,1.1666666666666667,1.25,1.9709505944546686,0.9999999999999998,0.0,3
star_with_chain_backbone,37,1,2683,1.1666666666666667,1.25,1.9709505944546686,0.9999999999999998,0.0,3
star_with_chain_backbone,38,0,25235,1.1666666666666667,1.25,1.9709505944546686,0.9999999999999998,0.0,3
star_with_chain_backbone,39,0,7726,1.1666666666666667,1.25,1.9709505944546686,0.9999999999999998,0.0,3
star_with_chain_backbone,40,0,25514,1.1666666666666667,1.25,1.9709505944546686,0.9999999999999998,0.0,3
star_with_chain_backbone,41,0,9990,1.1666666666666667,1.25,1.9709505944546686,0.9999999999999998,0.0,3
star_with_chain_backbone,42,0,13017,1.1666666666666667,1.25,1.9709505944546686,0.9999999999999998,0.0,3
star_with_chain_backbone,43,0,16862,1.1666666666666667,1.25,1.9709505944546686,0.9999999999999998,0.0,3
star_with_chain_backbone,44,0,39998,1.1666666666666667,1.25,1.9709505944546686,0.9999999999999998,0.0,3
star_with_chain_backbone,45,0,76092,1.1666666666666667,1.25,1.9709505944546686,0.9999999999999998,0.0,3
star_with_chain_backbone,46,0,3225,1.1666666666666667,1.25,1.9709505944546686,0.9999999999999998,0.0,3
star_with_chain_backbone,47,1,4111,1.1666666666666667,1.25,1.9709505944546686,0.9999999999999998,0.0,3
star_with_chain_backbone,48,0,2658,1.1666666666666667,1.25,1.9709505944546686,0.9999999999999998,0.0,3
star_with_chain_backbone,49,1,5813,1.1666666666666667,1.25,1.9709505944546686,0.9999999999999998,0.0,3
star_with_chain_backbone,50,0,62365,1.1666666666666667,1.25,1.9709505944546686,0.9999999999999998,0.0,3
star_with_chain_backbone,51,0,7157,1.1666666666666667,1.25,1.9709505944546686,0.9999999999999998,0.0,3
star_with_chain_backbone,52,0,67646,1.1666666666666667,1.25,1.9709505944546686,0.9999999999999998,0.0,3
star_with_chain_backbone,53,0,11410,1.1666666666666667,1.25,1.9709505944546686,0.9999999999999998,0.0,3
star_with_chain_backbone,54,0,13550,1.1666666666666667,1.25,1.9709505944546686,0.9999999999999998,0.0,3
star_with_chain_backbone,55,0,3187,1.1666666666666667,1.25,1.9709505944546686,0.9999999999999998,0.0,3
star_with_chain_backbone,56,0,2941,1.1666666666666667,1.25,1.9709505944546686,0.9999999999999998,0.0,3
star_with_chain_backbone,57,0,984,1.1666666666666667,1.25,1.9709505944546686,0.9999999999999998,0.0,3
star_with_chain_backbone,58,0,75789,1.1666666666666667,1.25,1.9709505944546686,0.9999999999999998,0.0,3
star_with_chain_backbone,59,0,4086,1.1666666666666667,1.25,1.9709505944546686,0.9999999999999998,0.0,3
star_with_chain_backbone,60,1,35632,1.1666666666666667,1.25,1.9709505944546686,0.9999999999999998,0.0,3
star_with_chain_backbone,61,0,23472,1.1666666666666667,1.25,1.9709505944546686,0.9999999999999998,0.0,3
star_with_chain_backbone,62,0,11000,1.1666666666666667,1.25,1.9709505944546686,0.9999999999999998,0.0,3
star_with_chain_backbone,63,0,102197,1.1666666666666667,1.25,1.9709505944546686,0.9999999999999998,0.0,3
star_with_chain_backbone,64,0,7236,1.1666666666666667,1.25,1.9709505944546686,0.9999999999999998,0.0,3
star_with_chain_backbone,65,0,16933,1.1666666666666667,1.25,1.9709505944546686,0.9999999999999998,0.0,3
star_with_chain_backbone,66,0,21128,1.1666666666666667,1.25,1.9709505944546686,0.9999999999999998,0.0,3
star_with_chain_backbone,67,0,3458,1.1666666666666667,1.25,1.9709505944546686,0.9999999999999998,0.0,3
star_with_chain_backbone,68,1,2819,1.1666666666666667,1.25,1.9709505944546686,0.9999999999999998,0.0,3
star_with_chain_backbone,69,0,6765,1.1666666666666667,1.25,1.9709505944546686,0.9999999999999998,0.0,3
star_with_chain_backbone,70,0,2879,1.1666666666666667,1.25,1.9709505944546686,0.9999999999999998,0.0,3
star_with_chain_backbone,71,0,19535,1.1666666666666667,1.25,1.9709505944546686,0.9999999999999998,0.0,3
star_with_chain_backbone,72,0,2452,1.1666666666666667,1.25,1.9709505944546686,0.9999999999999998,0.0,3
star_with_chain_backbone,73,0,51999,1.1666666666666667,1.25,1.9709505944546686,0.9999999999999998,0.0,3
star_with_chain_backbone,74,0,4406,1.1666666666666667,1.25,1.9709505944546686,0.9999999999999998,0.0,3
star_with_chain_backbone,75,1,6519,1.1666666666666667,1.25,1.9709505944546686,0.9999999999999998,0.0,3
star_with_chain_backbone,76,0,26406,1.1666666666666667,1.25,1.9709505944546686,0.9999999999999998,0.0,3
star_with_chain_backbone,77,0,7898,1.1666666666666667,1.25,1.9709505944546686,0.9999999999999998,0.0,3
star_with_chain_backbone,78,0,3109,1.1666666666666667,1.25,1.9709505944546686,0.9999999999999998,0.0,3
star_with_chain_backbone,79,1,10460,1.1666666666666667,1.25,1.9709505944546686,0.9999999999999998,0.0,3
star_with_chain_backbone,80,0,139022,1.1666666666666667,1.25,1.9709505944546686,0.9999999999999998,0.0,3
star_with_chain_backbone,81,0,564,1.1666666666666667,1.25,1.9709505944546686,0.9999999999999998,0.0,3
star_with_chain_backbone,82,0,6823,1.1666666666666667,1.25,1.9709505944546686,0.9999999999999998,0.0,3
star_with_chain_backbone,83,0,2508,1.1666666666666667,1.25,1.9709505944546686,0.9999999999999998,0.0,3
star_with_chain_backbone,84,0,46753,1.1666666666666667,1.25,1.9709505944546686,0.9999999999999998,0.0,3
star_with_chain_backbone,85,0,8809,1.1666666666666667,1.25,1.9709505944546686,0.9999999999999998,0.0,3
star_with_chain_backbone,86,0,44924,1.1666666666666667,1.25,1.9709505944546686,0.9999999999999998,0.0,3
star_with_chain_backbone,87,0,10116,1.1666666666666667,1.25,1.9709505944546686,0.9999999999999998,0.0,3
star_with_chain_backbone,88,0,9699,1.1666666666666667,1.25,1.9709505944546686,0.9999999999999998,0.0,3
star_with_chain_backbone,89,0,35492,1.1666666666666667,1.25,1.9709505944546686,0.9999999999999998,0.0,3
star_with_chain_backbone,90,0,184841,1.1666666666666667,1.25,1.9709505944546686,0.9999999999999998,0.0,3
star_with_chain_backbone,91,0,22473,1.1666666666666667,1.25,1.9709505944546686,0.9999999999999998,0.0,3
star_with_chain_backbone,92,0,2908,1.1666666666666667,1.25,1.9709505944546686,0.9999999999999998,0.0,3
star_with_chain_backbone,93,1,57835,1.1666666666666667,1.25,1.9709505944546686,0.9999999999999998,0.0,3
star_with_chain_backbone,94,0,1150,1.1666666666666667,1.25,1.9709505944546686,0.9999999999999998,0.0,3
star_with_chain_backbone,95,0,4585,1.1666666666666667,1.25,1.9709505944546686,0.9999999999999998,0.0,3
star_with_chain_backbone,96,0,5658,1.1666666666666667,1.25,1.9709505944546686,0.9999999999999998,0.0,3
star_with_chain_backbone,97,0,2882,1.1666666666666667,1.25,1.9709505944546686,0.9999999999999998,0.0,3
star_with_chain_backbone,98,0,5976,1.1666666666666667,1.25,1.9709505944546686,0.9999999999999998,0.0,3
star_with_chain_backbone,99,0,8503,1.1666666666666667,1.25,1.9709505944546686,0.9999999999999998,0.0,3
two_layer_ensemble_3,0,0,47827,1.3,1.4,2.2359263506290326,0.9999999999999992,0.0,4
two_layer_ensemble_3,1,1,1542,1.3,1.4,2.2359263506290326,0.9999999999999992,0.0,4
two_layer_ensemble_3,2,0,3210,1.3,1.4,2.2359263506290326,0.9999999999999992,0.0,4
two_layer_ensemble_3,3,0,33737,1.3,1.4,2.2359263506290326,0.9999999999999992,0.0,4
two_layer_ensemble_3,4,0,104392,1.3,1.4,2.2359263506290326,0.9999999999999992,0.0,4
two_layer_ensemble_3,5,1,83351,1.3,1.4,2.2359263506290326,0.9999999999999992,0.0,4
two_layer_ensemble_3,6,0,94816,1.3,1.4,2.2359263506290326,0.9999999999999992,0.0,4
two_layer_ensemble_3,7,0,45937,1.3,1.4,2.2359263506290326,0.9999999999999992,0.0,4
two_layer_ensemble_3,8,0,19900,1.3,1.4,2.2359263506290326,0.9999999999999992,0.0,4
two_layer_ensemble_3,9,0,50503,1.3,1.4,2.2359263506290326,0.9999999999999992,0.0,4
two_layer_ensemble_3,10,0,24299,1.3,1.4,2.2359263506290326,0.9999999999999992,0.0,4
two_layer_ensemble_3,11,1,7773,1.3,1.4,2.2359263506290326,0.9999999999999992,0.0,4
two_layer_ensemble_3,12,0,718,1.3,1.4,2.2359263506290326,0.9999999999999992,0.0,4
two_layer_ensemble_3,13,1,21427,1.3,1.4,2.2359263506290326,0.9999999999999992,0.0,4
two_layer_ensemble_3,14,0,28198,1.3,1.4,2.2359263506290326,0.9999999999999992,0.0,4
two_layer_ensemble_3,15,0,5393,1.3,1.4,2.2359263506290326,0.9999999999999992,0.0,4
two_layer_ensemble_3,16,0,5324,1.3,1.4,2.2359263506290326,0.9999999999999992,0.0,4
two_layer_ensemble_3,17,0,53538,1.3,1.4,2.2359263506290326,0.9999999999999992,0.0,4
two_layer_ensemble_3,18,0,2653,1.3,1.4,2.2359263506290326,0.9999999999999992,0.0,4
two_layer_ensemble_3,19,0,110439,1.3,1.4,2.2359263506290326,0.9999999999999992,0.0,4
two_layer_ensemble_3,20,0,2327,1.3,1.4,2.2359263506290326,0.9999999999999992,0.0,4
two_layer_ensemble_3,21,0,3720,1.3,1.4,2.2359263506290326,0.9999999999999992,0.0,4
two_layer_ensemble_3,22,0,40984,1.3,1.4,2.2359263506290326,0.9999999999999992,0.0,4
two_layer_ensemble_3,23,0,1247,1.3,1.4,2.2359263506290326,0.9999999999999992,0.0,4
two_layer_ensemble_3,24,0,16009,1.3,1.4,2.2359263506290326,0.9999999999999992,0.0,4
two_layer_ensemble_3,25,0,16488,1.3,1.4,2.2359263506290326,0.9999999999999992,0.0,4
two_layer_ensemble_3,26,1,74899,1.3,1.4,2.2359263506290326,0.9999999999999992,0.0,4
two_layer_ensemble_3,27,0,6227,1.3,1.4,2.2359263506290326,0.9999999999999992,0.0,4
two_layer_ensemble_3,28,1,41731,1.3,1.4,2.2359263506290326,0.9999999999999992,0.0,4
two_layer_ensemble_3,29,0,12836,1.3,1.4,2.2359263506290326,0.9999999999999992,0.0,4
two_layer_ensemble_3,30,0,3060,1.3,1.4,2.2359263506290326,0.9999999999999992,0.0,4
two_layer_ensemble_3,31,0,18817,1.3,1.4,2.2359263506290326,0.9999999999999992,0.0,4
two_layer_ensemble_3,32,0,10326,1.3,1.4,2.2359263506290326,0.9999999999999992,0.0,4
two_layer_ensemble_3,33,1,34620,1.3,1.4,2.2359263506290326,0.9999999999999992,0.0,4
two_layer_ensemble_3,34,0,56070,1.3,1.4,2.2359263506290326,0.9999999999999992,0.0,4
two_layer_ensemble_3,35,0,6778,1.3,1.4,2.2359263506290326,0.9999999999999992,0.0,4
two_layer_ensemble_3,36,0,1090,1.3,1.4,2.2359263506290326,0.9999999999999992,0.0,4
two_layer_ensemble_3,37,0,6102,1.3,1.4,2.2359263506290326,0.9999999999999992,0.0,4
two_layer_ensemble_3,38,0,40737,1.3,1.4,2.2359263506290326,0.9999999999999992,0.0,4
two_layer_ensemble_3,39,0,7832,1.3,1.4,2.2359263506290326,0.9999999999999992,0.0,4
two_layer_ensemble_3,40,1,85899,1.3,1.4,2.2359263506290326,0.9999999999999992,0.0,4
two_layer_ensemble_3,41,0,2729,1.3,1.4,2.2359263506290326,0.9999999999999992,0.0,4
two_layer_ensemble_3,42,1,8906,1.3,1.4,2.2359263506290326,0.9999999999999992,0.0,4
two_layer_ensemble_3,43,0,17814,1.3,1.4,2.2359263506290326,0.9999999999999992,0.0,4
two_layer_ensemble_3,44,0,24785,1.3,1.4,2.2359263506290326,0.9999999999999992,0.0,4
two_layer_ensemble_3,45,0,142793,1.3,1.4,2.2359263506290326,0.9999999999999992,0.0,4
two_layer_ensemble_3,46,0,4030,1.3,1.4,2.2359263506290326,0.9999999999999992,0.0,4
two_layer_ensemble_3,47,0,5562,1.3,1.4,2.2359263506290326,0.9999999999999992,0.0,4
two_layer_ensemble_3,48,0,1617,1.3,1.4,2.2359263506290326,0.9999999999999992,0.0,4
two_layer_ensemble_3,49,1,19290,1.3,1.4,2.2359263506290326,0.9999999999999992,0.0,4
two_layer_ensemble_3,50,0,62666,1.3,1.4,2.2359263506290326,0.9999999999999992,0.0,4
two_layer_ensemble_3,51,1,73056,1.3,1.4,2.2359263506290326,0.9999999999999992,0.0,4
two_layer_ensemble_3,52,0,58963,1.3,1.4,2.2359263506290326,0.9999999999999992,0.0,4
two_layer_ensemble_3,53,0,3920,1.3,1.4,2.2359263506290326,0.9999999999999992,0.0,4
two_layer_ensemble_3,54,0,2372,1.3,1.4,2.2359263506290326,0.9999999999999992,0.0,4
two_layer_ensemble_3,55,0,3540,1.3,1.4,2.2359263506290326,0.9999999999999992,0.0,4
two_layer_ensemble_3,56,0,5670,1.3,1.4,2.2359263506290326,0.9999999999999992,0.0,4
two_layer_ensemble_3,57,0,4008,1.3,1.4,2.2359263506290326,0.9999999999999992,0.0,4
two_layer_ensemble_3,58,1,42243,1.3,1.4,2.2359263506290326,0.9999999999999992,0.0,4
two_layer_ensemble_3,59,0,1540,1.3,1.4,2.2359263506290326,0.9999999999999992,0.0,4
two_layer_ensemble_3,60,0,4262,1.3,1.4,2.2359263506290326,0.9999999999999992,0.0,4
two_layer_ensemble_3,61,0,12631,1.3,1.4,2.2359263506290326,0.9999999999999992,0.0,4
two_layer_ensemble_3,62,0,28486,1.3,1.4,2.2359263506290326,0.9999999999999992,0.0,4
two_layer_ensemble_3,63,0,59830,1.3,1.4,2.2359263506290326,0.9999999999999992,0.0,4
two_layer_ensemble_3,64,0,4770,1.3,1.4,2.2359263506290326,0.9999999999999992,0.0,4
two_layer_ensemble_3,65,0,17225,1.3,1.4,2.2359263506290326,0.9999999999999992,0.0,4
two_layer_ensemble_3,66,0,1496,1.3,1.4,2.2359263506290326,0.9999999999999992,0.0,4
two_layer_ensemble_3,67,0,20674,1.3,1.4,2.2359263506290326,0.9999999999999992,0.0,4
two_layer_ensemble_3,68,1,2770,1.3,1.4,2.2359263506290326,0.9999999999999992,0.0,4
two_layer_ensemble_3,69,0,2678,1.3,1.4,2.2359263506290326,0.9999999999999992,0.0,4
two_layer_ensemble_3,70,0,2930,1.3,1.4,2.2359263506290326,0.9999999999999992,0.0,4
two_layer_ensemble_3,71,0,23784,1.3,1.4,2.2359263506290326,0.9999999999999992,0.0,4
two_layer_ensemble_3,72,0,9614,1.3,1.4,2.2359263506290326,0.9999999999999992,0.0,4
two_layer_ensemble_3,73,0,1164,1.3,1.4,2.2359263506290326,0.9999999999999992,0.0,4
two_layer_ensemble_3,74,0,464,1.3,1.4,2.2359263506290326,0.9999999999999992,0.0,4
two_layer_ensemble_3,75,1,8324,1.3,1.4,2.2359263506290326,0.9999999999999992,0.0,4
two_layer_ensemble_3,76,0,45854,1.3,1.4,2.2359263506290326,0.9999999999999992,0.0,4
two_layer_ensemble_3,77,0,23480,1.3,1.4,2.2359263506290326,0.9999999999999992,0.0,4
two_layer_ensemble_3,78,0,11662,1.3,1.4,2.2359263506290326,0.9999999999999992,0.0,4
two_layer_ensemble_3,79,1,84607,1.3,1.4,2.2359263506290326,0.9999999999999992,0.0,4
two_layer_ensemble_3,80,0,52423,1.3,1.4,2.2359263506290326,0.9999999999999992,0.0,4
two_layer_ensemble_3,81,1,962,1.3,1.4,2.2359263506290326,0.9999999999999992,0.0,4
two_layer_ensemble_3,82,0,18492,1.3,1.4,2.2359263506290326,0.9999999999999992,0.0,4
two_layer_ensemble_3,83,0,2436,1.3,1.4,2.2359263506290326,0.9999999999999992,0.0,4
two_layer_ensemble_3,84,0,51903,1.3,1.4,2.2359263506290326,0.9999999999999992,0.0,4
two_layer_ensemble_3,85,0,9302,1.3,1.4,2.2359263506290326,0.9999999999999992,0.0,4
two_layer_ensemble_3,86,0,2357,1.3,1.4,2.2359263506290326,0.9999999999999992,0.0,4
two_layer_ensemble_3,87,0,10346,1.3,1.4,2.2359263506290326,0.9999999999999992,0.0,4
two_layer_ensemble_3,88,0,8447,1.3,1.4,2.2359263506290326,0.9999999999999992,0.0,4
two_layer_ensemble_3,89,0,127343,1.3,1.4,2.2359263506290326,0.9999999999999992,0.0,4
two_layer_ensemble_3,90,0,3608,1.3,1.4,2.2359263506290326,0.9999999999999992,0.0,4
two_layer_ensemble_3,91,0,47899,1.3,1.4,2.2359263506290326,0.9999999999999992,0.0,4
two_layer_ensemble_3,92,0,62203,1.3,1.4,2.2359263506290326,0.9999999999999992,0.0,4
two_layer_ensemble_3,93,0,12920,1.3,1.4,2.2359263506290326,0.9999999999999992,0.0,4
two_layer_ensemble_3,94,0,1448,1.3,1.4,2.2359263506290326,0.9999999999999992,0.0,4
two_layer_ensemble_3,95,1,23503,1.3,1.4,2.2359263506290326,0.9999999999999992,0.0,4
two_layer_ensemble_3,96,0,5027,1.3,1.4,2.2359263506290326,0.9999999999999992,0.0,4
two_layer_ensemble_3,97,0,3442,1.3,1.4,2.2359263506290326,0.9999999999999992,0.0,4
two_layer_ensemble_3,98,0,14793,1.3,1.4,2.2359263506290326,0.9999999999999992,0.0,4
two_layer_ensemble_3,99,0,88516,1.3,1.4,2.2359263506290326,0.9999999999999992,0.0,4
two_layer_ensemble_5,0,0,99832,1.4761904761904763,1.5714285714285714,2.5949066182439395,0.9999999999999989,0.0,6
two_layer_ensemble_5,1,1,8415,1.4761904761904763,1.5714285714285714,2.5949066182439395,0.9999999999999989,0.0,6
two_layer_ensemble_5,2,0,23098,1.4761904761904763,1.5714285714285714,2.5949066182439395,0.9999999999999989,0.0,6
two_layer_ensemble_5,3,0,67870,1.4761904761904763,1.5714285714285714,2.5949066182439395,0.9999999999999989,0.0,6
two_layer_ensemble_5,4,0,127358,1.4761904761904763,1.5714285714285714,2.5949066182439395,0.9999999999999989,0.0,6
two_layer_ensemble_5,5,1,84832,1.4761904761904763,1.5714285714285714,2.5949066182439395,0.9999999999999989,0.0,6
two_layer_ensemble_5,6,0,107323,1.4761904761904763,1.5714285714285714,2.5949066182439395,0.9999999999999989,0.0,6
two_layer_ensemble_5,7,0,70927,1.4761904761904763,1.5714285714285714,2.5949066182439395,0.9999999999999989,0.0,6
two_layer_ensemble_5,8,0,175212,1.4761904761904763,1.5714285714285714,2.5949066182439395,0.9999999999999989,0.0,6
two_layer_ensemble_5,9,0,61313,1.4761904761904763,1.5714285714285714,2.5949066182439395,0.9999999999999989,0.0,6
two_layer_ensemble_5,10,0,161838,1.4761904761904763,1.5714285714285714,2.5949066182439395,0.9999999999999989,0.0,6
two_layer_ensemble_5,11,1,6411,1.4761904761904763,1.5714285714285714,2.5949066182439395,0.9999999999999989,0.0,6
two_layer_ensemble_5,12,0,6773,1.4761904761904763,1.5714285714285714,2.5949066182439395,0.9999999999999989,0.0,6
two_layer_ensemble_5,13,1,73383,1.4761904761904763,1.5714285714285714,2.5949066182439395,0.9999999999999989,0.0,6
two_layer_ensemble_5,14,0,49797,1.4761904761904763,1.5714285714285714,2.5949066182439395,0.9999999999999989,0.0,6
two_layer_ensemble_5,15,0,4260,1.4761904761904763,1.5714285714285714,2.5949066182439395,0.9999999999999989,0.0,6
two_layer_ensemble_5,16,0,5732,1.4761904761904763,1.5714285714285714,2.5949066182439395,0.9999999999999989,0.0,6
two_layer_ensemble_5,17,0,32967,1.4761904761904763,1.5714285714285714,2.5949066182439395,0.9999999999999989,0.0,6
two_layer_ensemble_5,18,0,24480,1.4761904761904763,1.5714285714285714,2.5949066182439395,0.9999999999999989,0.0,6
two_layer_ensemble_5,19,0,5074,1.4761904761904763,1.5714285714285714,2.5949066182439395,0.9999999999999989,0.0,6
two_layer_ensemble_5,20,0,2742,1.4761904761904763,1.5714285714285714,2.5949066182439395,0.9999999999999989,0.0,6
two_layer_ensemble_5,21,0,5779,1.4761904761904763,1.5714285714285714,2.5949066182439395,0.9999999999999989,0.0,6
two_layer_ensemble_5,22,0,142503,1.4761904761904763,1.5714285714285714,2.5949066182439395,0.9999999999999989,0.0,6
two_layer_ensemble_5,23,0,2465,1.4761904761904763,1.5714285714285714,2.5949066182439395,0.9999999999999989,0.0,6
two_layer_ensemble_5,24,1,272519,1.4761904761904763,1.5714285714285714,2.5949066182439395,0.9999999999999989,0.0,6
two_layer_ensemble_5,25,0,2044,1.4761904761904763,1.5714285714285714,2.5949066182439395,0.9999999999999989,0.0,6
two_layer_ensemble_5,26,0,147409,1.4761904761904763,1.5714285714285714,2.5949066182439395,0.9999999999999989,0.0,6
two_layer_ensemble_5,27,0,13318,1.4761904761904763,1.5714285714285714,2.5949066182439395,0.9999999999999989,0.0,6
two_layer_ensemble_5,28,0,3347,1.4761904761904763,1.5714285714285714,2.5949066182439395,0.9999999999999989,0.0,6
two_layer_ensemble_5,29,0,12648,1.4761904761904763,1.5714285714285714,2.5949066182439395,0.9999999999999989,0.0,6
two_layer_ensemble_5,30,0,15143,1.4761904761904763,1.5714285714285714,2.5949066182439395,0.9999999999999989,0.0,6
two_layer_ensemble_5,31,0,61744,1.4761904761904763,1.5714285714285714,2.5949066182439395,0.9999999999999989,0.0,6
two_layer_ensemble_5,32,0,13536,1.4761904761904763,1.5714285714285714,2.5949066182439395,0.9999999999999989,0.0,6
two_layer_ensemble_5,33,1,54338,1.4761904761904763,1.5714285714285714,2.5949066182439395,0.9999999999999989,0.0,6
two_layer_ensemble_5,34,0,152401,1.4761904761904763,1.5714285714285714,2.5949066182439395,0.9999999999999989,0.0,6
two_layer_ensemble_5,35,0,9264,1.4761904761904763,1.5714285714285714,2.5949066182439395,0.9999999999999989,0.0,6
two_layer_ensemble_5,36,0,12335,1.4761904761904763,1.5714285714285714,2.5949066182439395,0.9999999999999989,0.0,6
two_layer_ensemble_5,37,0,2609,1.4761904761904763,1.5714285714285714,2.5949066182439395,0.9999999999999989,0.0,6
two_layer_ensemble_5,38,0,69849,1.4761904761904763,1.5714285714285714,2.5949066182439395,0.9999999999999989,0.0,6
two_layer_ensemble_5,39,0,14214,1.4761904761904763,1.5714285714285714,2.5949066182439395,0.9999999999999989,0.0,6
two_layer_ensemble_5,40,0,71083,1.4761904761904763,1.5714285714285714,2.5949066182439395,0.9999999999999989,0.0,6
two_layer_ensemble_5,41,0,8443,1.4761904761904763,1.5714285714285714,2.5949066182439395,0.9999999999999989,0.0,6
two_layer_ensemble_5,42,0,19891,1.4761904761904763,1.5714285714285714,2.5949066182439395,0.9999999999999989,0.0,6
two_layer_ensemble_5,43,0,48183,1.4761904761904763,1.5714285714285714,2.5949066182439395,0.9999999999999989,0.0,6
two_layer_ensemble_5,44,0,464266,1.4761904761904763,1.5714285714285714,2.5949066182439395,0.9999999999999989,0.0,6
two_layer_ensemble_5,45,0,118170,1.4761904761904763,1.5714285714285714,2.5949066182439395,0.9999999999999989,0.0,6
two_layer_ensemble_5,46,0,10392,1.4761904761904763,1.5714285714285714,2.5949066182439395,0.9999999999999989,0.0,6
two_layer_ensemble_5,47,0,9612,1.4761904761904763,1.5714285714285714,2.5949066182439395,0.9999999999999989,0.0,6
two_layer_ensemble_5,48,0,3395,1.4761904761904763,1.5714285714285714,2.5949066182439395,0.9999999999999989,0.0,6
two_layer_ensemble_5,49,1,31558,1.4761904761904763,1.5714285714285714,2.5949066182439395,0.9999999999999989,0.0,6
two_layer_ensemble_5,50,0,5824,1.4761904761904763,1.5714285714285714,2.5949066182439395,0.9999999999999989,0.0,6
two_layer_ensemble_5,51,1,67876,1.4761904761904763,1.5714285714285714,2.5949066182439395,0.9999999999999989,0.0,6
two_layer_ensemble_5,52,0,153728,1.4761904761904763,1.5714285714285714,2.5949066182439395,0.9999999999999989,0.0,6
two_layer_ensemble_5,53,0,11813,1.4761904761904763,1.5714285714285714,2.5949066182439395,0.9999999999999989,0.0,6
two_layer_ensemble_5,54,0,66573,1.4761904761904763,1.5714285714285714,2.5949066182439395,0.9999999999999989,0.0,6
two_layer_ensemble_5,55,0,3406,1.4761904761904763,1.5714285714285714,2.5949066182439395,0.9999999999999989,0.0,6
two_layer_ensemble_5,56,0,14880,1.4761904761904763,1.5714285714285714,2.5949066182439395,0.9999999999999989,0.0,6
two_layer_ensemble_5,57,0,14417,1.4761904761904763,1.5714285714285714,2.5949066182439395,0.9999999999999989,0.0,6
two_layer_ensemble_5,58,0,85059,1.4761904761904763,1.5714285714285714,2.5949066182439395,0.9999999999999989,0.0,6
two_layer_ensemble_5,59,0,5392,1.4761904761904763,1.5714285714285714,2.5949066182439395,0.9999999999999989,0.0,6
two_layer_ensemble_5,60,1,74345,1.4761904761904763,1.5714285714285714,2.5949066182439395,0.9999999999999989,0.0,6
two_layer_ensemble_5,61,0,21003,1.4761904761904763,1.5714285714285714,2.5949066182439395,0.9999999999999989,0.0,6
two_layer_ensemble_5,62,0,26545,1.4761904761904763,1.5714285714285714,2.5949066182439395,0.9999999999999989,0.0,6
two_layer_ensemble_5,63,0,301675,1.4761904761904763,1.5714285714285714,2.5949066182439395,0.9999999999999989,0.0,6
two_layer_ensemble_5,64,0,2531,1.4761904761904763,1.5714285714285714,2.5949066182439395,0.9999999999999989,0.0,6
two_layer_ensemble_5,65,0,46884,1.4761904761904763,1.5714285714285714,2.5949066182439395,0.9999999999999989,0.0,6
two_layer_ensemble_5,66,0,33672,1.4761904761904763,1.5714285714285714,2.5949066182439395,0.9999999999999989,0.0,6
two_layer_ensemble_5,67,0,64688,1.4761904761904763,1.5714285714285714,2.5949066182439395,0.9999999999999989,0.0,6
two_layer_ensemble_5,68,0,6758,1.4761904761904763,1.5714285714285714,2.5949066182439395,0.9999999999999989,0.0,6
two_layer_ensemble_5,69,0,12882,1.4761904761904763,1.5714285714285714,2.5949066182439395,0.9999999999999989,0.0,6
two_layer_ensemble_5,70,1,13897,1.4761904761904763,1.5714285714285714,2.5949066182439395,0.9999999999999989,0.0,6
two_layer_ensemble_5,71,0,9990,1.4761904761904763,1.5714285714285714,2.5949066182439395,0.9999999999999989,0.0,6
two_layer_ensemble_5,72,0,5395,1.4761904761904763,1.5714285714285714,2.5949066182439395,0.9999999999999989,0.0,6
two_layer_ensemble_5,73,0,1850,1.4761904761904763,1.5714285714285714,2.5949066182439395,0.9999999999999989,0.0,6
two_layer_ensemble_5,74,0,11713,1.4761904761904763,1.5714285714285714,2.5949066182439395,0.9999999999999989,0.0,6
two_layer_ensemble_5,75,1,11501,1.4761904761904763,1.5714285714285714,2.5949066182439395,0.9999999999999989,0.0,6
two_layer_ensemble_5,76,0,53593,1.4761904761904763,1.5714285714285714,2.5949066182439395,0.9999999999999989,0.0,6
two_layer_ensemble_5,77,0,76430,1.4761904761904763,1.5714285714285714,2.5949066182439395,0.9999999999999989,0.0,6
two_layer_ensemble_5,78,0,12274,1.4761904761904763,1.5714285714285714,2.5949066182439395,0.9999999999999989,0.0,6
two_layer_ensemble_5,79,1,11338,1.4761904761904763,1.5714285714285714,2.5949066182439395,0.9999999999999989,0.0,6
two_layer_ensemble_5,80,0,43457,1.4761904761904763,1.5714285714285714,2.5949066182439395,0.9999999999999989,0.0,6
two_layer_ensemble_5,81,0,6596,1.4761904761904763,1.5714285714285714,2.5949066182439395,0.9999999999999989,0.0,6
two_layer_ensemble_5,82,1,192063,1.4761904761904763,1.5714285714285714,2.5949066182439395,0.9999999999999989,0.0,6
two_layer_ensemble_5,83,0,3539,1.4761904761904763,1.5714285714285714,2.5949066182439395,0.9999999999999989,0.0,6
two_layer_ensemble_5,84,0,83770,1.4761904761904763,1.5714285714285714,2.5949066182439395,0.9999999999999989,0.0,6
two_layer_ensemble_5,85,0,18270,1.4761904761904763,1.5714285714285714,2.5949066182439395,0.9999999999999989,0.0,6
two_layer_ensemble_5,86,0,5390,1.4761904761904763,1.5714285714285714,2.5949066182439395,0.9999999999999989,0.0,6
two_layer_ensemble_5,87,0,15698,1.4761904761904763,1.5714285714285714,2.5949066182439395,0.9999999999999989,0.0,6
two_layer_ensemble_5,88,0,8391,1.4761904761904763,1.5714285714285714,2.5949066182439395,0.9999999999999989,0.0,6
two_layer_ensemble_5,89,1,90210,1.4761904761904763,1.5714285714285714,2.5949066182439395,0.9999999999999989,0.0,6
two_layer_ensemble_5,90,0,310357,1.4761904761904763,1.5714285714285714,2.5949066182439395,0.9999999999999989,0.0,6
two_layer_ensemble_5,91,0,56908,1.4761904761904763,1.5714285714285714,2.5949066182439395,0.9999999999999989,0.0,6
two_layer_ensemble_5,92,0,158526,1.4761904761904763,1.5714285714285714,2.5949066182439395,0.9999999999999989,0.0,6
two_layer_ensemble_5,93,0,85096,1.4761904761904763,1.5714285714285714,2.5949066182439395,0.9999999999999989,0.0,6
two_layer_ensemble_5,94,0,8244,1.4761904761904763,1.5714285714285714,2.5949066182439395,0.9999999999999989,0.0,6
two_layer_ensemble_5,95,0,7135,1.4761904761904763,1.5714285714285714,2.5949066182439395,0.9999999999999989,0.0,6
two_layer_ensemble_5,96,0,11154,1.4761904761904763,1.5714285714285714,2.5949066182439395,0.9999999999999989,0.0,6
two_layer_ensemble_5,97,0,4692,1.4761904761904763,1.5714285714285714,2.5949066182439395,0.9999999999999989,0.0,6
two_layer_ensemble_5,98,0,17653,1.4761904761904763,1.5714285714285714,2.5949066182439395,0.9999999999999989,0.0,6
two_layer_ensemble_5,99,1,216289,1.4761904761904763,1.5714285714285714,2.5949066182439395,0.9999999999999989,0.0,6
two_stars_merged,0,0,60143,1.5714285714285714,1.2857142857142858,2.752715278979705,0.565741454089335,0.0,6
two_stars_merged,1,1,11698,1.5714285714285714,1.2857142857142858,2.752715278979705,0.565741454089335,0.0,6
two_stars_merged,2,0,32560,1.5714285714285714,1.2857142857142858,2.752715278979705,0.565741454089335,0.0,6
two_stars_merged,3,0,108291,1.5714285714285714,1.2857142857142858,2.752715278979705,0.565741454089335,0.0,6
two_stars_merged,4,0,8282,1.5714285714285714,1.2857142857142858,2.752715278979705,0.565741454089335,0.0,6
two_stars_merged,5,1,82583,1.5714285714285714,1.2857142857142858,2.752715278979705,0.565741454089335,0.0,6
two_stars_merged,6,0,56922,1.5714285714285714,1.2857142857142858,2.752715278979705,0.565741454089335,0.0,6
two_stars_merged,7,0,118274,1.5714285714285714,1.2857142857142858,2.752715278979705,0.565741454089335,0.0,6
two_stars_merged,8,0,105667,1.5714285714285714,1.2857142857142858,2.752715278979705,0.565741454089335,0.0,6
two_stars_merged,9,0,85472,1.5714285714285714,1.2857142857142858,2.752715278979705,0.565741454089335,0.0,6
two_stars_merged,10,0,97109,1.5714285714285714,1.2857142857142858,2.752715278979705,0.565741454089335,0.0,6
two_stars_merged,11,1,68905,1.5714285714285714,1.2857142857142858,2.752715278979705,0.565741454089335,0.0,6
two_stars_merged,12,0,4221,1.5714285714285714,1.2857142857142858,2.752715278979705,0.565741454089335,0.0,6
two_stars_merged,13,1,35614,1.5714285714285714,1.2857142857142858,2.752715278979705,0.565741454089335,0.0,6
two_stars_merged,14,0,30190,1.5714285714285714,1.2857142857142858,2.752715278979705,0.565741454089335,0.0,6
two_stars_merged,15,0,6195,1.5714285714285714,1.2857142857142858,2.752715278979705,0.565741454089335,0.0,6
two_stars_merged,16,0,13479,1.5714285714285714,1.2857142857142858,2.752715278979705,0.565741454089335,0.0,6
two_stars_merged,17,0,37227,1.5714285714285714,1.2857142857142858,2.752715278979705,0.565741454089335,0.0,6
two_stars_merged,18,0,28254,1.5714285714285714,1.2857142857142858,2.752715278979705,0.565741454089335,0.0,6
two_stars_merged,19,0,4260,1.5714285714285714,1.2857142857142858,2.752715278979705,0.565741454089335,0.0,6
two_stars_merged,20,0,2216,1.5714285714285714,1.2857142857142858,2.752715278979705,0.565741454089335,0.0,6
two_stars_merged,21,0,8259,1.5714285714285714,1.2857142857142858,2.752715278979705,0.565741454089335,0.0,6
two_stars_merged,22,0,74625,1.5714285714285714,1.2857142857142858,2.752715278979705,0.565741454089335,0.0,6
two_stars_merged,23,0,1866,1.5714285714285714,1.2857142857142858,2.752715278979705,0.565741454089335,0.0,6
two_stars_merged,24,0,60017,1.5714285714285714,1.2857142857142858,2.752715278979705,0.565741454089335,0.0,6
two_stars_merged,25,0,2044,1.5714285714285714,1.2857142857142858,2.752715278979705,0.565741454089335,0.0,6
two_stars_merged,26,1,117312,1.5714285714285714,1.2857142857142858,2.752715278979705,0.565741454089335,0.0,6
two_stars_merged,27,0,13170,1.5714285714285714,1.2857142857142858,2.752715278979705,0.565741454089335,0.0,6
two_stars_merged,28,0,95168,1.5714285714285714,1.2857142857142858,2.752715278979705,0.565741454089335,0.0,6
two_stars_merged,29,0,11693,1.5714285714285714,1.2857142857142858,2.752715278979705,0.565741454089335,0.0,6
two_stars_merged,30,0,12428,1.5714285714285714,1.2857142857142858,2.752715278979705,0.565741454089335,0.0,6
two_stars_merged,31,0,95816,1.5714285714285714,1.2857142857142858,2.752715278979705,0.565741454089335,0.0,6
two_stars_merged,32,0,18316,1.5714285714285714,1.2857142857142858,2.752715278979705,0.565741454089335,0.0,6
two_stars_merged,33,0,19472,1.5714285714285714,1.2857142857142858,2.752715278979705,0.565741454089335,0.0,6
two_stars_merged,34,0,112275,1.5714285714285714,1.2857142857142858,2.752715278979705,0.565741454089335,0.0,6
two_stars_merged,35,0,8272,1.5714285714285714,1.2857142857142858,2.752715278979705,0.565741454089335,0.0,6
two_stars_merged,36,0,12626,1.5714285714285714,1.2857142857142858,2.752715278979705,0.565741454089335,0.0,6
two_stars_merged,37,0,5949,1.5714285714285714,1.2857142857142858,2.752715278979705,0.565741454089335,0.0,6
two_stars_merged,38,0,37751,1.5714285714285714,1.2857142857142858,2.752715278979705,0.565741454089335,0.0,6
two_stars_merged,39,0,14346,1.5714285714285714,1.2857142857142858,2.752715278979705,0.565741454089335,0.0,6
two_stars_merged,40,0,106076,1.5714285714285714,1.2857142857142858,2.752715278979705,0.565741454089335,0.0,6
two_stars_merged,41,0,7594,1.5714285714285714,1.2857142857142858,2.752715278979705,0.565741454089335,0.0,6
two_stars_merged,42,1,46104,1.5714285714285714,1.2857142857142858,2.752715278979705,0.565741454089335,0.0,6
two_stars_merged,43,0,13865,1.5714285714285714,1.2857142857142858,2.752715278979705,0.565741454089335,0.0,6
two_stars_merged,44,0,264193,1.5714285714285714,1.2857142857142858,2.752715278979705,0.565741454089335,0.0,6
two_stars_merged,45,0,266521,1.5714285714285714,1.2857142857142858,2.752715278979705,0.565741454089335,0.0,6
two_stars_merged,46,0,30104,1.5714285714285714,1.2857142857142858,2.752715278979705,0.565741454089335,0.0,6
two_stars_merged,47,0,31036,1.5714285714285714,1.2857142857142858,2.752715278979705,0.565741454089335,0.0,6
two_stars_merged,48,0,2585,1.5714285714285714,1.2857142857142858,2.752715278979705,0.565741454089335,0.0,6
two_stars_merged,49,0,13900,1.5714285714285714,1.2857142857142858,2.752715278979705,0.565741454089335,0.0,6
two_stars_merged,50,0,59956,1.5714285714285714,1.2857142857142858,2.752715278979705,0.565741454089335,0.0,6
two_stars_merged,51,1,72493,1.5714285714285714,1.2857142857142858,2.752715278979705,0.565741454089335,0.0,6
two_stars_merged,52,0,231880,1.5714285714285714,1.2857142857142858,2.752715278979705,0.565741454089335,0.0,6
two_stars_merged,53,0,8741,1.5714285714285714,1.2857142857142858,2.752715278979705,0.565741454089335,0.0,6
two_stars_merged,54,0,34934,1.5714285714285714,1.2857142857142858,2.752715278979705,0.565741454089335,0.0,6
two_stars_merged,55,0,3444,1.5714285714285714,1.2857142857142858,2.752715278979705,0.565741454089335,0.0,6
two_stars_merged,56,0,24460,1.5714285714285714,1.2857142857142858,2.752715278979705,0.565741454089335,0.0,6
two_stars_merged,57,0,8508,1.5714285714285714,1.2857142857142858,2.752715278979705,0.565741454089335,0.0,6
two_stars_merged,58,1,82545,1.5714285714285714,1.2857142857142858,2.752715278979705,0.565741454089335,0.0,6
two_stars_merged,59,0,3226,1.5714285714285714,1.2857142857142858,2.752715278979705,0.565741454089335,0.0,6
two_stars_merged,60,1,72363,1.5714285714285714,1.2857142857142858,2.752715278979705,0.565741454089335,0.0,6
two_stars_merged,61,0,58949,1.5714285714285714,1.2857142857142858,2.752715278979705,0.565741454089335,0.0,6
two_stars_merged,62,0,29370,1.5714285714285714,1.2857142857142858,2.752715278979705,0.565741454089335,0.0,6
two_stars_merged,63,0,49309,1.5714285714285714,1.2857142857142858,2.752715278979705,0.565741454089335,0.0,6
two_stars_merged,64,0,6384,1.5714285714285714,1.2857142857142858,2.752715278979705,0.565741454089335,0.0,6
two_stars_merged,65,0,14332,1.5714285714285714,1.2857142857142858,2.752715278979705,0.565741454089335,0.0,6
two_stars_merged,66,0,26384,1.5714285714285714,1.2857142857142858,2.752715278979705,0.565741454089335,0.0,6
two_stars_merged,67,0,78688,1.5714285714285714,1.2857142857142858,2.752715278979705,0.565741454089335,0.0,6
two_stars_merged,68,0,8127,1.5714285714285714,1.2857142857142858,2.752715278979705,0.565741454089335,0.0,6
two_stars_merged,69,0,7284,1.5714285714285714,1.2857142857142858,2.752715278979705,0.565741454089335,0.0,6
two_stars_merged,70,0,6286,1.5714285714285714,1.2857142857142858,2.752715278979705,0.565741454089335,0.0,6
two_stars_merged,71,0,28528,1.5714285714285714,1.2857142857142858,2.752715278979705,0.565741454089335,0.0,6
two_stars_merged,72,1,37872,1.5714285714285714,1.2857142857142858,2.752715278979705,0.565741454089335,0.0,6
two_stars_merged,73,0,7501,1.5714285714285714,1.2857142857142858,2.752715278979705,0.565741454089335,0.0,6
two_stars_merged,74,0,7466,1.5714285714285714,1.2857142857142858,2.752715278979705,0.565741454089335,0.0,6
two_stars_merged,75,1,15697,1.5714285714285714,1.2857142857142858,2.752715278979705,0.565741454089335,0.0,6
two_stars_merged,76,0,109075,1.5714285714285714,1.2857142857142858,2.752715278979705,0.565741454089335,0.0,6
two_stars_merged,77,0,100626,1.5714285714285714,1.2857142857142858,2.752715278979705,0.565741454089335,0.0,6
two_stars_merged,78,1,50023,1.5714285714285714,1.2857142857142858,2.752715278979705,0.565741454089335,0.0,6
two_stars_merged,79,1,206254,1.5714285714285714,1.2857142857142858,2.752715278979705,0.565741454089335,0.0,6
two_stars_merged,80,0,138508,1.5714285714285714,1.2857142857142858,2.752715278979705,0.565741454089335,0.0,6
two_stars_merged,81,1,4783,1.5714285714285714,1.2857142857142858,2.752715278979705,0.565741454089335,0.0,6
two_stars_merged,82,1,102684,1.5714285714285714,1.2857142857142858,2.752715278979705,0.565741454089335,0.0,6
two_stars_merged,83,0,2427,1.5714285714285714,1.2857142857142858,2.752715278979705,0.565741454089335,0.0,6
two_stars_merged,84,0,90020,1.5714285714285714,1.2857142857142858,2.752715278979705,0.565741454089335,0.0,6
two_stars_merged,85,0,16007,1.5714285714285714,1.2857142857142858,2.752715278979705,0.565741454089335,0.0,6
two_stars_merged,86,0,26994,1.5714285714285714,1.2857142857142858,2.752715278979705,0.565741454089335,0.0,6
two_stars_merged,87,0,11581,1.5714285714285714,1.2857142857142858,2.752715278979705,0.565741454089335,0.0,6
two_stars_merged,88,0,13306,1.5714285714285714,1.2857142857142858,2.752715278979705,0.565741454089335,0.0,6
two_stars_merged,89,0,48715,1.5714285714285714,1.2857142857142858,2.752715278979705,0.565741454089335,0.0,6
two_stars_merged,90,0,312214,1.5714285714285714,1.2857142857142858,2.752715278979705,0.565741454089335,0.0,6
two_stars_merged,91,0,62433,1.5714285714285714,1.2857142857142858,2.752715278979705,0.565741454089335,0.0,6
two_stars_merged,92,0,134886,1.5714285714285714,1.2857142857142858,2.752715278979705,0.565741454089335,0.0,6
two_stars_merged,93,1,85570,1.5714285714285714,1.2857142857142858,2.752715278979705,0.565741454089335,0.0,6
two_stars_merged,94,0,12039,1.5714285714285714,1.2857142857142858,2.752715278979705,0.565741454089335,0.0,6
two_stars_merged,95,0,12583,1.5714285714285714,1.2857142857142858,2.752715278979705,0.565741454089335,0.0,6
two_stars_merged,96,0,2978,1.5714285714285714,1.2857142857142858,2.752715278979705,0.565741454089335,0.0,6
two_stars_merged,97,0,5821,1.5714285714285714,1.2857142857142858,2.752715278979705,0.565741454089335,0.0,6
two_stars_merged,98,0,20990,1.5714285714285714,1.2857142857142858,2.752715278979705,0.565741454089335,0.0,6
two_stars_merged,99,0,200773,1.5714285714285714,1.2857142857142858,2.752715278979705,0.565741454089335,0.0,6
ws_3_k2_b03_s1,0,0,19164,1.3333333333333333,1.0,1.9056390622295665,0.771286446121831,0.0,3
ws_3_k2_b03_s1,1,0,2878,1.3333333333333333,1.0,1.9056390622295665,0.771286446121831,0.0,3
ws_3_k2_b03_s1,2,0,2348,1.3333333333333333,1.0,1.9056390622295665,0.771286446121831,0.0,3
ws_3_k2_b03_s1,3,0,57823,1.3333333333333333,1.0,1.9056390622295665,0.771286446121831,0.0,3
ws_3_k2_b03_s1,4,0,36180,1.3333333333333333,1.0,1.9056390622295665,0.771286446121831,0.0,3
ws_3_k2_b03_s1,5,0,4616,1.3333333333333333,1.0,1.9056390622295665,0.771286446121831,0.0,3
ws_3_k2_b03_s1,6,0,43092,1.3333333333333333,1.0,1.9056390622295665,0.771286446121831,0.0,3
ws_3_k2_b03_s1,7,0,114810,1.3333333333333333,1.0,1.9056390622295665,0.771286446121831,0.0,3
ws_3_k2_b03_s1,8,0,125845,1.3333333333333333,1.0,1.9056390622295665,0.771286446121831,0.0,3
ws_3_k2_b03_s1,9,0,12252,1.3333333333333333,1.0,1.9056390622295665,0.771286446121831,0.0,3
ws_3_k2_b03_s1,10,0,45640,1.3333333333333333,1.0,1.9056390622295665,0.771286446121831,0.0,3
ws_3_k2_b03_s1,11,0,3139,1.3333333333333333,1.0,1.9056390622295665,0.771286446121831,0.0,3
ws_3_k2_b03_s1,12,0,7806,1.3333333333333333,1.0,1.9056390622295665,0.771286446121831,0.0,3
ws_3_k2_b03_s1,13,0,29912,1.3333333333333333,1.0,1.9056390622295665,0.771286446121831,0.0,3
ws_3_k2_b03_s1,14,0,4985,1.3333333333333333,1.0,1.9056390622295665,0.771286446121831,0.0,3
ws_3_k2_b03_s1,15,0,2149,1.3333333333333333,1.0,1.9056390622295665,0.771286446121831,0.0,3
ws_3_k2_b03_s1,16,0,8968,1.3333333333333333,1.0,1.9056390622295665,0.771286446121831,0.0,3
ws_3_k2_b03_s1,17,0,16953,1.3333333333333333,1.0,1.9056390622295665,0.771286446121831,0.0,3
ws_3_k2_b03_s1,18,0,8663,1.3333333333333333,1.0,1.9056390622295665,0.771286446121831,0.0,3
ws_3_k2_b03_s1,19,0,43143,1.3333333333333333,1.0,1.9056390622295665,0.771286446121831,0.0,3
ws_3_k2_b03_s1,20,0,2498,1.3333333333333333,1.0,1.9056390622295665,0.771286446121831,0.0,3
ws_3_k2_b03_s1,21,0,23150,1.3333333333333333,1.0,1.9056390622295665,0.771286446121831,0.0,3
ws_3_k2_b03_s1,22,0,161119,1.3333333333333333,1.0,1.9056390622295665,0.771286446121831,0.0,3
ws_3_k2_b03_s1,23,0,2801,1.3333333333333333,1.0,1.9056390622295665,0.771286446121831,0.0,3
ws_3_k2_b03_s1,24,1,89532,1.3333333333333333,1.0,1.9056390622295665,0.771286446121831,0.0,3
ws_3_k2_b03_s1,25,0,923,1.3333333333333333,1.0,1.9056390622295665,0.771286446121831,0.0,3
ws_3_k2_b03_s1,26,1,107309,1.3333333333333333,1.0,1.9056390622295665,0.771286446121831,0.0,3
ws_3_k2_b03_s1,27,0,11488,1.3333333333333333,1.0,1.9056390622295665,0.771286446121831,0.0,3
ws_3_k2_b03_s1,28,1,22587,1.3333333333333333,1.0,1.9056390622295665,0.771286446121831,0.0,3
ws_3_k2_b03_s1,29,0,3156,1.3333333333333333,1.0,1.9056390622295665,0.771286446121831,0.0,3
ws_3_k2_b03_s1,30,0,7117,1.3333333333333333,1.0,1.9056390622295665,0.771286446121831,0.0,3
ws_3_k2_b03_s1,31,0,18044,1.3333333333333333,1.0,1.9056390622295665,0.771286446121831,0.0,3
ws_3_k2_b03_s1,32,0,4562,1.3333333333333333,1.0,1.9056390622295665,0.771286446121831,0.0,3
ws_3_k2_b03_s1,33,0,1448,1.3333333333333333,1.0,1.9056390622295665,0.771286446121831,0.0,3
ws_3_k2_b03_s1,34,0,56417,1.3333333333333333,1.0,1.9056390622295665,0.771286446121831,0.0,3
ws_3_k2_b03_s1,35,0,4330,1.3333333333333333,1.0,1.9056390622295665,0.771286446121831,0.0,3
ws_3_k2_b03_s1,36,0,1126,1.3333333333333333,1.0,1.9056390622295665,0.771286446121831,0.0,3
ws_3_k2_b03_s1,37,0,8447,1.3333333333333333,1.0,1.9056390622295665,0.771286446121831,0.0,3
ws_3_k2_b03_s1,38,0,17798,1.3333333333333333,1.0,1.9056390622295665,0.771286446121831,0.0,3
ws_3_k2_b03_s1,39,0,12045,1.3333333333333333,1.0,1.9056390622295665,0.771286446121831,0.0,3
ws_3_k2_b03_s1,40,1,136364,1.3333333333333333,1.0,1.9056390622295665,0.771286446121831,0.0,3
ws_3_k2_b03_s1,41,0,4715,1.3333333333333333,1.0,1.9056390622295665,0.771286446121831,0.0,3
ws_3_k2_b03_s1,42,1,14437,1.3333333333333333,1.0,1.9056390622295665,0.771286446121831,0.0,3
ws_3_k2_b03_s1,43,1,6545,1.3333333333333333,1.0,1.9056390622295665,0.771286446121831,0.0,3
ws_3_k2_b03_s1,44,0,14050,1.3333333333333333,1.0,1.9056390622295665,0.771286446121831,0.0,3
ws_3_k2_b03_s1,45,0,37846,1.3333333333333333,1.0,1.9056390622295665,0.771286446121831,0.0,3
ws_3_k2_b03_s1,46,0,3600,1.3333333333333333,1.0,1.9056390622295665,0.771286446121831,0.0,3
ws_3_k2_b03_s1,47,0,24631,1.3333333333333333,1.0,1.9056390622295665,0.771286446121831,0.0,3
ws_3_k2_b03_s1,48,0,2156,1.3333333333333333,1.0,1.9056390622295665,0.771286446121831,0.0,3
ws_3_k2_b03_s1,49,0,2807,1.3333333333333333,1.0,1.9056390622295665,0.771286446121831,0.0,3
ws_3_k2_b03_s1,50,1,21867,1.3333333333333333,1.0,1.9056390622295665,0.771286446121831,0.0,3
ws_3_k2_b03_s1,51,0,31805,1.3333333333333333,1.0,1.9056390622295665,0.771286446121831,0.0,3
ws_3_k2_b03_s1,52,0,103328,1.3333333333333333,1.0,1.9056390622295665,0.771286446121831,0.0,3
ws_3_k2_b03_s1,53,0,3099,1.3333333333333333,1.0,1.9056390622295665,0.771286446121831,0.0,3
ws_3_k2_b03_s1,54,0,11813,1.3333333333333333,1.0,1.9056390622295665,0.771286446121831,0.0,3
ws_3_k2_b03_s1,55,0,1366,1.3333333333333333,1.0,1.9056390622295665,0.771286446121831,0.0,3
ws_3_k2_b03_s1,56,0,3247,1.3333333333333333,1.0,1.9056390622295665,0.771286446121831,0.0,3
ws_3_k2_b03_s1,57,0,3528,1.3333333333333333,1.0,1.9056390622295665,0.771286446121831,0.0,3
ws_3_k2_b03_s1,58,1,65546,1.3333333333333333,1.0,1.9056390622295665,0.771286446121831,0.0,3
ws_3_k2_b03_s1,59,0,4895,1.3333333333333333,1.0,1.9056390622295665,0.771286446121831,0.0,3
ws_3_k2_b03_s1,60,0,21396,1.3333333333333333,1.0,1.9056390622295665,0.771286446121831,0.0,3
ws_3_k2_b03_s1,61,0,23843,1.3333333333333333,1.0,1.9056390622295665,0.771286446121831,0.0,3
ws_3_k2_b03_s1,62,0,1971,1.3333333333333333,1.0,1.9056390622295665,0.771286446121831,0.0,3
ws_3_k2_b03_s1,63,0,72891,1.3333333333333333,1.0,1.9056390622295665,0.771286446121831,0.0,3
ws_3_k2_b03_s1,64,0,5316,1.3333333333333333,1.0,1.9056390622295665,0.771286446121831,0.0,3
ws_3_k2_b03_s1,65,0,8597,1.3333333333333333,1.0,1.9056390622295665,0.771286446121831,0.0,3
ws_3_k2_b03_s1,66,0,679,1.3333333333333333,1.0,1.9056390622295665,0.771286446121831,0.0,3
ws_3_k2_b03_s1,67,0,3368,1.3333333333333333,1.0,1.9056390622295665,0.771286446121831,0.0,3
ws_3_k2_b03_s1,68,0,1510,1.3333333333333333,1.0,1.9056390622295665,0.771286446121831,0.0,3
ws_3_k2_b03_s1,69,0,6407,1.3333333333333333,1.0,1.9056390622295665,0.771286446121831,0.0,3
ws_3_k2_b03_s1,70,0,2788,1.3333333333333333,1.0,1.9056390622295665,0.771286446121831,0.0,3
ws_3_k2_b03_s1,71,0,24845,1.3333333333333333,1.0,1.9056390622295665,0.771286446121831,0.0,3
ws_3_k2_b03_s1,72,0,2224,1.3333333333333333,1.0,1.9056390622295665,0.771286446121831,0.0,3
ws_3_k2_b03_s1,73,0,7131,1.3333333333333333,1.0,1.9056390622295665,0.771286446121831,0.0,3
ws_3_k2_b03_s1,74,0,4591,1.3333333333333333,1.0,1.9056390622295665,0.771286446121831,0.0,3
ws_3_k2_b03_s1,75,1,13290,1.3333333333333333,1.0,1.9056390622295665,0.771286446121831,0.0,3
ws_3_k2_b03_s1,76,0,3156,1.3333333333333333,1.0,1.9056390622295665,0.771286446121831,0.0,3
ws_3_k2_b03_s1,77,0,23417,1.3333333333333333,1.0,1.9056390622295665,0.771286446121831,0.0,3
ws_3_k2_b03_s1,78,0,11761,1.3333333333333333,1.0,1.9056390622295665,0.771286446121831,0.0,3
ws_3_k2_b03_s1,79,0,44025,1.3333333333333333,1.0,1.9056390622295665,0.771286446121831,0.0,3
ws_3_k2_b03_s1,80,0,36468,1.3333333333333333,1.0,1.9056390622295665,0.771286446121831,0.0,3
ws_3_k2_b03_s1,81,0,3175,1.3333333333333333,1.0,1.9056390622295665,0.771286446121831,0.0,3
ws_3_k2_b03_s1,82,1,57836,1.3333333333333333,1.0,1.9056390622295665,0.771286446121831,0.0,3
ws_3_k2_b03_s1,83,0,2168,1.3333333333333333,1.0,1.9056390622295665,0.771286446121831,0.0,3
ws_3_k2_b03_s1,84,0,29819,1.3333333333333333,1.0,1.9056390622295665,0.771286446121831,0.0,3
ws_3_k2_b03_s1,85,1,16303,1.3333333333333333,1.0,1.9056390622295665,0.771286446121831,0.0,3
ws_3_k2_b03_s1,86,0,10496,1.3333333333333333,1.0,1.9056390622295665,0.771286446121831,0.0,3
ws_3_k2_b03_s1,87,0,5273,1.3333333333333333,1.0,1.9056390622295665,0.771286446121831,0.0,3
ws_3_k2_b03_s1,88,0,16553,1.3333333333333333,1.0,1.9056390622295665,0.771286446121831,0.0,3
ws_3_k2_b03_s1,89,1,93458,1.3333333333333333,1.0,1.9056390622295665,0.771286446121831,0.0,3
ws_3_k2_b03_s1,90,0,100779,1.3333333333333333,1.0,1.9056390622295665,0.771286446121831,0.0,3
ws_3_k2_b03_s1,91,0,7079,1.3333333333333333,1.0,1.9056390622295665,0.771286446121831,0.0,3
ws_3_k2_b03_s1,92,0,14803,1.3333333333333333,1.0,1.9056390622295665,0.771286446121831,0.0,3
ws_3_k2_b03_s1,93,0,31646,1.3333333333333333,1.0,1.9056390622295665,0.771286446121831,0.0,3
ws_3_k2_b03_s1,94,0,17517,1.3333333333333333,1.0,1.9056390622295665,0.771286446121831,0.0,3
ws_3_k2_b03_s1,95,0,6407,1.3333333333333333,1.0,1.9056390622295665,0.771286446121831,0.0,3
ws_3_k2_b03_s1,96,0,5260,1.3333333333333333,1.0,1.9056390622295665,0.771286446121831,0.0,3
ws_3_k2_b03_s1,97,0,5564,1.3333333333333333,1.0,1.9056390622295665,0.771286446121831,0.0,3
ws_3_k2_b03_s1,98,0,11063,1.3333333333333333,1.0,1.9056390622295665,0.771286446121831,0.0,3
ws_3_k2_b03_s1,99,0,17128,1.3333333333333333,1.0,1.9056390622295665,0.771286446121831,0.0,3
ws_4_k2_b03_s1,0,0,55308,1.4,1.2,2.292481250360578,0.6666666666666665,0.0,4
ws_4_k2_b03_s1,1,0,2474,1.4,1.2,2.292481250360578,0.6666666666666665,0.0,4
ws_4_k2_b03_s1,2,0,16478,1.4,1.2,2.292481250360578,0.6666666666666665,0.0,4
ws_4_k2_b03_s1,3,0,29836,1.4,1.2,2.292481250360578,0.6666666666666665,0.0,4
ws_4_k2_b03_s1,4,1,84969,1.4,1.2,2.292481250360578,0.6666666666666665,0.0,4
ws_4_k2_b03_s1,5,1,54829,1.4,1.2,2.292481250360578,0.6666666666666665,0.0,4
ws_4_k2_b03_s1,6,0,123655,1.4,1.2,2.292481250360578,0.6666666666666665,0.0,4
ws_4_k2_b03_s1,7,0,74422,1.4,1.2,2.292481250360578,0.6666666666666665,0.0,4
ws_4_k2_b03_s1,8,0,194217,1.4,1.2,2.292481250360578,0.6666666666666665,0.0,4
ws_4_k2_b03_s1,9,0,19073,1.4,1.2,2.292481250360578,0.6666666666666665,0.0,4
ws_4_k2_b03_s1,10,0,15877,1.4,1.2,2.292481250360578,0.6666666666666665,0.0,4
ws_4_k2_b03_s1,11,1,15519,1.4,1.2,2.292481250360578,0.6666666666666665,0.0,4
ws_4_k2_b03_s1,12,0,6563,1.4,1.2,2.292481250360578,0.6666666666666665,0.0,4
ws_4_k2_b03_s1,13,1,24620,1.4,1.2,2.292481250360578,0.6666666666666665,0.0,4
ws_4_k2_b03_s1,14,1,36621,1.4,1.2,2.292481250360578,0.6666666666666665,0.0,4
ws_4_k2_b03_s1,15,0,4111,1.4,1.2,2.292481250360578,0.6666666666666665,0.0,4
ws_4_k2_b03_s1,16,0,9300,1.4,1.2,2.292481250360578,0.6666666666666665,0.0,4
ws_4_k2_b03_s1,17,0,101143,1.4,1.2,2.292481250360578,0.6666666666666665,0.0,4
ws_4_k2_b03_s1,18,0,73992,1.4,1.2,2.292481250360578,0.6666666666666665,0.0,4
ws_4_k2_b03_s1,19,0,153243,1.4,1.2,2.292481250360578,0.6666666666666665,0.0,4
ws_4_k2_b03_s1,20,0,2120,1.4,1.2,2.292481250360578,0.6666666666666665,0.0,4
ws_4_k2_b03_s1,21,0,10862,1.4,1.2,2.292481250360578,0.6666666666666665,0.0,4
ws_4_k2_b03_s1,22,0,69777,1.4,1.2,2.292481250360578,0.6666666666666665,0.0,4
ws_4_k2_b03_s1,23,1,2600,1.4,1.2,2.292481250360578,0.6666666666666665,0.0,4
ws_4_k2_b03_s1,24,0,72056,1.4,1.2,2.292481250360578,0.6666666666666665,0.0,4
ws_4_k2_b03_s1,25,0,8283,1.4,1.2,2.292481250360578,0.6666666666666665,0.0,4
ws_4_k2_b03_s1,26,1,36212,1.4,1.2,2.292481250360578,0.6666666666666665,0.0,4
ws_4_k2_b03_s1,27,0,53643,1.4,1.2,2.292481250360578,0.6666666666666665,0.0,4
ws_4_k2_b03_s1,28,1,33328,1.4,1.2,2.292481250360578,0.6666666666666665,0.0,4
ws_4_k2_b03_s1,29,0,12537,1.4,1.2,2.292481250360578,0.6666666666666665,0.0,4
ws_4_k2_b03_s1,30,0,9616,1.4,1.2,2.292481250360578,0.6666666666666665,0.0,4
ws_4_k2_b03_s1,31,0,34077,1.4,1.2,2.292481250360578,0.6666666666666665,0.0,4
ws_4_k2_b03_s1,32,0,7149,1.4,1.2,2.292481250360578,0.6666666666666665,0.0,4
ws_4_k2_b03_s1,33,1,24695,1.4,1.2,2.292481250360578,0.6666666666666665,0.0,4
ws_4_k2_b03_s1,34,0,56142,1.4,1.2,2.292481250360578,0.6666666666666665,0.0,4
ws_4_k2_b03_s1,35,0,7742,1.4,1.2,2.292481250360578,0.6666666666666665,0.0,4
ws_4_k2_b03_s1,36,0,6568,1.4,1.2,2.292481250360578,0.6666666666666665,0.0,4
ws_4_k2_b03_s1,37,0,4547,1.4,1.2,2.292481250360578,0.6666666666666665,0.0,4
ws_4_k2_b03_s1,38,0,33725,1.4,1.2,2.292481250360578,0.6666666666666665,0.0,4
ws_4_k2_b03_s1,39,0,9802,1.4,1.2,2.292481250360578,0.6666666666666665,0.0,4
ws_4_k2_b03_s1,40,0,36848,1.4,1.2,2.292481250360578,0.6666666666666665,0.0,4
ws_4_k2_b03_s1,41,0,3943,1.4,1.2,2.292481250360578,0.6666666666666665,0.0,4
ws_4_k2_b03_s1,42,1,28039,1.4,1.2,2.292481250360578,0.6666666666666665,0.0,4
ws_4_k2_b03_s1,43,0,10702,1.4,1.2,2.292481250360578,0.6666666666666665,0.0,4
ws_4_k2_b03_s1,44,0,33766,1.4,1.2,2.292481250360578,0.6666666666666665,0.0,4
ws_4_k2_b03_s1,45,0,157241,1.4,1.2,2.292481250360578,0.6666666666666665,0.0,4
ws_4_k2_b03_s1,46,0,10289,1.4,1.2,2.292481250360578,0.6666666666666665,0.0,4
ws_4_k2_b03_s1,47,0,24682,1.4,1.2,2.292481250360578,0.6666666666666665,0.0,4
ws_4_k2_b03_s1,48,0,2519,1.4,1.2,2.292481250360578,0.6666666666666665,0.0,4
ws_4_k2_b03_s1,49,1,12322,1.4,1.2,2.292481250360578,0.6666666666666665,0.0,4
ws_4_k2_b03_s1,50,0,75707,1.4,1.2,2.292481250360578,0.6666666666666665,0.0,4
ws_4_k2_b03_s1,51,1,35894,1.4,1.2,2.292481250360578,0.6666666666666665,0.0,4
ws_4_k2_b03_s1,52,0,131428,1.4,1.2,2.292481250360578,0.6666666666666665,0.0,4
ws_4_k2_b03_s1,53,0,6454,1.4,1.2,2.292481250360578,0.6666666666666665,0.0,4
ws_4_k2_b03_s1,54,0,13281,1.4,1.2,2.292481250360578,0.6666666666666665,0.0,4
ws_4_k2_b03_s1,55,0,4110,1.4,1.2,2.292481250360578,0.6666666666666665,0.0,4
ws_4_k2_b03_s1,56,0,12822,1.4,1.2,2.292481250360578,0.6666666666666665,0.0,4
ws_4_k2_b03_s1,57,0,4350,1.4,1.2,2.292481250360578,0.6666666666666665,0.0,4
ws_4_k2_b03_s1,58,1,26807,1.4,1.2,2.292481250360578,0.6666666666666665,0.0,4
ws_4_k2_b03_s1,59,0,3435,1.4,1.2,2.292481250360578,0.6666666666666665,0.0,4
ws_4_k2_b03_s1,60,1,53853,1.4,1.2,2.292481250360578,0.6666666666666665,0.0,4
ws_4_k2_b03_s1,61,0,14414,1.4,1.2,2.292481250360578,0.6666666666666665,0.0,4
ws_4_k2_b03_s1,62,0,10383,1.4,1.2,2.292481250360578,0.6666666666666665,0.0,4
ws_4_k2_b03_s1,63,0,155409,1.4,1.2,2.292481250360578,0.6666666666666665,0.0,4
ws_4_k2_b03_s1,64,0,1770,1.4,1.2,2.292481250360578,0.6666666666666665,0.0,4
ws_4_k2_b03_s1,65,0,22388,1.4,1.2,2.292481250360578,0.6666666666666665,0.0,4
ws_4_k2_b03_s1,66,0,4955,1.4,1.2,2.292481250360578,0.6666666666666665,0.0,4
ws_4_k2_b03_s1,67,0,15456,1.4,1.2,2.292481250360578,0.6666666666666665,0.0,4
ws_4_k2_b03_s1,68,0,2838,1.4,1.2,2.292481250360578,0.6666666666666665,0.0,4
ws_4_k2_b03_s1,69,0,1868,1.4,1.2,2.292481250360578,0.6666666666666665,0.0,4
ws_4_k2_b03_s1,70,0,3385,1.4,1.2,2.292481250360578,0.6666666666666665,0.0,4
ws_4_k2_b03_s1,71,1,88297,1.4,1.2,2.292481250360578,0.6666666666666665,0.0,4
ws_4_k2_b03_s1,72,0,20480,1.4,1.2,2.292481250360578,0.6666666666666665,0.0,4
ws_4_k2_b03_s1,73,0,4346,1.4,1.2,2.292481250360578,0.6666666666666665,0.0,4
ws_4_k2_b03_s1,74,0,4778,1.4,1.2,2.292481250360578,0.6666666666666665,0.0,4
ws_4_k2_b03_s1,75,1,11924,1.4,1.2,2.292481250360578,0.6666666666666665,0.0,4
ws_4_k2_b03_s1,76,0,44075,1.4,1.2,2.292481250360578,0.6666666666666665,0.0,4
ws_4_k2_b03_s1,77,1,59666,1.4,1.2,2.292481250360578,0.6666666666666665,0.0,4
ws_4_k2_b03_s1,78,0,32720,1.4,1.2,2.292481250360578,0.6666666666666665,0.0,4
ws_4_k2_b03_s1,79,1,83577,1.4,1.2,2.292481250360578,0.6666666666666665,0.0,4
ws_4_k2_b03_s1,80,0,91350,1.4,1.2,2.292481250360578,0.6666666666666665,0.0,4
ws_4_k2_b03_s1,81,1,1517,1.4,1.2,2.292481250360578,0.6666666666666665,0.0,4
ws_4_k2_b03_s1,82,1,109531,1.4,1.2,2.292481250360578,0.6666666666666665,0.0,4
ws_4_k2_b03_s1,83,0,8370,1.4,1.2,2.292481250360578,0.6666666666666665,0.0,4
ws_4_k2_b03_s1,84,0,113550,1.4,1.2,2.292481250360578,0.6666666666666665,0.0,4
ws_4_k2_b03_s1,85,0,8863,1.4,1.2,2.292481250360578,0.6666666666666665,0.0,4
ws_4_k2_b03_s1,86,0,6084,1.4,1.2,2.292481250360578,0.6666666666666665,0.0,4
ws_4_k2_b03_s1,87,0,8886,1.4,1.2,2.292481250360578,0.6666666666666665,0.0,4
ws_4_k2_b03_s1,88,0,8569,1.4,1.2,2.292481250360578,0.6666666666666665,0.0,4
ws_4_k2_b03_s1,89,1,51006,1.4,1.2,2.292481250360578,0.6666666666666665,0.0,4
ws_4_k2_b03_s1,90,0,142703,1.4,1.2,2.292481250360578,0.6666666666666665,0.0,4
ws_4_k2_b03_s1,91,0,3171,1.4,1.2,2.292481250360578,0.6666666666666665,0.0,4
ws_4_k2_b03_s1,92,0,95254,1.4,1.2,2.292481250360578,0.6666666666666665,0.0,4
ws_4_k2_b03_s1,93,0,126178,1.4,1.2,2.292481250360578,0.6666666666666665,0.0,4
ws_4_k2_b03_s1,94,0,22790,1.4,1.2,2.292481250360578,0.6666666666666665,0.0,4
ws_4_k2_b03_s1,95,0,4537,1.4,1.2,2.292481250360578,0.6666666666666665,0.0,4
ws_4_k2_b03_s1,96,0,2157,1.4,1.2,2.292481250360578,0.6666666666666665,0.0,4
ws_4_k2_b03_s1,97,0,2786,1.4,1.2,2.292481250360578,0.6666666666666665,0.0,4
ws_4_k2_b03_s1,98,0,7910,1.4,1.2,2.292481250360578,0.6666666666666665,0.0,4
ws_4_k2_b03_s1,99,0,150302,1.4,1.2,2.292481250360578,0.6666666666666665,0.0,4
ws_4_k2_b05_s1,0,0,2650,1.4,1.2,2.292481250360578,0.6666666666666663,0.0,4
ws_4_k2_b05_s1,1,1,2728,1.4,1.2,2.292481250360578,0.6666666666666663,0.0,4
ws_4_k2_b05_s1,2,0,11104,1.4,1.2,2.292481250360578,0.6666666666666663,0.0,4
ws_4_k2_b05_s1,3,0,53567,1.4,1.2,2.292481250360578,0.6666666666666663,0.0,4
ws_4_k2_b05_s1,4,0,43271,1.4,1.2,2.292481250360578,0.6666666666666663,0.0,4
ws_4_k2_b05_s1,5,1,111730,1.4,1.2,2.292481250360578,0.6666666666666663,0.0,4
ws_4_k2_b05_s1,6,0,114096,1.4,1.2,2.292481250360578,0.6666666666666663,0.0,4
ws_4_k2_b05_s1,7,0,156473,1.4,1.2,2.292481250360578,0.6666666666666663,0.0,4
ws_4_k2_b05_s1,8,1,35845,1.4,1.2,2.292481250360578,0.6666666666666663,0.0,4
ws_4_k2_b05_s1,9,0,6365,1.4,1.2,2.292481250360578,0.6666666666666663,0.0,4
ws_4_k2_b05_s1,10,0,52309,1.4,1.2,2.292481250360578,0.6666666666666663,0.0,4
ws_4_k2_b05_s1,11,1,39497,1.4,1.2,2.292481250360578,0.6666666666666663,0.0,4
ws_4_k2_b05_s1,12,0,6732,1.4,1.2,2.292481250360578,0.6666666666666663,0.0,4
ws_4_k2_b05_s1,13,1,27359,1.4,1.2,2.292481250360578,0.6666666666666663,0.0,4
ws_4_k2_b05_s1,14,1,26236,1.4,1.2,2.292481250360578,0.6666666666666663,0.0,4
ws_4_k2_b05_s1,15,0,8996,1.4,1.2,2.292481250360578,0.6666666666666663,0.0,4
ws_4_k2_b05_s1,16,0,14494,1.4,1.2,2.292481250360578,0.6666666666666663,0.0,4
ws_4_k2_b05_s1,17,0,28282,1.4,1.2,2.292481250360578,0.6666666666666663,0.0,4
ws_4_k2_b05_s1,18,0,32499,1.4,1.2,2.292481250360578,0.6666666666666663,0.0,4
ws_4_k2_b05_s1,19,0,3877,1.4,1.2,2.292481250360578,0.6666666666666663,0.0,4
ws_4_k2_b05_s1,20,0,2519,1.4,1.2,2.292481250360578,0.6666666666666663,0.0,4
ws_4_k2_b05_s1,21,0,6258,1.4,1.2,2.292481250360578,0.6666666666666663,0.0,4
ws_4_k2_b05_s1,22,0,47306,1.4,1.2,2.292481250360578,0.6666666666666663,0.0,4
ws_4_k2_b05_s1,23,1,2647,1.4,1.2,2.292481250360578,0.6666666666666663,0.0,4
ws_4_k2_b05_s1,24,0,70342,1.4,1.2,2.292481250360578,0.6666666666666663,0.0,4
ws_4_k2_b05_s1,25,0,13611,1.4,1.2,2.292481250360578,0.6666666666666663,0.0,4
ws_4_k2_b05_s1,26,1,67774,1.4,1.2,2.292481250360578,0.6666666666666663,0.0,4
ws_4_k2_b05_s1,27,0,9990,1.4,1.2,2.292481250360578,0.6666666666666663,0.0,4
ws_4_k2_b05_s1,28,0,24454,1.4,1.2,2.292481250360578,0.6666666666666663,0.0,4
ws_4_k2_b05_s1,29,0,17159,1.4,1.2,2.292481250360578,0.6666666666666663,0.0,4
ws_4_k2_b05_s1,30,0,17362,1.4,1.2,2.292481250360578,0.6666666666666663,0.0,4
ws_4_k2_b05_s1,31,0,51675,1.4,1.2,2.292481250360578,0.6666666666666663,0.0,4
ws_4_k2_b05_s1,32,0,9776,1.4,1.2,2.292481250360578,0.6666666666666663,0.0,4
ws_4_k2_b05_s1,33,1,63528,1.4,1.2,2.292481250360578,0.6666666666666663,0.0,4
ws_4_k2_b05_s1,34,1,38508,1.4,1.2,2.292481250360578,0.6666666666666663,0.0,4
ws_4_k2_b05_s1,35,0,5736,1.4,1.2,2.292481250360578,0.6666666666666663,0.0,4
ws_4_k2_b05_s1,36,0,9904,1.4,1.2,2.292481250360578,0.6666666666666663,0.0,4
ws_4_k2_b05_s1,37,0,22296,1.4,1.2,2.292481250360578,0.6666666666666663,0.0,4
ws_4_k2_b05_s1,38,0,31656,1.4,1.2,2.292481250360578,0.6666666666666663,0.0,4
ws_4_k2_b05_s1,39,0,10910,1.4,1.2,2.292481250360578,0.6666666666666663,0.0,4
ws_4_k2_b05_s1,40,0,107784,1.4,1.2,2.292481250360578,0.6666666666666663,0.0,4
ws_4_k2_b05_s1,41,0,5613,1.4,1.2,2.292481250360578,0.6666666666666663,0.0,4
ws_4_k2_b05_s1,42,0,12487,1.4,1.2,2.292481250360578,0.6666666666666663,0.0,4
ws_4_k2_b05_s1,43,0,11202,1.4,1.2,2.292481250360578,0.6666666666666663,0.0,4
ws_4_k2_b05_s1,44,0,250015,1.4,1.2,2.292481250360578,0.6666666666666663,0.0,4
ws_4_k2_b05_s1,45,0,68086,1.4,1.2,2.292481250360578,0.6666666666666663,0.0,4
ws_4_k2_b05_s1,46,0,13568,1.4,1.2,2.292481250360578,0.6666666666666663,0.0,4
ws_4_k2_b05_s1,47,0,4682,1.4,1.2,2.292481250360578,0.6666666666666663,0.0,4
ws_4_k2_b05_s1,48,0,2770,1.4,1.2,2.292481250360578,0.6666666666666663,0.0,4
ws_4_k2_b05_s1,49,1,5417,1.4,1.2,2.292481250360578,0.6666666666666663,0.0,4
ws_4_k2_b05_s1,50,0,63613,1.4,1.2,2.292481250360578,0.6666666666666663,0.0,4
ws_4_k2_b05_s1,51,1,38413,1.4,1.2,2.292481250360578,0.6666666666666663,0.0,4
ws_4_k2_b05_s1,52,0,192542,1.4,1.2,2.292481250360578,0.6666666666666663,0.0,4
ws_4_k2_b05_s1,53,0,1590,1.4,1.2,2.292481250360578,0.6666666666666663,0.0,4
ws_4_k2_b05_s1,54,0,5164,1.4,1.2,2.292481250360578,0.6666666666666663,0.0,4
ws_4_k2_b05_s1,55,0,2914,1.4,1.2,2.292481250360578,0.6666666666666663,0.0,4
ws_4_k2_b05_s1,56,0,21463,1.4,1.2,2.292481250360578,0.6666666666666663,0.0,4
ws_4_k2_b05_s1,57,0,5292,1.4,1.2,2.292481250360578,0.6666666666666663,0.0,4
ws_4_k2_b05_s1,58,0,26418,1.4,1.2,2.292481250360578,0.6666666666666663,0.0,4
ws_4_k2_b05_s1,59,0,2550,1.4,1.2,2.292481250360578,0.6666666666666663,0.0,4
ws_4_k2_b05_s1,60,1,36183,1.4,1.2,2.292481250360578,0.6666666666666663,0.0,4
ws_4_k2_b05_s1,61,0,26885,1.4,1.2,2.292481250360578,0.6666666666666663,0.0,4
ws_4_k2_b05_s1,62,0,22901,1.4,1.2,2.292481250360578,0.6666666666666663,0.0,4
ws_4_k2_b05_s1,63,0,140900,1.4,1.2,2.292481250360578,0.6666666666666663,0.0,4
ws_4_k2_b05_s1,64,0,7077,1.4,1.2,2.292481250360578,0.6666666666666663,0.0,4
ws_4_k2_b05_s1,65,0,51237,1.4,1.2,2.292481250360578,0.6666666666666663,0.0,4
ws_4_k2_b05_s1,66,0,41866,1.4,1.2,2.292481250360578,0.6666666666666663,0.0,4
ws_4_k2_b05_s1,67,0,44667,1.4,1.2,2.292481250360578,0.6666666666666663,0.0,4
ws_4_k2_b05_s1,68,0,7450,1.4,1.2,2.292481250360578,0.6666666666666663,0.0,4
ws_4_k2_b05_s1,69,0,6651,1.4,1.2,2.292481250360578,0.6666666666666663,0.0,4
ws_4_k2_b05_s1,70,0,3921,1.4,1.2,2.292481250360578,0.6666666666666663,0.0,4
ws_4_k2_b05_s1,71,0,58846,1.4,1.2,2.292481250360578,0.6666666666666663,0.0,4
ws_4_k2_b05_s1,72,0,20060,1.4,1.2,2.292481250360578,0.6666666666666663,0.0,4
ws_4_k2_b05_s1,73,0,6734,1.4,1.2,2.292481250360578,0.6666666666666663,0.0,4
ws_4_k2_b05_s1,74,0,3022,1.4,1.2,2.292481250360578,0.6666666666666663,0.0,4
ws_4_k2_b05_s1,75,1,7300,1.4,1.2,2.292481250360578,0.6666666666666663,0.0,4
ws_4_k2_b05_s1,76,0,74455,1.4,1.2,2.292481250360578,0.6666666666666663,0.0,4
ws_4_k2_b05_s1,77,0,56493,1.4,1.2,2.292481250360578,0.6666666666666663,0.0,4
ws_4_k2_b05_s1,78,1,44923,1.4,1.2,2.292481250360578,0.6666666666666663,0.0,4
ws_4_k2_b05_s1,79,1,112096,1.4,1.2,2.292481250360578,0.6666666666666663,0.0,4
ws_4_k2_b05_s1,80,0,163798,1.4,1.2,2.292481250360578,0.6666666666666663,0.0,4
ws_4_k2_b05_s1,81,0,4505,1.4,1.2,2.292481250360578,0.6666666666666663,0.0,4
ws_4_k2_b05_s1,82,1,85068,1.4,1.2,2.292481250360578,0.6666666666666663,0.0,4
ws_4_k2_b05_s1,83,0,6120,1.4,1.2,2.292481250360578,0.6666666666666663,0.0,4
ws_4_k2_b05_s1,84,0,51360,1.4,1.2,2.292481250360578,0.6666666666666663,0.0,4
ws_4_k2_b05_s1,85,0,10997,1.4,1.2,2.292481250360578,0.6666666666666663,0.0,4
ws_4_k2_b05_s1,86,0,15768,1.4,1.2,2.292481250360578,0.6666666666666663,0.0,4
ws_4_k2_b05_s1,87,0,14413,1.4,1.2,2.292481250360578,0.6666666666666663,0.0,4
ws_4_k2_b05_s1,88,0,12068,1.4,1.2,2.292481250360578,0.6666666666666663,0.0,4
ws_4_k2_b05_s1,89,0,48112,1.4,1.2,2.292481250360578,0.6666666666666663,0.0,4
ws_4_k2_b05_s1,90,1,5340,1.4,1.2,2.292481250360578,0.6666666666666663,0.0,4
ws_4_k2_b05_s1,91,0,31809,1.4,1.2,2.292481250360578,0.6666666666666663,0.0,4
ws_4_k2_b05_s1,92,0,56259,1.4,1.2,2.292481250360578,0.6666666666666663,0.0,4
ws_4_k2_b05_s1,93,0,118317,1.4,1.2,2.292481250360578,0.6666666666666663,0.0,4
ws_4_k2_b05_s1,94,0,3940,1.4,1.2,2.292481250360578,0.6666666666666663,0.0,4
ws_4_k2_b05_s1,95,0,4663,1.4,1.2,2.292481250360578,0.6666666666666663,0.0,4
ws_4_k2_b05_s1,96,0,2070,1.4,1.2,2.292481250360578,0.6666666666666663,0.0,4
ws_4_k2_b05_s1,97,0,2661,1.4,1.2,2.292481250360578,0.6666666666666663,0.0,4
ws_4_k2_b05_s1,98,0,11903,1.4,1.2,2.292481250360578,0.6666666666666663,0.0,4
ws_4_k2_b05_s1,99,1,78450,1.4,1.2,2.292481250360578,0.6666666666666663,0.0,4
ws_5_k2_b03_s1,0,0,16468,1.6,1.1666666666666667,2.556656707462823,0.46415125333171003,0.0,5
ws_5_k2_b03_s1,1,0,7539,1.6,1.1666666666666667,2.556656707462823,0.46415125333171003,0.0,5
ws_5_k2_b03_s1,2,0,7414,1.6,1.1666666666666667,2.556656707462823,0.46415125333171003,0.0,5
ws_5_k2_b03_s1,3,0,116311,1.6,1.1666666666666667,2.556656707462823,0.46415125333171003,0.0,5
ws_5_k2_b03_s1,4,0,15754,1.6,1.1666666666666667,2.556656707462823,0.46415125333171003,0.0,5
ws_5_k2_b03_s1,5,0,12653,1.6,1.1666666666666667,2.556656707462823,0.46415125333171003,0.0,5
ws_5_k2_b03_s1,6,0,72279,1.6,1.1666666666666667,2.556656707462823,0.46415125333171003,0.0,5
ws_5_k2_b03_s1,7,0,7530,1.6,1.1666666666666667,2.556656707462823,0.46415125333171003,0.0,5
ws_5_k2_b03_s1,8,0,132675,1.6,1.1666666666666667,2.556656707462823,0.46415125333171003,0.0,5
ws_5_k2_b03_s1,9,0,36586,1.6,1.1666666666666667,2.556656707462823,0.46415125333171003,0.0,5
ws_5_k2_b03_s1,10,0,37379,1.6,1.1666666666666667,2.556656707462823,0.46415125333171003,0.0,5
ws_5_k2_b03_s1,11,1,16634,1.6,1.1666666666666667,2.556656707462823,0.46415125333171003,0.0,5
ws_5_k2_b03_s1,12,0,2631,1.6,1.1666666666666667,2.556656707462823,0.46415125333171003,0.0,5
ws_5_k2_b03_s1,13,0,47370,1.6,1.1666666666666667,2.556656707462823,0.46415125333171003,0.0,5
ws_5_k2_b03_s1,14,0,31428,1.6,1.1666666666666667,2.556656707462823,0.46415125333171003,0.0,5
ws_5_k2_b03_s1,15,0,2427,1.6,1.1666666666666667,2.556656707462823,0.46415125333171003,0.0,5
ws_5_k2_b03_s1,16,0,28943,1.6,1.1666666666666667,2.556656707462823,0.46415125333171003,0.0,5
ws_5_k2_b03_s1,17,0,30380,1.6,1.1666666666666667,2.556656707462823,0.46415125333171003,0.0,5
ws_5_k2_b03_s1,18,0,31284,1.6,1.1666666666666667,2.556656707462823,0.46415125333171003,0.0,5
ws_5_k2_b03_s1,19,0,81740,1.6,1.1666666666666667,2.556656707462823,0.46415125333171003,0.0,5
ws_5_k2_b03_s1,20,0,2795,1.6,1.1666666666666667,2.556656707462823,0.46415125333171003,0.0,5
ws_5_k2_b03_s1,21,0,15927,1.6,1.1666666666666667,2.556656707462823,0.46415125333171003,0.0,5
ws_5_k2_b03_s1,22,0,161271,1.6,1.1666666666666667,2.556656707462823,0.46415125333171003,0.0,5
ws_5_k2_b03_s1,23,1,3395,1.6,1.1666666666666667,2.556656707462823,0.46415125333171003,0.0,5
ws_5_k2_b03_s1,24,0,139659,1.6,1.1666666666666667,2.556656707462823,0.46415125333171003,0.0,5
ws_5_k2_b03_s1,25,0,7425,1.6,1.1666666666666667,2.556656707462823,0.46415125333171003,0.0,5
ws_5_k2_b03_s1,26,1,122363,1.6,1.1666666666666667,2.556656707462823,0.46415125333171003,0.0,5
ws_5_k2_b03_s1,27,0,9807,1.6,1.1666666666666667,2.556656707462823,0.46415125333171003,0.0,5
ws_5_k2_b03_s1,28,1,51301,1.6,1.1666666666666667,2.556656707462823,0.46415125333171003,0.0,5
ws_5_k2_b03_s1,29,0,30237,1.6,1.1666666666666667,2.556656707462823,0.46415125333171003,0.0,5
ws_5_k2_b03_s1,30,0,26577,1.6,1.1666666666666667,2.556656707462823,0.46415125333171003,0.0,5
ws_5_k2_b03_s1,31,0,50405,1.6,1.1666666666666667,2.556656707462823,0.46415125333171003,0.0,5
ws_5_k2_b03_s1,32,0,8915,1.6,1.1666666666666667,2.556656707462823,0.46415125333171003,0.0,5
ws_5_k2_b03_s1,33,1,42758,1.6,1.1666666666666667,2.556656707462823,0.46415125333171003,0.0,5
ws_5_k2_b03_s1,34,0,68239,1.6,1.1666666666666667,2.556656707462823,0.46415125333171003,0.0,5
ws_5_k2_b03_s1,35,0,6081,1.6,1.1666666666666667,2.556656707462823,0.46415125333171003,0.0,5
ws_5_k2_b03_s1,36,0,1900,1.6,1.1666666666666667,2.556656707462823,0.46415125333171003,0.0,5
ws_5_k2_b03_s1,37,0,8334,1.6,1.1666666666666667,2.556656707462823,0.46415125333171003,0.0,5
ws_5_k2_b03_s1,38,0,83421,1.6,1.1666666666666667,2.556656707462823,0.46415125333171003,0.0,5
ws_5_k2_b03_s1,39,0,11611,1.6,1.1666666666666667,2.556656707462823,0.46415125333171003,0.0,5
ws_5_k2_b03_s1,40,0,61873,1.6,1.1666666666666667,2.556656707462823,0.46415125333171003,0.0,5
ws_5_k2_b03_s1,41,0,16758,1.6,1.1666666666666667,2.556656707462823,0.46415125333171003,0.0,5
ws_5_k2_b03_s1,42,0,5312,1.6,1.1666666666666667,2.556656707462823,0.46415125333171003,0.0,5
ws_5_k2_b03_s1,43,0,30760,1.6,1.1666666666666667,2.556656707462823,0.46415125333171003,0.0,5
ws_5_k2_b03_s1,44,0,20855,1.6,1.1666666666666667,2.556656707462823,0.46415125333171003,0.0,5
ws_5_k2_b03_s1,45,0,148591,1.6,1.1666666666666667,2.556656707462823,0.46415125333171003,0.0,5
ws_5_k2_b03_s1,46,0,5242,1.6,1.1666666666666667,2.556656707462823,0.46415125333171003,0.0,5
ws_5_k2_b03_s1,47,0,4005,1.6,1.1666666666666667,2.556656707462823,0.46415125333171003,0.0,5
ws_5_k2_b03_s1,48,0,2593,1.6,1.1666666666666667,2.556656707462823,0.46415125333171003,0.0,5
ws_5_k2_b03_s1,49,1,8988,1.6,1.1666666666666667,2.556656707462823,0.46415125333171003,0.0,5
ws_5_k2_b03_s1,50,0,142901,1.6,1.1666666666666667,2.556656707462823,0.46415125333171003,0.0,5
ws_5_k2_b03_s1,51,0,24698,1.6,1.1666666666666667,2.556656707462823,0.46415125333171003,0.0,5
ws_5_k2_b03_s1,52,0,165681,1.6,1.1666666666666667,2.556656707462823,0.46415125333171003,0.0,5
ws_5_k2_b03_s1,53,0,9801,1.6,1.1666666666666667,2.556656707462823,0.46415125333171003,0.0,5
ws_5_k2_b03_s1,54,0,25272,1.6,1.1666666666666667,2.556656707462823,0.46415125333171003,0.0,5
ws_5_k2_b03_s1,55,0,3689,1.6,1.1666666666666667,2.556656707462823,0.46415125333171003,0.0,5
ws_5_k2_b03_s1,56,0,17963,1.6,1.1666666666666667,2.556656707462823,0.46415125333171003,0.0,5
ws_5_k2_b03_s1,57,1,3582,1.6,1.1666666666666667,2.556656707462823,0.46415125333171003,0.0,5
ws_5_k2_b03_s1,58,0,111090,1.6,1.1666666666666667,2.556656707462823,0.46415125333171003,0.0,5
ws_5_k2_b03_s1,59,0,10926,1.6,1.1666666666666667,2.556656707462823,0.46415125333171003,0.0,5
ws_5_k2_b03_s1,60,1,37684,1.6,1.1666666666666667,2.556656707462823,0.46415125333171003,0.0,5
ws_5_k2_b03_s1,61,0,28361,1.6,1.1666666666666667,2.556656707462823,0.46415125333171003,0.0,5
ws_5_k2_b03_s1,62,0,3820,1.6,1.1666666666666667,2.556656707462823,0.46415125333171003,0.0,5
ws_5_k2_b03_s1,63,0,47245,1.6,1.1666666666666667,2.556656707462823,0.46415125333171003,0.0,5
ws_5_k2_b03_s1,64,0,2651,1.6,1.1666666666666667,2.556656707462823,0.46415125333171003,0.0,5
ws_5_k2_b03_s1,65,0,9805,1.6,1.1666666666666667,2.556656707462823,0.46415125333171003,0.0,5
ws_5_k2_b03_s1,66,0,1045,1.6,1.1666666666666667,2.556656707462823,0.46415125333171003,0.0,5
ws_5_k2_b03_s1,67,0,27544,1.6,1.1666666666666667,2.556656707462823,0.46415125333171003,0.0,5
ws_5_k2_b03_s1,68,1,3741,1.6,1.1666666666666667,2.556656707462823,0.46415125333171003,0.0,5
ws_5_k2_b03_s1,69,0,10714,1.6,1.1666666666666667,2.556656707462823,0.46415125333171003,0.0,5
ws_5_k2_b03_s1,70,0,4742,1.6,1.1666666666666667,2.556656707462823,0.46415125333171003,0.0,5
ws_5_k2_b03_s1,71,0,40471,1.6,1.1666666666666667,2.556656707462823,0.46415125333171003,0.0,5
ws_5_k2_b03_s1,72,0,6010,1.6,1.1666666666666667,2.556656707462823,0.46415125333171003,0.0,5
ws_5_k2_b03_s1,73,0,4332,1.6,1.1666666666666667,2.556656707462823,0.46415125333171003,0.0,5
ws_5_k2_b03_s1,74,0,3430,1.6,1.1666666666666667,2.556656707462823,0.46415125333171003,0.0,5
ws_5_k2_b03_s1,75,1,12908,1.6,1.1666666666666667,2.556656707462823,0.46415125333171003,0.0,5
ws_5_k2_b03_s1,76,0,42543,1.6,1.1666666666666667,2.556656707462823,0.46415125333171003,0.0,5
ws_5_k2_b03_s1,77,0,62974,1.6,1.1666666666666667,2.556656707462823,0.46415125333171003,0.0,5
ws_5_k2_b03_s1,78,1,62121,1.6,1.1666666666666667,2.556656707462823,0.46415125333171003,0.0,5
ws_5_k2_b03_s1,79,0,74595,1.6,1.1666666666666667,2.556656707462823,0.46415125333171003,0.0,5
ws_5_k2_b03_s1,80,0,218077,1.6,1.1666666666666667,2.556656707462823,0.46415125333171003,0.0,5
ws_5_k2_b03_s1,81,0,3271,1.6,1.1666666666666667,2.556656707462823,0.46415125333171003,0.0,5
ws_5_k2_b03_s1,82,0,14277,1.6,1.1666666666666667,2.556656707462823,0.46415125333171003,0.0,5
ws_5_k2_b03_s1,83,0,5468,1.6,1.1666666666666667,2.556656707462823,0.46415125333171003,0.0,5
ws_5_k2_b03_s1,84,0,45179,1.6,1.1666666666666667,2.556656707462823,0.46415125333171003,0.0,5
ws_5_k2_b03_s1,85,0,13893,1.6,1.1666666666666667,2.556656707462823,0.46415125333171003,0.0,5
ws_5_k2_b03_s1,86,0,23716,1.6,1.1666666666666667,2.556656707462823,0.46415125333171003,0.0,5
ws_5_k2_b03_s1,87,0,11255,1.6,1.1666666666666667,2.556656707462823,0.46415125333171003,0.0,5
ws_5_k2_b03_s1,88,0,12273,1.6,1.1666666666666667,2.556656707462823,0.46415125333171003,0.0,5
ws_5_k2_b03_s1,89,0,17314,1.6,1.1666666666666667,2.556656707462823,0.46415125333171003,0.0,5
ws_5_k2_b03_s1,90,0,164263,1.6,1.1666666666666667,2.556656707462823,0.46415125333171003,0.0,5
ws_5_k2_b03_s1,91,0,72672,1.6,1.1666666666666667,2.556656707462823,0.46415125333171003,0.0,5
ws_5_k2_b03_s1,92,0,58176,1.6,1.1666666666666667,2.556656707462823,0.46415125333171003,0.0,5
ws_5_k2_b03_s1,93,0,40660,1.6,1.1666666666666667,2.556656707462823,0.46415125333171003,0.0,5
ws_5_k2_b03_s1,94,0,21731,1.6,1.1666666666666667,2.556656707462823,0.46415125333171003,0.0,5
ws_5_k2_b03_s1,95,0,4868,1.6,1.1666666666666667,2.556656707462823,0.46415125333171003,0.0,5
ws_5_k2_b03_s1,96,0,3684,1.6,1.1666666666666667,2.556656707462823,0.46415125333171003,0.0,5
ws_5_k2_b03_s1,97,0,8907,1.6,1.1666666666666667,2.556656707462823,0.46415125333171003,0.0,5
ws_5_k2_b03_s1,98,0,15260,1.6,1.1666666666666667,2.556656707462823,0.46415125333171003,0.0,5
ws_5_k2_b03_s1,99,0,220268,1.6,1.1666666666666667,2.556656707462823,0.46415125333171003,0.0,5
ws_5_k2_b05_s1,0,0,32993,1.619047619047619,1.4285714285714286,2.7709505944546686,0.5917517095361372,0.0,6
ws_5_k2_b05_s1,1,1,3639,1.619047619047619,1.4285714285714286,2.7709505944546686,0.5917517095361372,0.0,6
ws_5_k2_b05_s1,2,0,16582,1.619047619047619,1.4285714285714286,2.7709505944546686,0.5917517095361372,0.0,6
ws_5_k2_b05_s1,3,0,62177,1.619047619047619,1.4285714285714286,2.7709505944546686,0.5917517095361372,0.0,6
ws_5_k2_b05_s1,4,0,37101,1.619047619047619,1.4285714285714286,2.7709505944546686,0.5917517095361372,0.0,6
ws_5_k2_b05_s1,5,0,91647,1.619047619047619,1.4285714285714286,2.7709505944546686,0.5917517095361372,0.0,6
ws_5_k2_b05_s1,6,0,97864,1.619047619047619,1.4285714285714286,2.7709505944546686,0.5917517095361372,0.0,6
ws_5_k2_b05_s1,7,0,273046,1.619047619047619,1.4285714285714286,2.7709505944546686,0.5917517095361372,0.0,6
ws_5_k2_b05_s1,8,0,176378,1.619047619047619,1.4285714285714286,2.7709505944546686,0.5917517095361372,0.0,6
ws_5_k2_b05_s1,9,0,33130,1.619047619047619,1.4285714285714286,2.7709505944546686,0.5917517095361372,0.0,6
ws_5_k2_b05_s1,10,0,24905,1.619047619047619,1.4285714285714286,2.7709505944546686,0.5917517095361372,0.0,6
ws_5_k2_b05_s1,11,1,29344,1.619047619047619,1.4285714285714286,2.7709505944546686,0.5917517095361372,0.0,6
ws_5_k2_b05_s1,12,0,5722,1.619047619047619,1.4285714285714286,2.7709505944546686,0.5917517095361372,0.0,6
ws_5_k2_b05_s1,13,1,83734,1.619047619047619,1.4285714285714286,2.7709505944546686,0.5917517095361372,0.0,6
ws_5_k2_b05_s1,14,1,38898,1.619047619047619,1.4285714285714286,2.7709505944546686,0.5917517095361372,0.0,6
ws_5_k2_b05_s1,15,0,4002,1.619047619047619,1.4285714285714286,2.7709505944546686,0.5917517095361372,0.0,6
ws_5_k2_b05_s1,16,0,25398,1.619047619047619,1.4285714285714286,2.7709505944546686,0.5917517095361372,0.0,6
ws_5_k2_b05_s1,17,0,10841,1.619047619047619,1.4285714285714286,2.7709505944546686,0.5917517095361372,0.0,6
ws_5_k2_b05_s1,18,0,3684,1.619047619047619,1.4285714285714286,2.7709505944546686,0.5917517095361372,0.0,6
ws_5_k2_b05_s1,19,0,154842,1.619047619047619,1.4285714285714286,2.7709505944546686,0.5917517095361372,0.0,6
ws_5_k2_b05_s1,20,0,7285,1.619047619047619,1.4285714285714286,2.7709505944546686,0.5917517095361372,0.0,6
ws_5_k2_b05_s1,21,0,9178,1.619047619047619,1.4285714285714286,2.7709505944546686,0.5917517095361372,0.0,6
ws_5_k2_b05_s1,22,0,211854,1.619047619047619,1.4285714285714286,2.7709505944546686,0.5917517095361372,0.0,6
ws_5_k2_b05_s1,23,1,3245,1.619047619047619,1.4285714285714286,2.7709505944546686,0.5917517095361372,0.0,6
ws_5_k2_b05_s1,24,0,216368,1.619047619047619,1.4285714285714286,2.7709505944546686,0.5917517095361372,0.0,6
ws_5_k2_b05_s1,25,0,20427,1.619047619047619,1.4285714285714286,2.7709505944546686,0.5917517095361372,0.0,6
ws_5_k2_b05_s1,26,1,60196,1.619047619047619,1.4285714285714286,2.7709505944546686,0.5917517095361372,0.0,6
ws_5_k2_b05_s1,27,0,21592,1.619047619047619,1.4285714285714286,2.7709505944546686,0.5917517095361372,0.0,6
ws_5_k2_b05_s1,28,1,69455,1.619047619047619,1.4285714285714286,2.7709505944546686,0.5917517095361372,0.0,6
ws_5_k2_b05_s1,29,0,30813,1.619047619047619,1.4285714285714286,2.7709505944546686,0.5917517095361372,0.0,6
ws_5_k2_b05_s1,30,0,15261,1.619047619047619,1.4285714285714286,2.7709505944546686,0.5917517095361372,0.0,6
ws_5_k2_b05_s1,31,0,36299,1.619047619047619,1.4285714285714286,2.7709505944546686,0.5917517095361372,0.0,6
ws_5_k2_b05_s1,32,0,15345,1.619047619047619,1.4285714285714286,2.7709505944546686,0.5917517095361372,0.0,6
ws_5_k2_b05_s1,33,1,79548,1.619047619047619,1.4285714285714286,2.7709505944546686,0.5917517095361372,0.0,6
ws_5_k2_b05_s1,34,0,59475,1.619047619047619,1.4285714285714286,2.7709505944546686,0.5917517095361372,0.0,6
ws_5_k2_b05_s1,35,0,8369,1.619047619047619,1.4285714285714286,2.7709505944546686,0.5917517095361372,0.0,6
ws_5_k2_b05_s1,36,0,14412,1.619047619047619,1.4285714285714286,2.7709505944546686,0.5917517095361372,0.0,6
ws_5_k2_b05_s1,37,0,4892,1.619047619047619,1.4285714285714286,2.7709505944546686,0.5917517095361372,0.0,6
ws_5_k2_b05_s1,38,0,36953,1.619047619047619,1.4285714285714286,2.7709505944546686,0.5917517095361372,0.0,6
ws_5_k2_b05_s1,39,0,5447,1.619047619047619,1.4285714285714286,2.7709505944546686,0.5917517095361372,0.0,6
ws_5_k2_b05_s1,40,0,105796,1.619047619047619,1.4285714285714286,2.7709505944546686,0.5917517095361372,0.0,6
ws_5_k2_b05_s1,41,0,8465,1.619047619047619,1.4285714285714286,2.7709505944546686,0.5917517095361372,0.0,6
ws_5_k2_b05_s1,42,1,25848,1.619047619047619,1.4285714285714286,2.7709505944546686,0.5917517095361372,0.0,6
ws_5_k2_b05_s1,43,1,30018,1.619047619047619,1.4285714285714286,2.7709505944546686,0.5917517095361372,0.0,6
ws_5_k2_b05_s1,44,0,52329,1.619047619047619,1.4285714285714286,2.7709505944546686,0.5917517095361372,0.0,6
ws_5_k2_b05_s1,45,0,189905,1.619047619047619,1.4285714285714286,2.7709505944546686,0.5917517095361372,0.0,6
ws_5_k2_b05_s1,46,0,12029,1.619047619047619,1.4285714285714286,2.7709505944546686,0.5917517095361372,0.0,6
ws_5_k2_b05_s1,47,0,32939,1.619047619047619,1.4285714285714286,2.7709505944546686,0.5917517095361372,0.0,6
ws_5_k2_b05_s1,48,0,3797,1.619047619047619,1.4285714285714286,2.7709505944546686,0.5917517095361372,0.0,6
ws_5_k2_b05_s1,49,1,10825,1.619047619047619,1.4285714285714286,2.7709505944546686,0.5917517095361372,0.0,6
ws_5_k2_b05_s1,50,0,152100,1.619047619047619,1.4285714285714286,2.7709505944546686,0.5917517095361372,0.0,6
ws_5_k2_b05_s1,51,0,37868,1.619047619047619,1.4285714285714286,2.7709505944546686,0.5917517095361372,0.0,6
ws_5_k2_b05_s1,52,0,121531,1.619047619047619,1.4285714285714286,2.7709505944546686,0.5917517095361372,0.0,6
ws_5_k2_b05_s1,53,0,2421,1.619047619047619,1.4285714285714286,2.7709505944546686,0.5917517095361372,0.0,6
ws_5_k2_b05_s1,54,1,32456,1.619047619047619,1.4285714285714286,2.7709505944546686,0.5917517095361372,0.0,6
ws_5_k2_b05_s1,55,0,3442,1.619047619047619,1.4285714285714286,2.7709505944546686,0.5917517095361372,0.0,6
ws_5_k2_b05_s1,56,0,19465,1.619047619047619,1.4285714285714286,2.7709505944546686,0.5917517095361372,0.0,6
ws_5_k2_b05_s1,57,0,9231,1.619047619047619,1.4285714285714286,2.7709505944546686,0.5917517095361372,0.0,6
ws_5_k2_b05_s1,58,1,99845,1.619047619047619,1.4285714285714286,2.7709505944546686,0.5917517095361372,0.0,6
ws_5_k2_b05_s1,59,0,7202,1.619047619047619,1.4285714285714286,2.7709505944546686,0.5917517095361372,0.0,6
ws_5_k2_b05_s1,60,1,42506,1.619047619047619,1.4285714285714286,2.7709505944546686,0.5917517095361372,0.0,6
ws_5_k2_b05_s1,61,0,41876,1.619047619047619,1.4285714285714286,2.7709505944546686,0.5917517095361372,0.0,6
ws_5_k2_b05_s1,62,0,42742,1.619047619047619,1.4285714285714286,2.7709505944546686,0.5917517095361372,0.0,6
ws_5_k2_b05_s1,63,0,49795,1.619047619047619,1.4285714285714286,2.7709505944546686,0.5917517095361372,0.0,6
ws_5_k2_b05_s1,64,0,12965,1.619047619047619,1.4285714285714286,2.7709505944546686,0.5917517095361372,0.0,6
ws_5_k2_b05_s1,65,0,14653,1.619047619047619,1.4285714285714286,2.7709505944546686,0.5917517095361372,0.0,6
ws_5_k2_b05_s1,66,0,1901,1.619047619047619,1.4285714285714286,2.7709505944546686,0.5917517095361372,0.0,6
ws_5_k2_b05_s1,67,0,30996,1.619047619047619,1.4285714285714286,2.7709505944546686,0.5917517095361372,0.0,6
ws_5_k2_b05_s1,68,1,3571,1.619047619047619,1.4285714285714286,2.7709505944546686,0.5917517095361372,0.0,6
ws_5_k2_b05_s1,69,0,7477,1.619047619047619,1.4285714285714286,2.7709505944546686,0.5917517095361372,0.0,6
ws_5_k2_b05_s1,70,0,5527,1.619047619047619,1.4285714285714286,2.7709505944546686,0.5917517095361372,0.0,6
ws_5_k2_b05_s1,71,0,57369,1.619047619047619,1.4285714285714286,2.7709505944546686,0.5917517095361372,0.0,6
ws_5_k2_b05_s1,72,0,5180,1.619047619047619,1.4285714285714286,2.7709505944546686,0.5917517095361372,0.0,6
ws_5_k2_b05_s1,73,0,28811,1.619047619047619,1.4285714285714286,2.7709505944546686,0.5917517095361372,0.0,6
ws_5_k2_b05_s1,74,0,7363,1.619047619047619,1.4285714285714286,2.7709505944546686,0.5917517095361372,0.0,6
ws_5_k2_b05_s1,75,1,11065,1.619047619047619,1.4285714285714286,2.7709505944546686,0.5917517095361372,0.0,6
ws_5_k2_b05_s1,76,0,34468,1.619047619047619,1.4285714285714286,2.7709505944546686,0.5917517095361372,0.0,6
ws_5_k2_b05_s1,77,1,94382,1.619047619047619,1.4285714285714286,2.7709505944546686,0.5917517095361372,0.0,6
ws_5_k2_b05_s1,78,0,13410,1.619047619047619,1.4285714285714286,2.7709505944546686,0.5917517095361372,0.0,6
ws_5_k2_b05_s1,79,1,119011,1.619047619047619,1.4285714285714286,2.7709505944546686,0.5917517095361372,0.0,6
ws_5_k2_b05_s1,80,0,138907,1.619047619047619,1.4285714285714286,2.7709505944546686,0.5917517095361372,0.0,6
ws_5_k2_b05_s1,81,0,5920,1.619047619047619,1.4285714285714286,2.7709505944546686,0.5917517095361372,0.0,6
ws_5_k2_b05_s1,82,1,114142,1.619047619047619,1.4285714285714286,2.7709505944546686,0.5917517095361372,0.0,6
ws_5_k2_b05_s1,83,0,5597,1.619047619047619,1.4285714285714286,2.7709505944546686,0.5917517095361372,0.0,6
ws_5_k2_b05_s1,84,0,87164,1.619047619047619,1.4285714285714286,2.7709505944546686,0.5917517095361372,0.0,6
ws_5_k2_b05_s1,85,0,10069,1.619047619047619,1.4285714285714286,2.7709505944546686,0.5917517095361372,0.0,6
ws_5_k2_b05_s1,86,0,27912,1.619047619047619,1.4285714285714286,2.7709505944546686,0.5917517095361372,0.0,6
ws_5_k2_b05_s1,87,0,15870,1.619047619047619,1.4285714285714286,2.7709505944546686,0.5917517095361372,0.0,6
ws_5_k2_b05_s1,88,0,21042,1.619047619047619,1.4285714285714286,2.7709505944546686,0.5917517095361372,0.0,6
ws_5_k2_b05_s1,89,1,33708,1.619047619047619,1.4285714285714286,2.7709505944546686,0.5917517095361372,0.0,6
ws_5_k2_b05_s1,90,0,215141,1.619047619047619,1.4285714285714286,2.7709505944546686,0.5917517095361372,0.0,6
ws_5_k2_b05_s1,91,0,64093,1.619047619047619,1.4285714285714286,2.7709505944546686,0.5917517095361372,0.0,6
ws_5_k2_b05_s1,92,0,92423,1.619047619047619,1.4285714285714286,2.7709505944546686,0.5917517095361372,0.0,6
ws_5_k2_b05_s1,93,1,79520,1.619047619047619,1.4285714285714286,2.7709505944546686,0.5917517095361372,0.0,6
ws_5_k2_b05_s1,94,0,11142,1.619047619047619,1.4285714285714286,2.7709505944546686,0.5917517095361372,0.0,6
ws_5_k2_b05_s1,95,0,8804,1.619047619047619,1.4285714285714286,2.7709505944546686,0.5917517095361372,0.0,6
ws_5_k2_b05_s1,96,0,4026,1.619047619047619,1.4285714285714286,2.7709505944546686,0.5917517095361372,0.0,6
ws_5_k2_b05_s1,97,0,9577,1.619047619047619,1.4285714285714286,2.7709505944546686,0.5917517095361372,0.0,6
ws_5_k2_b05_s1,98,0,8262,1.619047619047619,1.4285714285714286,2.7709505944546686,0.5917517095361372,0.0,6
ws_5_k2_b05_s1,99,0,208737,1.619047619047619,1.4285714285714286,2.7709505944546686,0.5917517095361372,0.0,6
ws_5_k4_b03_s1,0,0,46196,1.2666666666666666,1.8333333333333333,2.477175233435624,0.7180294850975074,0.0,5
ws_5_k4_b03_s1,1,1,15643,1.2666666666666666,1.8333333333333333,2.477175233435624,0.7180294850975074,0.0,5
ws_5_k4_b03_s1,2,0,10516,1.2666666666666666,1.8333333333333333,2.477175233435624,0.7180294850975074,0.0,5
ws_5_k4_b03_s1,3,0,37171,1.2666666666666666,1.8333333333333333,2.477175233435624,0.7180294850975074,0.0,5
ws_5_k4_b03_s1,4,0,44713,1.2666666666666666,1.8333333333333333,2.477175233435624,0.7180294850975074,0.0,5
ws_5_k4_b03_s1,5,1,25410,1.2666666666666666,1.8333333333333333,2.477175233435624,0.7180294850975074,0.0,5
ws_5_k4_b03_s1,6,0,169143,1.2666666666666666,1.8333333333333333,2.477175233435624,0.7180294850975074,0.0,5
ws_5_k4_b03_s1,7,0,161814,1.2666666666666666,1.8333333333333333,2.477175233435624,0.7180294850975074,0.0,5
ws_5_k4_b03_s1,8,0,127234,1.2666666666666666,1.8333333333333333,2.477175233435624,0.7180294850975074,0.0,5
ws_5_k4_b03_s1,9,0,19042,1.2666666666666666,1.8333333333333333,2.477175233435624,0.7180294850975074,0.0,5
ws_5_k4_b03_s1,10,0,91899,1.2666666666666666,1.8333333333333333,2.477175233435624,0.7180294850975074,0.0,5
ws_5_k4_b03_s1,11,1,40435,1.2666666666666666,1.8333333333333333,2.477175233435624,0.7180294850975074,0.0,5
ws_5_k4_b03_s1,12,0,7281,1.2666666666666666,1.8333333333333333,2.477175233435624,0.7180294850975074,0.0,5
ws_5_k4_b03_s1,13,1,38716,1.2666666666666666,1.8333333333333333,2.477175233435624,0.7180294850975074,0.0,5
ws_5_k4_b03_s1,14,1,68744,1.2666666666666666,1.8333333333333333,2.477175233435624,0.7180294850975074,0.0,5
ws_5_k4_b03_s1,15,0,5927,1.2666666666666666,1.8333333333333333,2.477175233435624,0.7180294850975074,0.0,5
ws_5_k4_b03_s1,16,0,11826,1.2666666666666666,1.8333333333333333,2.477175233435624,0.7180294850975074,0.0,5
ws_5_k4_b03_s1,17,0,47418,1.2666666666666666,1.8333333333333333,2.477175233435624,0.7180294850975074,0.0,5
ws_5_k4_b03_s1,18,0,20705,1.2666666666666666,1.8333333333333333,2.477175233435624,0.7180294850975074,0.0,5
ws_5_k4_b03_s1,19,0,27518,1.2666666666666666,1.8333333333333333,2.477175233435624,0.7180294850975074,0.0,5
ws_5_k4_b03_s1,20,0,2734,1.2666666666666666,1.8333333333333333,2.477175233435624,0.7180294850975074,0.0,5
ws_5_k4_b03_s1,21,0,17039,1.2666666666666666,1.8333333333333333,2.477175233435624,0.7180294850975074,0.0,5
ws_5_k4_b03_s1,22,0,178915,1.2666666666666666,1.8333333333333333,2.477175233435624,0.7180294850975074,0.0,5
ws_5_k4_b03_s1,23,0,3174,1.2666666666666666,1.8333333333333333,2.477175233435624,0.7180294850975074,0.0,5
ws_5_k4_b03_s1,24,0,111702,1.2666666666666666,1.8333333333333333,2.477175233435624,0.7180294850975074,0.0,5
ws_5_k4_b03_s1,25,0,17337,1.2666666666666666,1.8333333333333333,2.477175233435624,0.7180294850975074,0.0,5
ws_5_k4_b03_s1,26,1,65858,1.2666666666666666,1.8333333333333333,2.477175233435624,0.7180294850975074,0.0,5
ws_5_k4_b03_s1,27,0,9518,1.2666666666666666,1.8333333333333333,2.477175233435624,0.7180294850975074,0.0,5
ws_5_k4_b03_s1,28,1,42897,1.2666666666666666,1.8333333333333333,2.477175233435624,0.7180294850975074,0.0,5
ws_5_k4_b03_s1,29,0,17918,1.2666666666666666,1.8333333333333333,2.477175233435624,0.7180294850975074,0.0,5
ws_5_k4_b03_s1,30,0,14943,1.2666666666666666,1.8333333333333333,2.477175233435624,0.7180294850975074,0.0,5
ws_5_k4_b03_s1,31,0,10710,1.2666666666666666,1.8333333333333333,2.477175233435624,0.7180294850975074,0.0,5
ws_5_k4_b03_s1,32,0,7495,1.2666666666666666,1.8333333333333333,2.477175233435624,0.7180294850975074,0.0,5
ws_5_k4_b03_s1,33,0,109421,1.2666666666666666,1.8333333333333333,2.477175233435624,0.7180294850975074,0.0,5
ws_5_k4_b03_s1,34,0,56685,1.2666666666666666,1.8333333333333333,2.477175233435624,0.7180294850975074,0.0,5
ws_5_k4_b03_s1,35,0,5958,1.2666666666666666,1.8333333333333333,2.477175233435624,0.7180294850975074,0.0,5
ws_5_k4_b03_s1,36,0,4916,1.2666666666666666,1.8333333333333333,2.477175233435624,0.7180294850975074,0.0,5
ws_5_k4_b03_s1,37,0,16139,1.2666666666666666,1.8333333333333333,2.477175233435624,0.7180294850975074,0.0,5
ws_5_k4_b03_s1,38,0,30626,1.2666666666666666,1.8333333333333333,2.477175233435624,0.7180294850975074,0.0,5
ws_5_k4_b03_s1,39,0,15171,1.2666666666666666,1.8333333333333333,2.477175233435624,0.7180294850975074,0.0,5
ws_5_k4_b03_s1,40,0,13115,1.2666666666666666,1.8333333333333333,2.477175233435624,0.7180294850975074,0.0,5
ws_5_k4_b03_s1,41,0,10283,1.2666666666666666,1.8333333333333333,2.477175233435624,0.7180294850975074,0.0,5
ws_5_k4_b03_s1,42,1,19928,1.2666666666666666,1.8333333333333333,2.477175233435624,0.7180294850975074,0.0,5
ws_5_k4_b03_s1,43,0,15646,1.2666666666666666,1.8333333333333333,2.477175233435624,0.7180294850975074,0.0,5
ws_5_k4_b03_s1,44,0,335278,1.2666666666666666,1.8333333333333333,2.477175233435624,0.7180294850975074,0.0,5
ws_5_k4_b03_s1,45,0,53088,1.2666666666666666,1.8333333333333333,2.477175233435624,0.7180294850975074,0.0,5
ws_5_k4_b03_s1,46,0,11784,1.2666666666666666,1.8333333333333333,2.477175233435624,0.7180294850975074,0.0,5
ws_5_k4_b03_s1,47,0,48553,1.2666666666666666,1.8333333333333333,2.477175233435624,0.7180294850975074,0.0,5
ws_5_k4_b03_s1,48,0,3787,1.2666666666666666,1.8333333333333333,2.477175233435624,0.7180294850975074,0.0,5
ws_5_k4_b03_s1,49,1,15775,1.2666666666666666,1.8333333333333333,2.477175233435624,0.7180294850975074,0.0,5
ws_5_k4_b03_s1,50,0,45822,1.2666666666666666,1.8333333333333333,2.477175233435624,0.7180294850975074,0.0,5
ws_5_k4_b03_s1,51,1,43698,1.2666666666666666,1.8333333333333333,2.477175233435624,0.7180294850975074,0.0,5
ws_5_k4_b03_s1,52,0,195803,1.2666666666666666,1.8333333333333333,2.477175233435624,0.7180294850975074,0.0,5
ws_5_k4_b03_s1,53,0,15732,1.2666666666666666,1.8333333333333333,2.477175233435624,0.7180294850975074,0.0,5
ws_5_k4_b03_s1,54,0,10287,1.2666666666666666,1.8333333333333333,2.477175233435624,0.7180294850975074,0.0,5
ws_5_k4_b03_s1,55,0,6216,1.2666666666666666,1.8333333333333333,2.477175233435624,0.7180294850975074,0.0,5
ws_5_k4_b03_s1,56,0,19214,1.2666666666666666,1.8333333333333333,2.477175233435624,0.7180294850975074,0.0,5
ws_5_k4_b03_s1,57,0,3306,1.2666666666666666,1.8333333333333333,2.477175233435624,0.7180294850975074,0.0,5
ws_5_k4_b03_s1,58,1,82873,1.2666666666666666,1.8333333333333333,2.477175233435624,0.7180294850975074,0.0,5
ws_5_k4_b03_s1,59,0,3759,1.2666666666666666,1.8333333333333333,2.477175233435624,0.7180294850975074,0.0,5
ws_5_k4_b03_s1,60,0,5677,1.2666666666666666,1.8333333333333333,2.477175233435624,0.7180294850975074,0.0,5
ws_5_k4_b03_s1,61,0,25990,1.2666666666666666,1.8333333333333333,2.477175233435624,0.7180294850975074,0.0,5
ws_5_k4_b03_s1,62,0,16852,1.2666666666666666,1.8333333333333333,2.477175233435624,0.7180294850975074,0.0,5
ws_5_k4_b03_s1,63,0,15081,1.2666666666666666,1.8333333333333333,2.477175233435624,0.7180294850975074,0.0,5
ws_5_k4_b03_s1,64,0,15768,1.2666666666666666,1.8333333333333333,2.477175233435624,0.7180294850975074,0.0,5
ws_5_k4_b03_s1,65,0,14970,1.2666666666666666,1.8333333333333333,2.477175233435624,0.7180294850975074,0.0,5
ws_5_k4_b03_s1,66,0,30306,1.2666666666666666,1.8333333333333333,2.477175233435624,0.7180294850975074,0.0,5
ws_5_k4_b03_s1,67,0,12357,1.2666666666666666,1.8333333333333333,2.477175233435624,0.7180294850975074,0.0,5
ws_5_k4_b03_s1,68,1,5565,1.2666666666666666,1.8333333333333333,2.477175233435624,0.7180294850975074,0.0,5
ws_5_k4_b03_s1,69,0,1769,1.2666666666666666,1.8333333333333333,2.477175233435624,0.7180294850975074,0.0,5
ws_5_k4_b03_s1,70,0,4226,1.2666666666666666,1.8333333333333333,2.477175233435624,0.7180294850975074,0.0,5
ws_5_k4_b03_s1,71,1,70602,1.2666666666666666,1.8333333333333333,2.477175233435624,0.7180294850975074,0.0,5
ws_5_k4_b03_s1,72,0,4979,1.2666666666666666,1.8333333333333333,2.477175233435624,0.7180294850975074,0.0,5
ws_5_k4_b03_s1,73,1,45906,1.2666666666666666,1.8333333333333333,2.477175233435624,0.7180294850975074,0.0,5
ws_5_k4_b03_s1,74,0,7644,1.2666666666666666,1.8333333333333333,2.477175233435624,0.7180294850975074,0.0,5
ws_5_k4_b03_s1,75,0,11253,1.2666666666666666,1.8333333333333333,2.477175233435624,0.7180294850975074,0.0,5
ws_5_k4_b03_s1,76,0,56342,1.2666666666666666,1.8333333333333333,2.477175233435624,0.7180294850975074,0.0,5
ws_5_k4_b03_s1,77,0,51238,1.2666666666666666,1.8333333333333333,2.477175233435624,0.7180294850975074,0.0,5
ws_5_k4_b03_s1,78,1,33636,1.2666666666666666,1.8333333333333333,2.477175233435624,0.7180294850975074,0.0,5
ws_5_k4_b03_s1,79,1,18054,1.2666666666666666,1.8333333333333333,2.477175233435624,0.7180294850975074,0.0,5
ws_5_k4_b03_s1,80,0,100663,1.2666666666666666,1.8333333333333333,2.477175233435624,0.7180294850975074,0.0,5
ws_5_k4_b03_s1,81,0,2726,1.2666666666666666,1.8333333333333333,2.477175233435624,0.7180294850975074,0.0,5
ws_5_k4_b03_s1,82,1,108297,1.2666666666666666,1.8333333333333333,2.477175233435624,0.7180294850975074,0.0,5
ws_5_k4_b03_s1,83,0,5203,1.2666666666666666,1.8333333333333333,2.477175233435624,0.7180294850975074,0.0,5
ws_5_k4_b03_s1,84,0,40675,1.2666666666666666,1.8333333333333333,2.477175233435624,0.7180294850975074,0.0,5
ws_5_k4_b03_s1,85,1,17669,1.2666666666666666,1.8333333333333333,2.477175233435624,0.7180294850975074,0.0,5
ws_5_k4_b03_s1,86,0,29005,1.2666666666666666,1.8333333333333333,2.477175233435624,0.7180294850975074,0.0,5
ws_5_k4_b03_s1,87,0,21073,1.2666666666666666,1.8333333333333333,2.477175233435624,0.7180294850975074,0.0,5
ws_5_k4_b03_s1,88,1,9261,1.2666666666666666,1.8333333333333333,2.477175233435624,0.7180294850975074,0.0,5
ws_5_k4_b03_s1,89,0,85229,1.2666666666666666,1.8333333333333333,2.477175233435624,0.7180294850975074,0.0,5
ws_5_k4_b03_s1,90,0,232372,1.2666666666666666,1.8333333333333333,2.477175233435624,0.7180294850975074,0.0,5
ws_5_k4_b03_s1,91,0,53361,1.2666666666666666,1.8333333333333333,2.477175233435624,0.7180294850975074,0.0,5
ws_5_k4_b03_s1,92,0,60311,1.2666666666666666,1.8333333333333333,2.477175233435624,0.7180294850975074,0.0,5
ws_5_k4_b03_s1,93,0,40371,1.2666666666666666,1.8333333333333333,2.477175233435624,0.7180294850975074,0.0,5
ws_5_k4_b03_s1,94,0,18278,1.2666666666666666,1.8333333333333333,2.477175233435624,0.7180294850975074,0.0,5
ws_5_k4_b03_s1,95,1,12887,1.2666666666666666,1.8333333333333333,2.477175233435624,0.7180294850975074,0.0,5
ws_5_k4_b03_s1,96,0,3415,1.2666666666666666,1.8333333333333333,2.477175233435624,0.7180294850975074,0.0,5
ws_5_k4_b03_s1,97,0,6189,1.2666666666666666,1.8333333333333333,2.477175233435624,0.7180294850975074,0.0,5
ws_5_k4_b03_s1,98,0,17249,1.2666666666666666,1.8333333333333333,2.477175233435624,0.7180294850975074,0.0,5
ws_5_k4_b03_s1,99,0,322454,1.2666666666666666,1.8333333333333333,2.477175233435624,0.7180294850975074,0.0,5
ws_6_k4_b05_s1,0,0,4878,1.4642857142857142,2.0,2.923794940695399,0.63462062045792,0.0,7
ws_6_k4_b05_s1,1,1,4817,1.4642857142857142,2.0,2.923794940695399,0.63462062045792,0.0,7
ws_6_k4_b05_s1,2,0,16808,1.4642857142857142,2.0,2.923794940695399,0.63462062045792,0.0,7
ws_6_k4_b05_s1,3,0,125323,1.4642857142857142,2.0,2.923794940695399,0.63462062045792,0.0,7
ws_6_k4_b05_s1,4,0,36043,1.4642857142857142,2.0,2.923794940695399,0.63462062045792,0.0,7
ws_6_k4_b05_s1,5,0,63628,1.4642857142857142,2.0,2.923794940695399,0.63462062045792,0.0,7
ws_6_k4_b05_s1,6,0,248414,1.4642857142857142,2.0,2.923794940695399,0.63462062045792,0.0,7
ws_6_k4_b05_s1,7,0,107942,1.4642857142857142,2.0,2.923794940695399,0.63462062045792,0.0,7
ws_6_k4_b05_s1,8,0,19358,1.4642857142857142,2.0,2.923794940695399,0.63462062045792,0.0,7
ws_6_k4_b05_s1,9,0,57329,1.4642857142857142,2.0,2.923794940695399,0.63462062045792,0.0,7
ws_6_k4_b05_s1,10,0,57004,1.4642857142857142,2.0,2.923794940695399,0.63462062045792,0.0,7
ws_6_k4_b05_s1,11,1,42654,1.4642857142857142,2.0,2.923794940695399,0.63462062045792,0.0,7
ws_6_k4_b05_s1,12,0,3779,1.4642857142857142,2.0,2.923794940695399,0.63462062045792,0.0,7
ws_6_k4_b05_s1,13,1,64580,1.4642857142857142,2.0,2.923794940695399,0.63462062045792,0.0,7
ws_6_k4_b05_s1,14,1,45311,1.4642857142857142,2.0,2.923794940695399,0.63462062045792,0.0,7
ws_6_k4_b05_s1,15,0,6748,1.4642857142857142,2.0,2.923794940695399,0.63462062045792,0.0,7
ws_6_k4_b05_s1,16,0,14882,1.4642857142857142,2.0,2.923794940695399,0.63462062045792,0.0,7
ws_6_k4_b05_s1,17,0,42728,1.4642857142857142,2.0,2.923794940695399,0.63462062045792,0.0,7
ws_6_k4_b05_s1,18,0,18983,1.4642857142857142,2.0,2.923794940695399,0.63462062045792,0.0,7
ws_6_k4_b05_s1,19,0,102412,1.4642857142857142,2.0,2.923794940695399,0.63462062045792,0.0,7
ws_6_k4_b05_s1,20,0,4022,1.4642857142857142,2.0,2.923794940695399,0.63462062045792,0.0,7
ws_6_k4_b05_s1,21,0,5305,1.4642857142857142,2.0,2.923794940695399,0.63462062045792,0.0,7
ws_6_k4_b05_s1,22,0,38557,1.4642857142857142,2.0,2.923794940695399,0.63462062045792,0.0,7
ws_6_k4_b05_s1,23,1,3198,1.4642857142857142,2.0,2.923794940695399,0.63462062045792,0.0,7
ws_6_k4_b05_s1,24,0,139694,1.4642857142857142,2.0,2.923794940695399,0.63462062045792,0.0,7
ws_6_k4_b05_s1,25,0,8148,1.4642857142857142,2.0,2.923794940695399,0.63462062045792,0.0,7
ws_6_k4_b05_s1,26,1,69437,1.4642857142857142,2.0,2.923794940695399,0.63462062045792,0.0,7
ws_6_k4_b05_s1,27,0,23238,1.4642857142857142,2.0,2.923794940695399,0.63462062045792,0.0,7
ws_6_k4_b05_s1,28,0,89312,1.4642857142857142,2.0,2.923794940695399,0.63462062045792,0.0,7
ws_6_k4_b05_s1,29,0,9601,1.4642857142857142,2.0,2.923794940695399,0.63462062045792,0.0,7
ws_6_k4_b05_s1,30,0,18526,1.4642857142857142,2.0,2.923794940695399,0.63462062045792,0.0,7
ws_6_k4_b05_s1,31,0,51710,1.4642857142857142,2.0,2.923794940695399,0.63462062045792,0.0,7
ws_6_k4_b05_s1,32,0,20399,1.4642857142857142,2.0,2.923794940695399,0.63462062045792,0.0,7
ws_6_k4_b05_s1,33,0,18191,1.4642857142857142,2.0,2.923794940695399,0.63462062045792,0.0,7
ws_6_k4_b05_s1,34,0,5597,1.4642857142857142,2.0,2.923794940695399,0.63462062045792,0.0,7
ws_6_k4_b05_s1,35,0,7091,1.4642857142857142,2.0,2.923794940695399,0.63462062045792,0.0,7
ws_6_k4_b05_s1,36,0,13250,1.4642857142857142,2.0,2.923794940695399,0.63462062045792,0.0,7
ws_6_k4_b05_s1,37,0,6892,1.4642857142857142,2.0,2.923794940695399,0.63462062045792,0.0,7
ws_6_k4_b05_s1,38,0,33432,1.4642857142857142,2.0,2.923794940695399,0.63462062045792,0.0,7
ws_6_k4_b05_s1,39,0,13182,1.4642857142857142,2.0,2.923794940695399,0.63462062045792,0.0,7
ws_6_k4_b05_s1,40,0,40503,1.4642857142857142,2.0,2.923794940695399,0.63462062045792,0.0,7
ws_6_k4_b05_s1,41,0,8678,1.4642857142857142,2.0,2.923794940695399,0.63462062045792,0.0,7
ws_6_k4_b05_s1,42,1,31698,1.4642857142857142,2.0,2.923794940695399,0.63462062045792,0.0,7
ws_6_k4_b05_s1,43,0,12810,1.4642857142857142,2.0,2.923794940695399,0.63462062045792,0.0,7
ws_6_k4_b05_s1,44,0,585575,1.4642857142857142,2.0,2.923794940695399,0.63462062045792,0.0,7
ws_6_k4_b05_s1,45,0,246688,1.4642857142857142,2.0,2.923794940695399,0.63462062045792,0.0,7
ws_6_k4_b05_s1,46,0,30097,1.4642857142857142,2.0,2.923794940695399,0.63462062045792,0.0,7
ws_6_k4_b05_s1,47,0,10982,1.4642857142857142,2.0,2.923794940695399,0.63462062045792,0.0,7
ws_6_k4_b05_s1,48,0,5414,1.4642857142857142,2.0,2.923794940695399,0.63462062045792,0.0,7
ws_6_k4_b05_s1,49,1,12071,1.4642857142857142,2.0,2.923794940695399,0.63462062045792,0.0,7
ws_6_k4_b05_s1,50,0,201019,1.4642857142857142,2.0,2.923794940695399,0.63462062045792,0.0,7
ws_6_k4_b05_s1,51,1,85266,1.4642857142857142,2.0,2.923794940695399,0.63462062045792,0.0,7
ws_6_k4_b05_s1,52,0,238780,1.4642857142857142,2.0,2.923794940695399,0.63462062045792,0.0,7
ws_6_k4_b05_s1,53,0,11352,1.4642857142857142,2.0,2.923794940695399,0.63462062045792,0.0,7
ws_6_k4_b05_s1,54,0,65844,1.4642857142857142,2.0,2.923794940695399,0.63462062045792,0.0,7
ws_6_k4_b05_s1,55,0,4101,1.4642857142857142,2.0,2.923794940695399,0.63462062045792,0.0,7
ws_6_k4_b05_s1,56,0,19422,1.4642857142857142,2.0,2.923794940695399,0.63462062045792,0.0,7
ws_6_k4_b05_s1,57,0,5898,1.4642857142857142,2.0,2.923794940695399,0.63462062045792,0.0,7
ws_6_k4_b05_s1,58,1,60027,1.4642857142857142,2.0,2.923794940695399,0.63462062045792,0.0,7
ws_6_k4_b05_s1,59,1,8339,1.4642857142857142,2.0,2.923794940695399,0.63462062045792,0.0,7
ws_6_k4_b05_s1,60,1,20822,1.4642857142857142,2.0,2.923794940695399,0.63462062045792,0.0,7
ws_6_k4_b05_s1,61,0,26617,1.4642857142857142,2.0,2.923794940695399,0.63462062045792,0.0,7
ws_6_k4_b05_s1,62,0,23744,1.4642857142857142,2.0,2.923794940695399,0.63462062045792,0.0,7
ws_6_k4_b05_s1,63,0,85649,1.4642857142857142,2.0,2.923794940695399,0.63462062045792,0.0,7
ws_6_k4_b05_s1,64,0,11853,1.4642857142857142,2.0,2.923794940695399,0.63462062045792,0.0,7
ws_6_k4_b05_s1,65,0,14737,1.4642857142857142,2.0,2.923794940695399,0.63462062045792,0.0,7
ws_6_k4_b05_s1,66,0,49797,1.4642857142857142,2.0,2.923794940695399,0.63462062045792,0.0,7
ws_6_k4_b05_s1,67,0,80112,1.4642857142857142,2.0,2.923794940695399,0.63462062045792,0.0,7
ws_6_k4_b05_s1,68,1,7097,1.4642857142857142,2.0,2.923794940695399,0.63462062045792,0.0,7
ws_6_k4_b05_s1,69,0,15912,1.4642857142857142,2.0,2.923794940695399,0.63462062045792,0.0,7
ws_6_k4_b05_s1,70,0,6096,1.4642857142857142,2.0,2.923794940695399,0.63462062045792,0.0,7
ws_6_k4_b05_s1,71,0,66989,1.4642857142857142,2.0,2.923794940695399,0.63462062045792,0.0,7
ws_6_k4_b05_s1,72,0,20980,1.4642857142857142,2.0,2.923794940695399,0.63462062045792,0.0,7
ws_6_k4_b05_s1,73,0,4795,1.4642857142857142,2.0,2.923794940695399,0.63462062045792,0.0,7
ws_6_k4_b05_s1,74,0,7721,1.4642857142857142,2.0,2.923794940695399,0.63462062045792,0.0,7
ws_6_k4_b05_s1,75,1,10978,1.4642857142857142,2.0,2.923794940695399,0.63462062045792,0.0,7
ws_6_k4_b05_s1,76,0,66606,1.4642857142857142,2.0,2.923794940695399,0.63462062045792,0.0,7
ws_6_k4_b05_s1,77,0,70847,1.4642857142857142,2.0,2.923794940695399,0.63462062045792,0.0,7
ws_6_k4_b05_s1,78,1,51841,1.4642857142857142,2.0,2.923794940695399,0.63462062045792,0.0,7
ws_6_k4_b05_s1,79,0,60012,1.4642857142857142,2.0,2.923794940695399,0.63462062045792,0.0,7
ws_6_k4_b05_s1,80,0,81963,1.4642857142857142,2.0,2.923794940695399,0.63462062045792,0.0,7
ws_6_k4_b05_s1,81,1,4040,1.4642857142857142,2.0,2.923794940695399,0.63462062045792,0.0,7
ws_6_k4_b05_s1,82,1,82516,1.4642857142857142,2.0,2.923794940695399,0.63462062045792,0.0,7
ws_6_k4_b05_s1,83,0,7547,1.4642857142857142,2.0,2.923794940695399,0.63462062045792,0.0,7
ws_6_k4_b05_s1,84,0,64618,1.4642857142857142,2.0,2.923794940695399,0.63462062045792,0.0,7
ws_6_k4_b05_s1,85,0,20485,1.4642857142857142,2.0,2.923794940695399,0.63462062045792,0.0,7
ws_6_k4_b05_s1,86,1,77952,1.4642857142857142,2.0,2.923794940695399,0.63462062045792,0.0,7
ws_6_k4_b05_s1,87,0,10933,1.4642857142857142,2.0,2.923794940695399,0.63462062045792,0.0,7
ws_6_k4_b05_s1,88,0,15013,1.4642857142857142,2.0,2.923794940695399,0.63462062045792,0.0,7
ws_6_k4_b05_s1,89,1,89152,1.4642857142857142,2.0,2.923794940695399,0.63462062045792,0.0,7
ws_6_k4_b05_s1,90,0,26867,1.4642857142857142,2.0,2.923794940695399,0.63462062045792,0.0,7
ws_6_k4_b05_s1,91,0,12380,1.4642857142857142,2.0,2.923794940695399,0.63462062045792,0.0,7
ws_6_k4_b05_s1,92,0,85741,1.4642857142857142,2.0,2.923794940695399,0.63462062045792,0.0,7
ws_6_k4_b05_s1,93,1,30135,1.4642857142857142,2.0,2.923794940695399,0.63462062045792,0.0,7
ws_6_k4_b05_s1,94,0,11459,1.4642857142857142,2.0,2.923794940695399,0.63462062045792,0.0,7
ws_6_k4_b05_s1,95,1,20005,1.4642857142857142,2.0,2.923794940695399,0.63462062045792,0.0,7
ws_6_k4_b05_s1,96,0,30782,1.4642857142857142,2.0,2.923794940695399,0.63462062045792,0.0,7
ws_6_k4_b05_s1,97,0,7928,1.4642857142857142,2.0,2.923794940695399,0.63462062045792,0.0,7
ws_6_k4_b05_s1,98,0,17562,1.4642857142857142,2.0,2.923794940695399,0.63462062045792,0.0,7
ws_6_k4_b05_s1,99,0,73690,1.4642857142857142,2.0,2.923794940695399,0.63462062045792,0.0,7
ws_7_k2_b03_s1,0,0,66927,2.0555555555555554,1.2222222222222223,3.1180782093497093,0.27538933856655734,0.0,8
ws_7_k2_b03_s1,1,0,6457,2.0555555555555554,1.2222222222222223,3.1180782093497093,0.27538933856655734,0.0,8
ws_7_k2_b03_s1,2,0,17623,2.0555555555555554,1.2222222222222223,3.1180782093497093,0.27538933856655734,0.0,8
ws_7_k2_b03_s1,3,0,113238,2.0555555555555554,1.2222222222222223,3.1180782093497093,0.27538933856655734,0.0,8
ws_7_k2_b03_s1,4,0,16887,2.0555555555555554,1.2222222222222223,3.1180782093497093,0.27538933856655734,0.0,8
ws_7_k2_b03_s1,5,0,110845,2.0555555555555554,1.2222222222222223,3.1180782093497093,0.27538933856655734,0.0,8
ws_7_k2_b03_s1,6,0,205783,2.0555555555555554,1.2222222222222223,3.1180782093497093,0.27538933856655734,0.0,8
ws_7_k2_b03_s1,7,0,90515,2.0555555555555554,1.2222222222222223,3.1180782093497093,0.27538933856655734,0.0,8
ws_7_k2_b03_s1,8,0,147476,2.0555555555555554,1.2222222222222223,3.1180782093497093,0.27538933856655734,0.0,8
ws_7_k2_b03_s1,9,0,54665,2.0555555555555554,1.2222222222222223,3.1180782093497093,0.27538933856655734,0.0,8
ws_7_k2_b03_s1,10,0,55298,2.0555555555555554,1.2222222222222223,3.1180782093497093,0.27538933856655734,0.0,8
ws_7_k2_b03_s1,11,0,51033,2.0555555555555554,1.2222222222222223,3.1180782093497093,0.27538933856655734,0.0,8
ws_7_k2_b03_s1,12,0,17469,2.0555555555555554,1.2222222222222223,3.1180782093497093,0.27538933856655734,0.0,8
ws_7_k2_b03_s1,13,1,64085,2.0555555555555554,1.2222222222222223,3.1180782093497093,0.27538933856655734,0.0,8
ws_7_k2_b03_s1,14,1,52536,2.0555555555555554,1.2222222222222223,3.1180782093497093,0.27538933856655734,0.0,8
ws_7_k2_b03_s1,15,0,7135,2.0555555555555554,1.2222222222222223,3.1180782093497093,0.27538933856655734,0.0,8
ws_7_k2_b03_s1,16,0,13016,2.0555555555555554,1.2222222222222223,3.1180782093497093,0.27538933856655734,0.0,8
ws_7_k2_b03_s1,17,0,61115,2.0555555555555554,1.2222222222222223,3.1180782093497093,0.27538933856655734,0.0,8
ws_7_k2_b03_s1,18,0,35569,2.0555555555555554,1.2222222222222223,3.1180782093497093,0.27538933856655734,0.0,8
ws_7_k2_b03_s1,19,0,95131,2.0555555555555554,1.2222222222222223,3.1180782093497093,0.27538933856655734,0.0,8
ws_7_k2_b03_s1,20,0,4667,2.0555555555555554,1.2222222222222223,3.1180782093497093,0.27538933856655734,0.0,8
ws_7_k2_b03_s1,21,0,15835,2.0555555555555554,1.2222222222222223,3.1180782093497093,0.27538933856655734,0.0,8
ws_7_k2_b03_s1,22,0,171373,2.0555555555555554,1.2222222222222223,3.1180782093497093,0.27538933856655734,0.0,8
ws_7_k2_b03_s1,23,1,3316,2.0555555555555554,1.2222222222222223,3.1180782093497093,0.27538933856655734,0.0,8
ws_7_k2_b03_s1,24,0,224348,2.0555555555555554,1.2222222222222223,3.1180782093497093,0.27538933856655734,0.0,8
ws_7_k2_b03_s1,25,0,16195,2.0555555555555554,1.2222222222222223,3.1180782093497093,0.27538933856655734,0.0,8
ws_7_k2_b03_s1,26,1,95842,2.0555555555555554,1.2222222222222223,3.1180782093497093,0.27538933856655734,0.0,8
ws_7_k2_b03_s1,27,0,15865,2.0555555555555554,1.2222222222222223,3.1180782093497093,0.27538933856655734,0.0,8
ws_7_k2_b03_s1,28,1,70378,2.0555555555555554,1.2222222222222223,3.1180782093497093,0.27538933856655734,0.0,8
ws_7_k2_b03_s1,29,0,22439,2.0555555555555554,1.2222222222222223,3.1180782093497093,0.27538933856655734,0.0,8
ws_7_k2_b03_s1,30,0,15714,2.0555555555555554,1.2222222222222223,3.1180782093497093,0.27538933856655734,0.0,8
ws_7_k2_b03_s1,31,0,77651,2.0555555555555554,1.2222222222222223,3.1180782093497093,0.27538933856655734,0.0,8
ws_7_k2_b03_s1,32,0,29201,2.0555555555555554,1.2222222222222223,3.1180782093497093,0.27538933856655734,0.0,8
ws_7_k2_b03_s1,33,1,88880,2.0555555555555554,1.2222222222222223,3.1180782093497093,0.27538933856655734,0.0,8
ws_7_k2_b03_s1,34,0,85656,2.0555555555555554,1.2222222222222223,3.1180782093497093,0.27538933856655734,0.0,8
ws_7_k2_b03_s1,35,0,9425,2.0555555555555554,1.2222222222222223,3.1180782093497093,0.27538933856655734,0.0,8
ws_7_k2_b03_s1,36,0,3259,2.0555555555555554,1.2222222222222223,3.1180782093497093,0.27538933856655734,0.0,8
ws_7_k2_b03_s1,37,0,11551,2.0555555555555554,1.2222222222222223,3.1180782093497093,0.27538933856655734,0.0,8
ws_7_k2_b03_s1,38,0,40494,2.0555555555555554,1.2222222222222223,3.1180782093497093,0.27538933856655734,0.0,8
ws_7_k2_b03_s1,39,0,17880,2.0555555555555554,1.2222222222222223,3.1180782093497093,0.27538933856655734,0.0,8
ws_7_k2_b03_s1,40,1,142486,2.0555555555555554,1.2222222222222223,3.1180782093497093,0.27538933856655734,0.0,8
ws_7_k2_b03_s1,41,0,14189,2.0555555555555554,1.2222222222222223,3.1180782093497093,0.27538933856655734,0.0,8
ws_7_k2_b03_s1,42,1,32395,2.0555555555555554,1.2222222222222223,3.1180782093497093,0.27538933856655734,0.0,8
ws_7_k2_b03_s1,43,0,21901,2.0555555555555554,1.2222222222222223,3.1180782093497093,0.27538933856655734,0.0,8
ws_7_k2_b03_s1,44,0,85941,2.0555555555555554,1.2222222222222223,3.1180782093497093,0.27538933856655734,0.0,8
ws_7_k2_b03_s1,45,0,246616,2.0555555555555554,1.2222222222222223,3.1180782093497093,0.27538933856655734,0.0,8
ws_7_k2_b03_s1,46,0,14707,2.0555555555555554,1.2222222222222223,3.1180782093497093,0.27538933856655734,0.0,8
ws_7_k2_b03_s1,47,1,57969,2.0555555555555554,1.2222222222222223,3.1180782093497093,0.27538933856655734,0.0,8
ws_7_k2_b03_s1,48,0,10713,2.0555555555555554,1.2222222222222223,3.1180782093497093,0.27538933856655734,0.0,8
ws_7_k2_b03_s1,49,1,14724,2.0555555555555554,1.2222222222222223,3.1180782093497093,0.27538933856655734,0.0,8
ws_7_k2_b03_s1,50,0,172125,2.0555555555555554,1.2222222222222223,3.1180782093497093,0.27538933856655734,0.0,8
ws_7_k2_b03_s1,51,1,51148,2.0555555555555554,1.2222222222222223,3.1180782093497093,0.27538933856655734,0.0,8
ws_7_k2_b03_s1,52,0,314463,2.0555555555555554,1.2222222222222223,3.1180782093497093,0.27538933856655734,0.0,8
ws_7_k2_b03_s1,53,0,14732,2.0555555555555554,1.2222222222222223,3.1180782093497093,0.27538933856655734,0.0,8
ws_7_k2_b03_s1,54,0,29623,2.0555555555555554,1.2222222222222223,3.1180782093497093,0.27538933856655734,0.0,8
ws_7_k2_b03_s1,55,0,13157,2.0555555555555554,1.2222222222222223,3.1180782093497093,0.27538933856655734,0.0,8
ws_7_k2_b03_s1,56,0,41558,2.0555555555555554,1.2222222222222223,3.1180782093497093,0.27538933856655734,0.0,8
ws_7_k2_b03_s1,57,0,11471,2.0555555555555554,1.2222222222222223,3.1180782093497093,0.27538933856655734,0.0,8
ws_7_k2_b03_s1,58,1,75406,2.0555555555555554,1.2222222222222223,3.1180782093497093,0.27538933856655734,0.0,8
ws_7_k2_b03_s1,59,0,7616,2.0555555555555554,1.2222222222222223,3.1180782093497093,0.27538933856655734,0.0,8
ws_7_k2_b03_s1,60,1,22034,2.0555555555555554,1.2222222222222223,3.1180782093497093,0.27538933856655734,0.0,8
ws_7_k2_b03_s1,61,0,69196,2.0555555555555554,1.2222222222222223,3.1180782093497093,0.27538933856655734,0.0,8
ws_7_k2_b03_s1,62,0,31432,2.0555555555555554,1.2222222222222223,3.1180782093497093,0.27538933856655734,0.0,8
ws_7_k2_b03_s1,63,0,157248,2.0555555555555554,1.2222222222222223,3.1180782093497093,0.27538933856655734,0.0,8
ws_7_k2_b03_s1,64,0,11931,2.0555555555555554,1.2222222222222223,3.1180782093497093,0.27538933856655734,0.0,8
ws_7_k2_b03_s1,65,0,22973,2.0555555555555554,1.2222222222222223,3.1180782093497093,0.27538933856655734,0.0,8
ws_7_k2_b03_s1,66,0,187633,2.0555555555555554,1.2222222222222223,3.1180782093497093,0.27538933856655734,0.0,8
ws_7_k2_b03_s1,67,0,43668,2.0555555555555554,1.2222222222222223,3.1180782093497093,0.27538933856655734,0.0,8
ws_7_k2_b03_s1,68,0,6177,2.0555555555555554,1.2222222222222223,3.1180782093497093,0.27538933856655734,0.0,8
ws_7_k2_b03_s1,69,0,14540,2.0555555555555554,1.2222222222222223,3.1180782093497093,0.27538933856655734,0.0,8
ws_7_k2_b03_s1,70,1,12160,2.0555555555555554,1.2222222222222223,3.1180782093497093,0.27538933856655734,0.0,8
ws_7_k2_b03_s1,71,0,18344,2.0555555555555554,1.2222222222222223,3.1180782093497093,0.27538933856655734,0.0,8
ws_7_k2_b03_s1,72,0,24238,2.0555555555555554,1.2222222222222223,3.1180782093497093,0.27538933856655734,0.0,8
ws_7_k2_b03_s1,73,0,8740,2.0555555555555554,1.2222222222222223,3.1180782093497093,0.27538933856655734,0.0,8
ws_7_k2_b03_s1,74,0,11663,2.0555555555555554,1.2222222222222223,3.1180782093497093,0.27538933856655734,0.0,8
ws_7_k2_b03_s1,75,1,23194,2.0555555555555554,1.2222222222222223,3.1180782093497093,0.27538933856655734,0.0,8
ws_7_k2_b03_s1,76,0,82085,2.0555555555555554,1.2222222222222223,3.1180782093497093,0.27538933856655734,0.0,8
ws_7_k2_b03_s1,77,0,76277,2.0555555555555554,1.2222222222222223,3.1180782093497093,0.27538933856655734,0.0,8
ws_7_k2_b03_s1,78,1,30680,2.0555555555555554,1.2222222222222223,3.1180782093497093,0.27538933856655734,0.0,8
ws_7_k2_b03_s1,79,1,59739,2.0555555555555554,1.2222222222222223,3.1180782093497093,0.27538933856655734,0.0,8
ws_7_k2_b03_s1,80,0,231837,2.0555555555555554,1.2222222222222223,3.1180782093497093,0.27538933856655734,0.0,8
ws_7_k2_b03_s1,81,1,4853,2.0555555555555554,1.2222222222222223,3.1180782093497093,0.27538933856655734,0.0,8
ws_7_k2_b03_s1,82,1,121549,2.0555555555555554,1.2222222222222223,3.1180782093497093,0.27538933856655734,0.0,8
ws_7_k2_b03_s1,83,0,5619,2.0555555555555554,1.2222222222222223,3.1180782093497093,0.27538933856655734,0.0,8
ws_7_k2_b03_s1,84,0,68255,2.0555555555555554,1.2222222222222223,3.1180782093497093,0.27538933856655734,0.0,8
ws_7_k2_b03_s1,85,0,17762,2.0555555555555554,1.2222222222222223,3.1180782093497093,0.27538933856655734,0.0,8
ws_7_k2_b03_s1,86,0,35484,2.0555555555555554,1.2222222222222223,3.1180782093497093,0.27538933856655734,0.0,8
ws_7_k2_b03_s1,87,0,17813,2.0555555555555554,1.2222222222222223,3.1180782093497093,0.27538933856655734,0.0,8
ws_7_k2_b03_s1,88,0,21302,2.0555555555555554,1.2222222222222223,3.1180782093497093,0.27538933856655734,0.0,8
ws_7_k2_b03_s1,89,1,88815,2.0555555555555554,1.2222222222222223,3.1180782093497093,0.27538933856655734,0.0,8
ws_7_k2_b03_s1,90,0,377282,2.0555555555555554,1.2222222222222223,3.1180782093497093,0.27538933856655734,0.0,8
ws_7_k2_b03_s1,91,0,15416,2.0555555555555554,1.2222222222222223,3.1180782093497093,0.27538933856655734,0.0,8
ws_7_k2_b03_s1,92,0,105165,2.0555555555555554,1.2222222222222223,3.1180782093497093,0.27538933856655734,0.0,8
ws_7_k2_b03_s1,93,0,83981,2.0555555555555554,1.2222222222222223,3.1180782093497093,0.27538933856655734,0.0,8
ws_7_k2_b03_s1,94,0,14915,2.0555555555555554,1.2222222222222223,3.1180782093497093,0.27538933856655734,0.0,8
ws_7_k2_b03_s1,95,1,48067,2.0555555555555554,1.2222222222222223,3.1180782093497093,0.27538933856655734,0.0,8
ws_7_k2_b03_s1,96,0,7794,2.0555555555555554,1.2222222222222223,3.1180782093497093,0.27538933856655734,0.0,8
ws_7_k2_b03_s1,97,0,13285,2.0555555555555554,1.2222222222222223,3.1180782093497093,0.27538933856655734,0.0,8
ws_7_k2_b03_s1,98,0,10938,2.0555555555555554,1.2222222222222223,3.1180782093497093,0.27538933856655734,0.0,8
ws_7_k2_b03_s1,99,0,42996,2.0555555555555554,1.2222222222222223,3.1180782093497093,0.27538933856655734,0.0,8
ws_7_k4_b03_s1,0,0,10703,1.4285714285714286,2.0,2.9414280318460246,0.665384183397208,0.0,7
ws_7_k4_b03_s1,1,1,4166,1.4285714285714286,2.0,2.9414280318460246,0.665384183397208,0.0,7
ws_7_k4_b03_s1,2,0,16657,1.4285714285714286,2.0,2.9414280318460246,0.665384183397208,0.0,7
ws_7_k4_b03_s1,3,0,74425,1.4285714285714286,2.0,2.9414280318460246,0.665384183397208,0.0,7
ws_7_k4_b03_s1,4,0,37607,1.4285714285714286,2.0,2.9414280318460246,0.665384183397208,0.0,7
ws_7_k4_b03_s1,5,1,65098,1.4285714285714286,2.0,2.9414280318460246,0.665384183397208,0.0,7
ws_7_k4_b03_s1,6,0,195329,1.4285714285714286,2.0,2.9414280318460246,0.665384183397208,0.0,7
ws_7_k4_b03_s1,7,0,280472,1.4285714285714286,2.0,2.9414280318460246,0.665384183397208,0.0,7
ws_7_k4_b03_s1,8,0,277973,1.4285714285714286,2.0,2.9414280318460246,0.665384183397208,0.0,7
ws_7_k4_b03_s1,9,0,34623,1.4285714285714286,2.0,2.9414280318460246,0.665384183397208,0.0,7
ws_7_k4_b03_s1,10,0,52300,1.4285714285714286,2.0,2.9414280318460246,0.665384183397208,0.0,7
ws_7_k4_b03_s1,11,1,35911,1.4285714285714286,2.0,2.9414280318460246,0.665384183397208,0.0,7
ws_7_k4_b03_s1,12,0,7571,1.4285714285714286,2.0,2.9414280318460246,0.665384183397208,0.0,7
ws_7_k4_b03_s1,13,1,66870,1.4285714285714286,2.0,2.9414280318460246,0.665384183397208,0.0,7
ws_7_k4_b03_s1,14,0,33321,1.4285714285714286,2.0,2.9414280318460246,0.665384183397208,0.0,7
ws_7_k4_b03_s1,15,0,8388,1.4285714285714286,2.0,2.9414280318460246,0.665384183397208,0.0,7
ws_7_k4_b03_s1,16,0,9688,1.4285714285714286,2.0,2.9414280318460246,0.665384183397208,0.0,7
ws_7_k4_b03_s1,17,0,36386,1.4285714285714286,2.0,2.9414280318460246,0.665384183397208,0.0,7
ws_7_k4_b03_s1,18,0,27077,1.4285714285714286,2.0,2.9414280318460246,0.665384183397208,0.0,7
ws_7_k4_b03_s1,19,0,59323,1.4285714285714286,2.0,2.9414280318460246,0.665384183397208,0.0,7
ws_7_k4_b03_s1,20,0,4616,1.4285714285714286,2.0,2.9414280318460246,0.665384183397208,0.0,7
ws_7_k4_b03_s1,21,0,8947,1.4285714285714286,2.0,2.9414280318460246,0.665384183397208,0.0,7
ws_7_k4_b03_s1,22,0,110974,1.4285714285714286,2.0,2.9414280318460246,0.665384183397208,0.0,7
ws_7_k4_b03_s1,23,1,4077,1.4285714285714286,2.0,2.9414280318460246,0.665384183397208,0.0,7
ws_7_k4_b03_s1,24,0,255270,1.4285714285714286,2.0,2.9414280318460246,0.665384183397208,0.0,7
ws_7_k4_b03_s1,25,0,14224,1.4285714285714286,2.0,2.9414280318460246,0.665384183397208,0.0,7
ws_7_k4_b03_s1,26,0,118237,1.4285714285714286,2.0,2.9414280318460246,0.665384183397208,0.0,7
ws_7_k4_b03_s1,27,0,20986,1.4285714285714286,2.0,2.9414280318460246,0.665384183397208,0.0,7
ws_7_k4_b03_s1,28,0,101254,1.4285714285714286,2.0,2.9414280318460246,0.665384183397208,0.0,7
ws_7_k4_b03_s1,29,0,23120,1.4285714285714286,2.0,2.9414280318460246,0.665384183397208,0.0,7
ws_7_k4_b03_s1,30,0,15519,1.4285714285714286,2.0,2.9414280318460246,0.665384183397208,0.0,7
ws_7_k4_b03_s1,31,0,53818,1.4285714285714286,2.0,2.9414280318460246,0.665384183397208,0.0,7
ws_7_k4_b03_s1,32,0,12699,1.4285714285714286,2.0,2.9414280318460246,0.665384183397208,0.0,7
ws_7_k4_b03_s1,33,1,57446,1.4285714285714286,2.0,2.9414280318460246,0.665384183397208,0.0,7
ws_7_k4_b03_s1,34,1,52225,1.4285714285714286,2.0,2.9414280318460246,0.665384183397208,0.0,7
ws_7_k4_b03_s1,35,0,7343,1.4285714285714286,2.0,2.9414280318460246,0.665384183397208,0.0,7
ws_7_k4_b03_s1,36,0,17642,1.4285714285714286,2.0,2.9414280318460246,0.665384183397208,0.0,7
ws_7_k4_b03_s1,37,0,5735,1.4285714285714286,2.0,2.9414280318460246,0.665384183397208,0.0,7
ws_7_k4_b03_s1,38,0,38854,1.4285714285714286,2.0,2.9414280318460246,0.665384183397208,0.0,7
ws_7_k4_b03_s1,39,0,19272,1.4285714285714286,2.0,2.9414280318460246,0.665384183397208,0.0,7
ws_7_k4_b03_s1,40,0,152101,1.4285714285714286,2.0,2.9414280318460246,0.665384183397208,0.0,7
ws_7_k4_b03_s1,41,0,13325,1.4285714285714286,2.0,2.9414280318460246,0.665384183397208,0.0,7
ws_7_k4_b03_s1,42,0,9725,1.4285714285714286,2.0,2.9414280318460246,0.665384183397208,0.0,7
ws_7_k4_b03_s1,43,0,18353,1.4285714285714286,2.0,2.9414280318460246,0.665384183397208,0.0,7
ws_7_k4_b03_s1,44,0,96370,1.4285714285714286,2.0,2.9414280318460246,0.665384183397208,0.0,7
ws_7_k4_b03_s1,45,0,144437,1.4285714285714286,2.0,2.9414280318460246,0.665384183397208,0.0,7
ws_7_k4_b03_s1,46,0,12024,1.4285714285714286,2.0,2.9414280318460246,0.665384183397208,0.0,7
ws_7_k4_b03_s1,47,0,20978,1.4285714285714286,2.0,2.9414280318460246,0.665384183397208,0.0,7
ws_7_k4_b03_s1,48,0,5619,1.4285714285714286,2.0,2.9414280318460246,0.665384183397208,0.0,7
ws_7_k4_b03_s1,49,1,13807,1.4285714285714286,2.0,2.9414280318460246,0.665384183397208,0.0,7
ws_7_k4_b03_s1,50,0,107578,1.4285714285714286,2.0,2.9414280318460246,0.665384183397208,0.0,7
ws_7_k4_b03_s1,51,1,134961,1.4285714285714286,2.0,2.9414280318460246,0.665384183397208,0.0,7
ws_7_k4_b03_s1,52,0,326865,1.4285714285714286,2.0,2.9414280318460246,0.665384183397208,0.0,7
ws_7_k4_b03_s1,53,0,14013,1.4285714285714286,2.0,2.9414280318460246,0.665384183397208,0.0,7
ws_7_k4_b03_s1,54,0,7014,1.4285714285714286,2.0,2.9414280318460246,0.665384183397208,0.0,7
ws_7_k4_b03_s1,55,0,25839,1.4285714285714286,2.0,2.9414280318460246,0.665384183397208,0.0,7
ws_7_k4_b03_s1,56,0,12685,1.4285714285714286,2.0,2.9414280318460246,0.665384183397208,0.0,7
ws_7_k4_b03_s1,57,0,11558,1.4285714285714286,2.0,2.9414280318460246,0.665384183397208,0.0,7
ws_7_k4_b03_s1,58,1,67614,1.4285714285714286,2.0,2.9414280318460246,0.665384183397208,0.0,7
ws_7_k4_b03_s1,59,0,6985,1.4285714285714286,2.0,2.9414280318460246,0.665384183397208,0.0,7
ws_7_k4_b03_s1,60,1,46845,1.4285714285714286,2.0,2.9414280318460246,0.665384183397208,0.0,7
ws_7_k4_b03_s1,61,0,36909,1.4285714285714286,2.0,2.9414280318460246,0.665384183397208,0.0,7
ws_7_k4_b03_s1,62,0,29019,1.4285714285714286,2.0,2.9414280318460246,0.665384183397208,0.0,7
ws_7_k4_b03_s1,63,0,149960,1.4285714285714286,2.0,2.9414280318460246,0.665384183397208,0.0,7
ws_7_k4_b03_s1,64,0,12231,1.4285714285714286,2.0,2.9414280318460246,0.665384183397208,0.0,7
ws_7_k4_b03_s1,65,0,20437,1.4285714285714286,2.0,2.9414280318460246,0.665384183397208,0.0,7
ws_7_k4_b03_s1,66,0,43028,1.4285714285714286,2.0,2.9414280318460246,0.665384183397208,0.0,7
ws_7_k4_b03_s1,67,0,33596,1.4285714285714286,2.0,2.9414280318460246,0.665384183397208,0.0,7
ws_7_k4_b03_s1,68,0,3000,1.4285714285714286,2.0,2.9414280318460246,0.665384183397208,0.0,7
ws_7_k4_b03_s1,69,0,10527,1.4285714285714286,2.0,2.9414280318460246,0.665384183397208,0.0,7
ws_7_k4_b03_s1,70,0,6293,1.4285714285714286,2.0,2.9414280318460246,0.665384183397208,0.0,7
ws_7_k4_b03_s1,71,0,44343,1.4285714285714286,2.0,2.9414280318460246,0.665384183397208,0.0,7
ws_7_k4_b03_s1,72,0,5786,1.4285714285714286,2.0,2.9414280318460246,0.665384183397208,0.0,7
ws_7_k4_b03_s1,73,0,15379,1.4285714285714286,2.0,2.9414280318460246,0.665384183397208,0.0,7
ws_7_k4_b03_s1,74,0,2658,1.4285714285714286,2.0,2.9414280318460246,0.665384183397208,0.0,7
ws_7_k4_b03_s1,75,1,16356,1.4285714285714286,2.0,2.9414280318460246,0.665384183397208,0.0,7
ws_7_k4_b03_s1,76,0,17795,1.4285714285714286,2.0,2.9414280318460246,0.665384183397208,0.0,7
ws_7_k4_b03_s1,77,0,91474,1.4285714285714286,2.0,2.9414280318460246,0.665384183397208,0.0,7
ws_7_k4_b03_s1,78,0,82731,1.4285714285714286,2.0,2.9414280318460246,0.665384183397208,0.0,7
ws_7_k4_b03_s1,79,1,26594,1.4285714285714286,2.0,2.9414280318460246,0.665384183397208,0.0,7
ws_7_k4_b03_s1,80,0,128563,1.4285714285714286,2.0,2.9414280318460246,0.665384183397208,0.0,7
ws_7_k4_b03_s1,81,1,2824,1.4285714285714286,2.0,2.9414280318460246,0.665384183397208,0.0,7
ws_7_k4_b03_s1,82,0,67966,1.4285714285714286,2.0,2.9414280318460246,0.665384183397208,0.0,7
ws_7_k4_b03_s1,83,0,6425,1.4285714285714286,2.0,2.9414280318460246,0.665384183397208,0.0,7
ws_7_k4_b03_s1,84,0,64332,1.4285714285714286,2.0,2.9414280318460246,0.665384183397208,0.0,7
ws_7_k4_b03_s1,85,0,23912,1.4285714285714286,2.0,2.9414280318460246,0.665384183397208,0.0,7
ws_7_k4_b03_s1,86,0,16678,1.4285714285714286,2.0,2.9414280318460246,0.665384183397208,0.0,7
ws_7_k4_b03_s1,87,0,19653,1.4285714285714286,2.0,2.9414280318460246,0.665384183397208,0.0,7
ws_7_k4_b03_s1,88,0,15436,1.4285714285714286,2.0,2.9414280318460246,0.665384183397208,0.0,7
ws_7_k4_b03_s1,89,0,266280,1.4285714285714286,2.0,2.9414280318460246,0.665384183397208,0.0,7
ws_7_k4_b03_s1,90,0,167658,1.4285714285714286,2.0,2.9414280318460246,0.665384183397208,0.0,7
ws_7_k4_b03_s1,91,0,8515,1.4285714285714286,2.0,2.9414280318460246,0.665384183397208,0.0,7
ws_7_k4_b03_s1,92,0,101347,1.4285714285714286,2.0,2.9414280318460246,0.665384183397208,0.0,7
ws_7_k4_b03_s1,93,1,68938,1.4285714285714286,2.0,2.9414280318460246,0.665384183397208,0.0,7
ws_7_k4_b03_s1,94,0,9334,1.4285714285714286,2.0,2.9414280318460246,0.665384183397208,0.0,7
ws_7_k4_b03_s1,95,0,25141,1.4285714285714286,2.0,2.9414280318460246,0.665384183397208,0.0,7
ws_7_k4_b03_s1,96,0,4482,1.4285714285714286,2.0,2.9414280318460246,0.665384183397208,0.0,7
ws_7_k4_b03_s1,97,0,7881,1.4285714285714286,2.0,2.9414280318460246,0.665384183397208,0.0,7
ws_7_k4_b03_s1,98,0,18244,1.4285714285714286,2.0,2.9414280318460246,0.665384183397208,0.0,7
ws_7_k4_b03_s1,99,1,320965,1.4285714285714286,2.0,2.9414280318460246,0.665384183397208,0.0,7
ws_7_k6_b03_s1,0,0,24936,1.2142857142857142,2.75,2.89783765317446,0.7283797258124866,0.0,7
ws_7_k6_b03_s1,1,1,6761,1.2142857142857142,2.75,2.89783765317446,0.7283797258124866,0.0,7
ws_7_k6_b03_s1,2,0,11447,1.2142857142857142,2.75,2.89783765317446,0.7283797258124866,0.0,7
ws_7_k6_b03_s1,3,0,92339,1.2142857142857142,2.75,2.89783765317446,0.7283797258124866,0.0,7
ws_7_k6_b03_s1,4,0,142331,1.2142857142857142,2.75,2.89783765317446,0.7283797258124866,0.0,7
ws_7_k6_b03_s1,5,1,39857,1.2142857142857142,2.75,2.89783765317446,0.7283797258124866,0.0,7
ws_7_k6_b03_s1,6,0,138976,1.2142857142857142,2.75,2.89783765317446,0.7283797258124866,0.0,7
ws_7_k6_b03_s1,7,0,161297,1.2142857142857142,2.75,2.89783765317446,0.7283797258124866,0.0,7
ws_7_k6_b03_s1,8,0,64062,1.2142857142857142,2.75,2.89783765317446,0.7283797258124866,0.0,7
ws_7_k6_b03_s1,9,0,31854,1.2142857142857142,2.75,2.89783765317446,0.7283797258124866,0.0,7
ws_7_k6_b03_s1,10,0,29952,1.2142857142857142,2.75,2.89783765317446,0.7283797258124866,0.0,7
ws_7_k6_b03_s1,11,1,16569,1.2142857142857142,2.75,2.89783765317446,0.7283797258124866,0.0,7
ws_7_k6_b03_s1,12,0,7407,1.2142857142857142,2.75,2.89783765317446,0.7283797258124866,0.0,7
ws_7_k6_b03_s1,13,1,28720,1.2142857142857142,2.75,2.89783765317446,0.7283797258124866,0.0,7
ws_7_k6_b03_s1,14,1,37711,1.2142857142857142,2.75,2.89783765317446,0.7283797258124866,0.0,7
ws_7_k6_b03_s1,15,0,7484,1.2142857142857142,2.75,2.89783765317446,0.7283797258124866,0.0,7
ws_7_k6_b03_s1,16,1,58492,1.2142857142857142,2.75,2.89783765317446,0.7283797258124866,0.0,7
ws_7_k6_b03_s1,17,0,20459,1.2142857142857142,2.75,2.89783765317446,0.7283797258124866,0.0,7
ws_7_k6_b03_s1,18,0,20477,1.2142857142857142,2.75,2.89783765317446,0.7283797258124866,0.0,7
ws_7_k6_b03_s1,19,0,112057,1.2142857142857142,2.75,2.89783765317446,0.7283797258124866,0.0,7
ws_7_k6_b03_s1,20,0,6412,1.2142857142857142,2.75,2.89783765317446,0.7283797258124866,0.0,7
ws_7_k6_b03_s1,21,0,12183,1.2142857142857142,2.75,2.89783765317446,0.7283797258124866,0.0,7
ws_7_k6_b03_s1,22,1,22880,1.2142857142857142,2.75,2.89783765317446,0.7283797258124866,0.0,7
ws_7_k6_b03_s1,23,1,7227,1.2142857142857142,2.75,2.89783765317446,0.7283797258124866,0.0,7
ws_7_k6_b03_s1,24,0,148264,1.2142857142857142,2.75,2.89783765317446,0.7283797258124866,0.0,7
ws_7_k6_b03_s1,25,0,25338,1.2142857142857142,2.75,2.89783765317446,0.7283797258124866,0.0,7
ws_7_k6_b03_s1,26,1,56798,1.2142857142857142,2.75,2.89783765317446,0.7283797258124866,0.0,7
ws_7_k6_b03_s1,27,0,29484,1.2142857142857142,2.75,2.89783765317446,0.7283797258124866,0.0,7
ws_7_k6_b03_s1,28,0,81204,1.2142857142857142,2.75,2.89783765317446,0.7283797258124866,0.0,7
ws_7_k6_b03_s1,29,0,25579,1.2142857142857142,2.75,2.89783765317446,0.7283797258124866,0.0,7
ws_7_k6_b03_s1,30,0,19763,1.2142857142857142,2.75,2.89783765317446,0.7283797258124866,0.0,7
ws_7_k6_b03_s1,31,0,43927,1.2142857142857142,2.75,2.89783765317446,0.7283797258124866,0.0,7
ws_7_k6_b03_s1,32,0,25248,1.2142857142857142,2.75,2.89783765317446,0.7283797258124866,0.0,7
ws_7_k6_b03_s1,33,1,18496,1.2142857142857142,2.75,2.89783765317446,0.7283797258124866,0.0,7
ws_7_k6_b03_s1,34,0,59336,1.2142857142857142,2.75,2.89783765317446,0.7283797258124866,0.0,7
ws_7_k6_b03_s1,35,0,8541,1.2142857142857142,2.75,2.89783765317446,0.7283797258124866,0.0,7
ws_7_k6_b03_s1,36,0,6690,1.2142857142857142,2.75,2.89783765317446,0.7283797258124866,0.0,7
ws_7_k6_b03_s1,37,0,6373,1.2142857142857142,2.75,2.89783765317446,0.7283797258124866,0.0,7
ws_7_k6_b03_s1,38,0,38936,1.2142857142857142,2.75,2.89783765317446,0.7283797258124866,0.0,7
ws_7_k6_b03_s1,39,0,12956,1.2142857142857142,2.75,2.89783765317446,0.7283797258124866,0.0,7
ws_7_k6_b03_s1,40,0,136286,1.2142857142857142,2.75,2.89783765317446,0.7283797258124866,0.0,7
ws_7_k6_b03_s1,41,0,16099,1.2142857142857142,2.75,2.89783765317446,0.7283797258124866,0.0,7
ws_7_k6_b03_s1,42,0,14894,1.2142857142857142,2.75,2.89783765317446,0.7283797258124866,0.0,7
ws_7_k6_b03_s1,43,0,18534,1.2142857142857142,2.75,2.89783765317446,0.7283797258124866,0.0,7
ws_7_k6_b03_s1,44,0,216646,1.2142857142857142,2.75,2.89783765317446,0.7283797258124866,0.0,7
ws_7_k6_b03_s1,45,0,300103,1.2142857142857142,2.75,2.89783765317446,0.7283797258124866,0.0,7
ws_7_k6_b03_s1,46,0,13919,1.2142857142857142,2.75,2.89783765317446,0.7283797258124866,0.0,7
ws_7_k6_b03_s1,47,0,33849,1.2142857142857142,2.75,2.89783765317446,0.7283797258124866,0.0,7
ws_7_k6_b03_s1,48,0,6539,1.2142857142857142,2.75,2.89783765317446,0.7283797258124866,0.0,7
ws_7_k6_b03_s1,49,1,13372,1.2142857142857142,2.75,2.89783765317446,0.7283797258124866,0.0,7
ws_7_k6_b03_s1,50,0,103430,1.2142857142857142,2.75,2.89783765317446,0.7283797258124866,0.0,7
ws_7_k6_b03_s1,51,0,86611,1.2142857142857142,2.75,2.89783765317446,0.7283797258124866,0.0,7
ws_7_k6_b03_s1,52,0,115969,1.2142857142857142,2.75,2.89783765317446,0.7283797258124866,0.0,7
ws_7_k6_b03_s1,53,0,13817,1.2142857142857142,2.75,2.89783765317446,0.7283797258124866,0.0,7
ws_7_k6_b03_s1,54,0,35816,1.2142857142857142,2.75,2.89783765317446,0.7283797258124866,0.0,7
ws_7_k6_b03_s1,55,0,5172,1.2142857142857142,2.75,2.89783765317446,0.7283797258124866,0.0,7
ws_7_k6_b03_s1,56,0,22207,1.2142857142857142,2.75,2.89783765317446,0.7283797258124866,0.0,7
ws_7_k6_b03_s1,57,0,18477,1.2142857142857142,2.75,2.89783765317446,0.7283797258124866,0.0,7
ws_7_k6_b03_s1,58,0,57227,1.2142857142857142,2.75,2.89783765317446,0.7283797258124866,0.0,7
ws_7_k6_b03_s1,59,0,9409,1.2142857142857142,2.75,2.89783765317446,0.7283797258124866,0.0,7
ws_7_k6_b03_s1,60,1,27352,1.2142857142857142,2.75,2.89783765317446,0.7283797258124866,0.0,7
ws_7_k6_b03_s1,61,0,41536,1.2142857142857142,2.75,2.89783765317446,0.7283797258124866,0.0,7
ws_7_k6_b03_s1,62,0,16341,1.2142857142857142,2.75,2.89783765317446,0.7283797258124866,0.0,7
ws_7_k6_b03_s1,63,0,134746,1.2142857142857142,2.75,2.89783765317446,0.7283797258124866,0.0,7
ws_7_k6_b03_s1,64,0,6323,1.2142857142857142,2.75,2.89783765317446,0.7283797258124866,0.0,7
ws_7_k6_b03_s1,65,0,15656,1.2142857142857142,2.75,2.89783765317446,0.7283797258124866,0.0,7
ws_7_k6_b03_s1,66,0,20524,1.2142857142857142,2.75,2.89783765317446,0.7283797258124866,0.0,7
ws_7_k6_b03_s1,67,0,18136,1.2142857142857142,2.75,2.89783765317446,0.7283797258124866,0.0,7
ws_7_k6_b03_s1,68,0,6432,1.2142857142857142,2.75,2.89783765317446,0.7283797258124866,0.0,7
ws_7_k6_b03_s1,69,0,6957,1.2142857142857142,2.75,2.89783765317446,0.7283797258124866,0.0,7
ws_7_k6_b03_s1,70,0,6817,1.2142857142857142,2.75,2.89783765317446,0.7283797258124866,0.0,7
ws_7_k6_b03_s1,71,0,31013,1.2142857142857142,2.75,2.89783765317446,0.7283797258124866,0.0,7
ws_7_k6_b03_s1,72,0,9679,1.2142857142857142,2.75,2.89783765317446,0.7283797258124866,0.0,7
ws_7_k6_b03_s1,73,0,4785,1.2142857142857142,2.75,2.89783765317446,0.7283797258124866,0.0,7
ws_7_k6_b03_s1,74,0,2211,1.2142857142857142,2.75,2.89783765317446,0.7283797258124866,0.0,7
ws_7_k6_b03_s1,75,1,24991,1.2142857142857142,2.75,2.89783765317446,0.7283797258124866,0.0,7
ws_7_k6_b03_s1,76,0,66046,1.2142857142857142,2.75,2.89783765317446,0.7283797258124866,0.0,7
ws_7_k6_b03_s1,77,0,40312,1.2142857142857142,2.75,2.89783765317446,0.7283797258124866,0.0,7
ws_7_k6_b03_s1,78,1,21338,1.2142857142857142,2.75,2.89783765317446,0.7283797258124866,0.0,7
ws_7_k6_b03_s1,79,1,74296,1.2142857142857142,2.75,2.89783765317446,0.7283797258124866,0.0,7
ws_7_k6_b03_s1,80,0,0,1.2142857142857142,2.75,2.89783765317446,0.7283797258124866,0.0,7
ws_7_k6_b03_s1,81,1,7244,1.2142857142857142,2.75,2.89783765317446,0.7283797258124866,0.0,7
ws_7_k6_b03_s1,82,1,78344,1.2142857142857142,2.75,2.89783765317446,0.7283797258124866,0.0,7
ws_7_k6_b03_s1,83,0,4802,1.2142857142857142,2.75,2.89783765317446,0.7283797258124866,0.0,7
ws_7_k6_b03_s1,84,0,57232,1.2142857142857142,2.75,2.89783765317446,0.7283797258124866,0.0,7
ws_7_k6_b03_s1,85,0,16149,1.2142857142857142,2.75,2.89783765317446,0.7283797258124866,0.0,7
ws_7_k6_b03_s1,86,0,24758,1.2142857142857142,2.75,2.89783765317446,0.7283797258124866,0.0,7
ws_7_k6_b03_s1,87,0,13256,1.2142857142857142,2.75,2.89783765317446,0.7283797258124866,0.0,7
ws_7_k6_b03_s1,88,0,17524,1.2142857142857142,2.75,2.89783765317446,0.7283797258124866,0.0,7
ws_7_k6_b03_s1,89,1,145283,1.2142857142857142,2.75,2.89783765317446,0.7283797258124866,0.0,7
ws_7_k6_b03_s1,90,0,60866,1.2142857142857142,2.75,2.89783765317446,0.7283797258124866,0.0,7
ws_7_k6_b03_s1,91,0,43323,1.2142857142857142,2.75,2.89783765317446,0.7283797258124866,0.0,7
ws_7_k6_b03_s1,92,0,87100,1.2142857142857142,2.75,2.89783765317446,0.7283797258124866,0.0,7
ws_7_k6_b03_s1,93,1,91515,1.2142857142857142,2.75,2.89783765317446,0.7283797258124866,0.0,7
ws_7_k6_b03_s1,94,0,11224,1.2142857142857142,2.75,2.89783765317446,0.7283797258124866,0.0,7
ws_7_k6_b03_s1,95,0,7450,1.2142857142857142,2.75,2.89783765317446,0.7283797258124866,0.0,7
ws_7_k6_b03_s1,96,0,11883,1.2142857142857142,2.75,2.89783765317446,0.7283797258124866,0.0,7
ws_7_k6_b03_s1,97,0,5197,1.2142857142857142,2.75,2.89783765317446,0.7283797258124866,0.0,7
ws_7_k6_b03_s1,98,0,10588,1.2142857142857142,2.75,2.89783765317446,0.7283797258124866,0.0,7
ws_7_k6_b03_s1,99,1,78651,1.2142857142857142,2.75,2.89783765317446,0.7283797258124866,0.0,7
